Device: cuda
GPU: NVIDIA GeForce RTX 5090
Dataset: 7481 | train=5984 val=1497
Trainable parameters (head only): 1,259,723
Batch size: 64 | workers: 16 | AMP: False | pin_memory: True

=== Epoch 1/200 ===
  iter 10/93 | loss=1.9232 | grad_norm=1.414
  iter 20/93 | loss=1.7764 | grad_norm=2.047
  iter 30/93 | loss=1.5668 | grad_norm=3.424
  iter 40/93 | loss=1.5001 | grad_norm=3.171
  iter 50/93 | loss=1.4260 | grad_norm=2.084
  iter 60/93 | loss=1.4263 | grad_norm=2.210
  iter 70/93 | loss=1.5235 | grad_norm=2.197
  iter 80/93 | loss=1.5874 | grad_norm=3.933
  iter 90/93 | loss=1.6100 | grad_norm=2.603
  iter 93/93 | loss=1.5483 | grad_norm=1.691
  epoch_time=101.3s | samples/s=73.6 | lr=2.03e-04 | grad_norm_mean=2.396 | peak_gpu=9971 MB | nan_batches: train=0 val=0
[train] loss=1.6368 (cls=0.7135 reg=0.0791 iou_l=0.8442) | acc=0.846 | mIoU=0.156 IoU@0.5=0.051 IoU@0.7=0.002
       per-class: vehicle P=0.87/R=0.97 | pedestrian P=0.93/R=0.15 | cyclist P=0.01/R=0.01
       box MAE (m): h=0.727, w=0.399, l=1.350, x=4.806, y=0.547, z=14.075, ry=1.749
[val  ] loss=1.4867 (cls=0.6314 reg=0.0673 iou_l=0.7880) | acc=0.901 | mIoU=0.212 IoU@0.5=0.045 IoU@0.7=0.003
       per-class: vehicle P=0.90/R=1.00 | pedestrian P=0.98/R=0.44 | cyclist P=0.00/R=0.00
       box MAE (m): h=0.557, w=0.284, l=1.271, x=4.013, y=0.218, z=11.698, ry=1.533
  ** new best mean IoU on val: 0.2120 -> saved best_object_detection_model_run6_200epochs.pth

=== Epoch 2/200 ===
  iter 10/93 | loss=1.5666 | grad_norm=1.460
  iter 20/93 | loss=1.3392 | grad_norm=3.093
  iter 30/93 | loss=1.2853 | grad_norm=2.822
  iter 40/93 | loss=1.2955 | grad_norm=2.672
  iter 50/93 | loss=1.4857 | grad_norm=3.483
  iter 60/93 | loss=1.5080 | grad_norm=2.240
  iter 70/93 | loss=1.4561 | grad_norm=1.512
  iter 80/93 | loss=1.5236 | grad_norm=3.313
  iter 90/93 | loss=1.4243 | grad_norm=2.362
  iter 93/93 | loss=1.2506 | grad_norm=2.619
  epoch_time=70.5s | samples/s=105.7 | lr=2.66e-04 | grad_norm_mean=2.832 | peak_gpu=9971 MB | nan_batches: train=0 val=0
[train] loss=1.4144 (cls=0.5628 reg=0.0688 iou_l=0.7828) | acc=0.912 | mIoU=0.217 IoU@0.5=0.077 IoU@0.7=0.004
       per-class: vehicle P=0.91/R=0.99 | pedestrian P=0.90/R=0.53 | cyclist P=0.00/R=0.00
       box MAE (m): h=0.584, w=0.242, l=1.064, x=4.204, y=0.209, z=12.560, ry=1.513
[val  ] loss=1.3883 (cls=0.5520 reg=0.0665 iou_l=0.7697) | acc=0.908 | mIoU=0.230 IoU@0.5=0.099 IoU@0.7=0.008
       per-class: vehicle P=0.91/R=0.99 | pedestrian P=0.90/R=0.54 | cyclist P=0.00/R=0.00
       box MAE (m): h=0.522, w=0.243, l=1.189, x=4.038, y=0.199, z=11.624, ry=1.692
  ** new best mean IoU on val: 0.2303 -> saved best_object_detection_model_run6_200epochs.pth

=== Epoch 3/200 ===
  iter 10/93 | loss=1.4920 | grad_norm=2.562
  iter 20/93 | loss=1.5632 | grad_norm=2.464
  iter 30/93 | loss=1.3546 | grad_norm=2.706
  iter 40/93 | loss=1.3462 | grad_norm=2.370
  iter 50/93 | loss=1.5041 | grad_norm=3.116
  iter 60/93 | loss=1.4321 | grad_norm=4.153
  iter 70/93 | loss=1.2367 | grad_norm=2.581
  iter 80/93 | loss=1.5986 | grad_norm=2.449
  iter 90/93 | loss=1.1202 | grad_norm=3.534
  iter 93/93 | loss=1.4578 | grad_norm=1.832
  epoch_time=70.5s | samples/s=105.6 | lr=3.29e-04 | grad_norm_mean=2.838 | peak_gpu=9971 MB | nan_batches: train=0 val=0
[train] loss=1.3811 (cls=0.5318 reg=0.0681 iou_l=0.7811) | acc=0.911 | mIoU=0.219 IoU@0.5=0.081 IoU@0.7=0.004
       per-class: vehicle P=0.92/R=0.98 | pedestrian P=0.83/R=0.59 | cyclist P=0.00/R=0.00
       box MAE (m): h=0.612, w=0.243, l=1.066, x=4.194, y=0.209, z=12.515, ry=1.588
[val  ] loss=1.3827 (cls=0.5311 reg=0.0658 iou_l=0.7858) | acc=0.914 | mIoU=0.214 IoU@0.5=0.051 IoU@0.7=0.004
       per-class: vehicle P=0.91/R=0.99 | pedestrian P=0.94/R=0.56 | cyclist P=1.00/R=0.05
       box MAE (m): h=0.684, w=0.304, l=1.114, x=3.920, y=0.188, z=11.563, ry=1.550

=== Epoch 4/200 ===
  iter 10/93 | loss=1.3366 | grad_norm=1.560
  iter 20/93 | loss=1.1288 | grad_norm=2.922
  iter 30/93 | loss=1.4504 | grad_norm=2.359
  iter 40/93 | loss=1.3373 | grad_norm=1.820
  iter 50/93 | loss=1.2779 | grad_norm=3.242
  iter 60/93 | loss=1.2652 | grad_norm=2.813
  iter 70/93 | loss=1.4001 | grad_norm=2.205
  iter 80/93 | loss=1.5326 | grad_norm=2.289
  iter 90/93 | loss=1.3888 | grad_norm=3.474
  iter 93/93 | loss=1.3545 | grad_norm=3.963
  epoch_time=70.4s | samples/s=105.8 | lr=3.92e-04 | grad_norm_mean=2.888 | peak_gpu=9971 MB | nan_batches: train=0 val=0
[train] loss=1.3680 (cls=0.5249 reg=0.0673 iou_l=0.7757) | acc=0.913 | mIoU=0.224 IoU@0.5=0.082 IoU@0.7=0.004
       per-class: vehicle P=0.92/R=0.98 | pedestrian P=0.82/R=0.61 | cyclist P=1.00/R=0.02
       box MAE (m): h=0.618, w=0.244, l=1.075, x=4.084, y=0.200, z=12.263, ry=1.584
[val  ] loss=1.3820 (cls=0.5430 reg=0.0652 iou_l=0.7738) | acc=0.895 | mIoU=0.226 IoU@0.5=0.081 IoU@0.7=0.003
       per-class: vehicle P=0.92/R=0.96 | pedestrian P=0.68/R=0.65 | cyclist P=1.00/R=0.07
       box MAE (m): h=0.424, w=0.263, l=1.242, x=4.024, y=0.192, z=11.080, ry=1.777

=== Epoch 5/200 ===
  iter 10/93 | loss=1.4923 | grad_norm=1.963
  iter 20/93 | loss=1.2907 | grad_norm=1.770
  iter 30/93 | loss=1.3893 | grad_norm=2.346
  iter 40/93 | loss=1.2662 | grad_norm=2.120
  iter 50/93 | loss=1.3247 | grad_norm=1.924
  iter 60/93 | loss=1.2976 | grad_norm=3.048
  iter 70/93 | loss=1.5276 | grad_norm=2.071
  iter 80/93 | loss=1.1850 | grad_norm=2.570
  iter 90/93 | loss=1.2690 | grad_norm=2.503
  iter 93/93 | loss=1.2122 | grad_norm=3.055
  epoch_time=70.4s | samples/s=105.8 | lr=4.55e-04 | grad_norm_mean=2.863 | peak_gpu=9971 MB | nan_batches: train=0 val=0
[train] loss=1.3556 (cls=0.5160 reg=0.0668 iou_l=0.7728) | acc=0.913 | mIoU=0.227 IoU@0.5=0.091 IoU@0.7=0.006
       per-class: vehicle P=0.92/R=0.98 | pedestrian P=0.83/R=0.61 | cyclist P=0.75/R=0.02
       box MAE (m): h=0.613, w=0.226, l=1.049, x=4.083, y=0.201, z=12.024, ry=1.594
[val  ] loss=1.3355 (cls=0.5129 reg=0.0637 iou_l=0.7589) | acc=0.906 | mIoU=0.241 IoU@0.5=0.098 IoU@0.7=0.005
       per-class: vehicle P=0.92/R=0.98 | pedestrian P=0.78/R=0.60 | cyclist P=1.00/R=0.12
       box MAE (m): h=0.558, w=0.213, l=1.013, x=3.807, y=0.199, z=10.591, ry=1.440
  ** new best mean IoU on val: 0.2411 -> saved best_object_detection_model_run6_200epochs.pth

=== Epoch 6/200 ===
  iter 10/93 | loss=1.4535 | grad_norm=1.952
  iter 20/93 | loss=1.2458 | grad_norm=1.998
  iter 30/93 | loss=1.3357 | grad_norm=2.855
  iter 40/93 | loss=1.3717 | grad_norm=2.558
  iter 50/93 | loss=1.4683 | grad_norm=3.072
  iter 60/93 | loss=1.4880 | grad_norm=2.026
  iter 70/93 | loss=1.3949 | grad_norm=2.746
  iter 80/93 | loss=1.7491 | grad_norm=2.754
  iter 90/93 | loss=1.1744 | grad_norm=3.431
  iter 93/93 | loss=1.5383 | grad_norm=3.111
  epoch_time=70.3s | samples/s=106.0 | lr=5.18e-04 | grad_norm_mean=2.797 | peak_gpu=9971 MB | nan_batches: train=0 val=0
[train] loss=1.3424 (cls=0.5038 reg=0.0662 iou_l=0.7724) | acc=0.916 | mIoU=0.228 IoU@0.5=0.083 IoU@0.7=0.005
       per-class: vehicle P=0.92/R=0.98 | pedestrian P=0.85/R=0.62 | cyclist P=0.43/R=0.02
       box MAE (m): h=0.637, w=0.225, l=1.107, x=4.063, y=0.199, z=11.928, ry=1.578
[val  ] loss=1.3254 (cls=0.5026 reg=0.0639 iou_l=0.7590) | acc=0.915 | mIoU=0.241 IoU@0.5=0.108 IoU@0.7=0.005
       per-class: vehicle P=0.92/R=0.99 | pedestrian P=0.87/R=0.61 | cyclist P=1.00/R=0.12
       box MAE (m): h=0.524, w=0.247, l=1.004, x=3.919, y=0.185, z=10.312, ry=1.486

=== Epoch 7/200 ===
  iter 10/93 | loss=1.1305 | grad_norm=1.971
  iter 20/93 | loss=1.5317 | grad_norm=2.424
  iter 30/93 | loss=1.3696 | grad_norm=2.713
  iter 40/93 | loss=1.1675 | grad_norm=2.743
  iter 50/93 | loss=1.2956 | grad_norm=2.210
  iter 60/93 | loss=1.4770 | grad_norm=3.024
  iter 70/93 | loss=1.3396 | grad_norm=2.399
  iter 80/93 | loss=1.2265 | grad_norm=2.821
  iter 90/93 | loss=1.4212 | grad_norm=2.808
  iter 93/93 | loss=1.1294 | grad_norm=3.613
  epoch_time=70.3s | samples/s=106.0 | lr=5.81e-04 | grad_norm_mean=2.841 | peak_gpu=9971 MB | nan_batches: train=0 val=0
[train] loss=1.3277 (cls=0.4962 reg=0.0659 iou_l=0.7655) | acc=0.917 | mIoU=0.234 IoU@0.5=0.098 IoU@0.7=0.006
       per-class: vehicle P=0.92/R=0.98 | pedestrian P=0.85/R=0.62 | cyclist P=0.44/R=0.03
       box MAE (m): h=0.626, w=0.221, l=1.041, x=4.071, y=0.199, z=11.616, ry=1.607
[val  ] loss=1.3160 (cls=0.4961 reg=0.0653 iou_l=0.7546) | acc=0.907 | mIoU=0.245 IoU@0.5=0.110 IoU@0.7=0.001
       per-class: vehicle P=0.93/R=0.97 | pedestrian P=0.76/R=0.66 | cyclist P=0.75/R=0.14
       box MAE (m): h=0.660, w=0.245, l=1.145, x=3.911, y=0.178, z=11.204, ry=1.627
  ** new best mean IoU on val: 0.2454 -> saved best_object_detection_model_run6_200epochs.pth

=== Epoch 8/200 ===
  iter 10/93 | loss=1.4059 | grad_norm=2.559
  iter 20/93 | loss=1.3398 | grad_norm=3.378
  iter 30/93 | loss=1.2945 | grad_norm=1.956
  iter 40/93 | loss=1.2841 | grad_norm=2.449
  iter 50/93 | loss=1.5069 | grad_norm=3.757
  iter 60/93 | loss=1.2435 | grad_norm=2.565
  iter 70/93 | loss=1.2751 | grad_norm=2.959
  iter 80/93 | loss=1.3625 | grad_norm=3.326
  iter 90/93 | loss=1.3656 | grad_norm=2.328
  iter 93/93 | loss=1.2561 | grad_norm=2.889
  epoch_time=70.3s | samples/s=106.0 | lr=6.44e-04 | grad_norm_mean=2.698 | peak_gpu=9971 MB | nan_batches: train=0 val=0
[train] loss=1.3129 (cls=0.4816 reg=0.0657 iou_l=0.7656) | acc=0.917 | mIoU=0.234 IoU@0.5=0.081 IoU@0.7=0.004
       per-class: vehicle P=0.93/R=0.98 | pedestrian P=0.84/R=0.64 | cyclist P=0.31/R=0.03
       box MAE (m): h=0.645, w=0.232, l=1.083, x=4.136, y=0.193, z=11.431, ry=1.629
[val  ] loss=1.3274 (cls=0.4967 reg=0.0652 iou_l=0.7656) | acc=0.919 | mIoU=0.234 IoU@0.5=0.123 IoU@0.7=0.008
       per-class: vehicle P=0.92/R=0.99 | pedestrian P=0.87/R=0.64 | cyclist P=1.00/R=0.12
       box MAE (m): h=0.528, w=0.218, l=1.028, x=4.183, y=0.178, z=12.208, ry=1.681

=== Epoch 9/200 ===
  iter 10/93 | loss=1.4580 | grad_norm=3.721
  iter 20/93 | loss=1.5645 | grad_norm=5.034
  iter 30/93 | loss=1.4845 | grad_norm=3.444
  iter 40/93 | loss=1.6590 | grad_norm=3.598
  iter 50/93 | loss=1.4596 | grad_norm=2.413
  iter 60/93 | loss=1.2507 | grad_norm=2.889
  iter 70/93 | loss=1.2497 | grad_norm=2.624
  iter 80/93 | loss=1.3156 | grad_norm=2.366
  iter 90/93 | loss=1.1863 | grad_norm=3.211
  iter 93/93 | loss=1.0435 | grad_norm=2.196
  epoch_time=70.4s | samples/s=105.8 | lr=7.07e-04 | grad_norm_mean=2.886 | peak_gpu=9971 MB | nan_batches: train=0 val=0
[train] loss=1.2986 (cls=0.4695 reg=0.0654 iou_l=0.7637) | acc=0.914 | mIoU=0.236 IoU@0.5=0.099 IoU@0.7=0.005
       per-class: vehicle P=0.93/R=0.98 | pedestrian P=0.83/R=0.62 | cyclist P=0.31/R=0.08
       box MAE (m): h=0.603, w=0.222, l=1.051, x=3.994, y=0.193, z=11.524, ry=1.556
[val  ] loss=1.3331 (cls=0.5188 reg=0.0634 iou_l=0.7508) | acc=0.910 | mIoU=0.249 IoU@0.5=0.112 IoU@0.7=0.003
       per-class: vehicle P=0.92/R=0.98 | pedestrian P=0.79/R=0.66 | cyclist P=1.00/R=0.05
       box MAE (m): h=0.608, w=0.238, l=1.027, x=3.917, y=0.190, z=10.223, ry=1.639
  ** new best mean IoU on val: 0.2492 -> saved best_object_detection_model_run6_200epochs.pth

=== Epoch 10/200 ===
  iter 10/93 | loss=1.6143 | grad_norm=3.233
  iter 20/93 | loss=1.8089 | grad_norm=3.207
  iter 30/93 | loss=1.1606 | grad_norm=4.279
  iter 40/93 | loss=1.4891 | grad_norm=2.473
  iter 50/93 | loss=1.2648 | grad_norm=4.096
  iter 60/93 | loss=1.1174 | grad_norm=2.598
  iter 70/93 | loss=1.2257 | grad_norm=2.553
  iter 80/93 | loss=1.1800 | grad_norm=4.399
  iter 90/93 | loss=1.2712 | grad_norm=3.255
  iter 93/93 | loss=1.3176 | grad_norm=2.266
  epoch_time=70.3s | samples/s=105.9 | lr=7.70e-04 | grad_norm_mean=2.846 | peak_gpu=9971 MB | nan_batches: train=0 val=0
[train] loss=1.2984 (cls=0.4728 reg=0.0648 iou_l=0.7607) | acc=0.918 | mIoU=0.239 IoU@0.5=0.116 IoU@0.7=0.009
       per-class: vehicle P=0.93/R=0.98 | pedestrian P=0.83/R=0.66 | cyclist P=0.28/R=0.05
       box MAE (m): h=0.537, w=0.216, l=1.051, x=4.016, y=0.191, z=11.561, ry=1.563
[val  ] loss=1.2841 (cls=0.4668 reg=0.0636 iou_l=0.7537) | acc=0.923 | mIoU=0.246 IoU@0.5=0.082 IoU@0.7=0.001
       per-class: vehicle P=0.92/R=0.99 | pedestrian P=0.93/R=0.61 | cyclist P=1.00/R=0.16
       box MAE (m): h=0.762, w=0.214, l=1.029, x=4.118, y=0.193, z=9.725, ry=1.668

=== Epoch 11/200 ===
  [iou loss weight bumped to 3.0]
  iter 10/93 | loss=2.7722 | grad_norm=3.073
  iter 20/93 | loss=2.8586 | grad_norm=8.894
  iter 30/93 | loss=2.7639 | grad_norm=4.651
  iter 40/93 | loss=2.7606 | grad_norm=3.819
  iter 50/93 | loss=2.8765 | grad_norm=5.654
  iter 60/93 | loss=2.9242 | grad_norm=7.438
  iter 70/93 | loss=3.2705 | grad_norm=6.578
  iter 80/93 | loss=2.8772 | grad_norm=4.989
  iter 90/93 | loss=2.9138 | grad_norm=4.687
  iter 93/93 | loss=3.0282 | grad_norm=8.494
  epoch_time=70.2s | samples/s=106.1 | lr=8.33e-04 | grad_norm_mean=6.285 | peak_gpu=9971 MB | nan_batches: train=0 val=0
[train] loss=2.7802 (cls=0.4380 reg=0.0647 iou_l=0.7592) | acc=0.925 | mIoU=0.241 IoU@0.5=0.109 IoU@0.7=0.007
       per-class: vehicle P=0.93/R=0.98 | pedestrian P=0.88/R=0.67 | cyclist P=0.42/R=0.09
       box MAE (m): h=0.614, w=0.215, l=1.043, x=4.048, y=0.187, z=11.344, ry=1.545
[val  ] loss=2.8000 (cls=0.4221 reg=0.0667 iou_l=0.7704) | acc=0.927 | mIoU=0.230 IoU@0.5=0.042 IoU@0.7=0.001
       per-class: vehicle P=0.93/R=0.99 | pedestrian P=0.95/R=0.66 | cyclist P=0.48/R=0.28
       box MAE (m): h=1.009, w=0.231, l=1.007, x=4.031, y=0.191, z=10.792, ry=1.531

=== Epoch 12/200 ===
  iter 10/93 | loss=2.6570 | grad_norm=6.455
  iter 20/93 | loss=2.6026 | grad_norm=3.858
  iter 30/93 | loss=2.8064 | grad_norm=8.531
  iter 40/93 | loss=2.5568 | grad_norm=8.065
  iter 50/93 | loss=2.7978 | grad_norm=8.141
  iter 60/93 | loss=2.6410 | grad_norm=7.854
  iter 70/93 | loss=2.6374 | grad_norm=5.246
  iter 80/93 | loss=2.8607 | grad_norm=4.211
  iter 90/93 | loss=2.8084 | grad_norm=7.399
  iter 93/93 | loss=2.6076 | grad_norm=5.816
  epoch_time=70.3s | samples/s=106.0 | lr=8.96e-04 | grad_norm_mean=6.152 | peak_gpu=9971 MB | nan_batches: train=0 val=0
[train] loss=2.7389 (cls=0.4191 reg=0.0642 iou_l=0.7519) | acc=0.921 | mIoU=0.248 IoU@0.5=0.115 IoU@0.7=0.008
       per-class: vehicle P=0.93/R=0.98 | pedestrian P=0.88/R=0.67 | cyclist P=0.27/R=0.12
       box MAE (m): h=0.599, w=0.207, l=1.040, x=4.026, y=0.185, z=11.045, ry=1.556
[val  ] loss=2.7212 (cls=0.4387 reg=0.0633 iou_l=0.7397) | acc=0.919 | mIoU=0.260 IoU@0.5=0.132 IoU@0.7=0.005
       per-class: vehicle P=0.92/R=0.99 | pedestrian P=0.93/R=0.59 | cyclist P=0.52/R=0.26
       box MAE (m): h=0.632, w=0.232, l=1.009, x=3.809, y=0.184, z=9.507, ry=1.480
  ** new best mean IoU on val: 0.2603 -> saved best_object_detection_model_run6_200epochs.pth

=== Epoch 13/200 ===
  iter 10/93 | loss=2.5004 | grad_norm=4.824
  iter 20/93 | loss=2.7271 | grad_norm=7.087
  iter 30/93 | loss=2.4745 | grad_norm=7.061
  iter 40/93 | loss=2.3143 | grad_norm=8.039
  iter 50/93 | loss=2.9167 | grad_norm=4.094
  iter 60/93 | loss=2.8208 | grad_norm=6.609
  iter 70/93 | loss=2.5325 | grad_norm=7.176
  iter 80/93 | loss=2.6755 | grad_norm=4.353
  iter 90/93 | loss=2.7611 | grad_norm=4.719
  iter 93/93 | loss=2.8624 | grad_norm=4.698
  epoch_time=70.5s | samples/s=105.7 | lr=9.59e-04 | grad_norm_mean=6.712 | peak_gpu=9971 MB | nan_batches: train=0 val=0
[train] loss=2.7171 (cls=0.4126 reg=0.0643 iou_l=0.7467) | acc=0.922 | mIoU=0.253 IoU@0.5=0.125 IoU@0.7=0.009
       per-class: vehicle P=0.94/R=0.98 | pedestrian P=0.85/R=0.69 | cyclist P=0.37/R=0.18
       box MAE (m): h=0.583, w=0.211, l=1.037, x=3.938, y=0.190, z=10.744, ry=1.519
[val  ] loss=2.7135 (cls=0.4168 reg=0.0638 iou_l=0.7443) | acc=0.930 | mIoU=0.256 IoU@0.5=0.146 IoU@0.7=0.009
       per-class: vehicle P=0.94/R=0.99 | pedestrian P=0.88/R=0.72 | cyclist P=0.89/R=0.19
       box MAE (m): h=0.458, w=0.248, l=1.094, x=4.030, y=0.171, z=10.771, ry=1.548

=== Epoch 14/200 ===
  iter 10/93 | loss=2.8183 | grad_norm=6.229
  iter 20/93 | loss=2.9628 | grad_norm=9.975
  iter 30/93 | loss=2.8939 | grad_norm=8.154
  iter 40/93 | loss=2.4347 | grad_norm=6.087
  iter 50/93 | loss=3.0354 | grad_norm=5.312
  iter 60/93 | loss=2.8525 | grad_norm=6.219
  iter 70/93 | loss=2.5552 | grad_norm=7.425
  iter 80/93 | loss=2.5950 | grad_norm=5.783
  iter 90/93 | loss=2.7072 | grad_norm=7.830
  iter 93/93 | loss=2.6144 | grad_norm=9.582
  epoch_time=70.4s | samples/s=105.8 | lr=1.02e-03 | grad_norm_mean=6.555 | peak_gpu=9971 MB | nan_batches: train=0 val=0
[train] loss=2.6966 (cls=0.4037 reg=0.0634 iou_l=0.7431) | acc=0.923 | mIoU=0.257 IoU@0.5=0.143 IoU@0.7=0.013
       per-class: vehicle P=0.94/R=0.98 | pedestrian P=0.84/R=0.69 | cyclist P=0.43/R=0.23
       box MAE (m): h=0.483, w=0.210, l=1.022, x=3.990, y=0.184, z=10.719, ry=1.516
[val  ] loss=2.6893 (cls=0.3916 reg=0.0637 iou_l=0.7447) | acc=0.913 | mIoU=0.255 IoU@0.5=0.149 IoU@0.7=0.006
       per-class: vehicle P=0.95/R=0.95 | pedestrian P=0.75/R=0.76 | cyclist P=0.52/R=0.37
       box MAE (m): h=0.505, w=0.203, l=0.959, x=3.781, y=0.173, z=11.186, ry=1.507

=== Epoch 15/200 ===
  iter 10/93 | loss=2.6546 | grad_norm=7.005
  iter 20/93 | loss=2.8387 | grad_norm=6.274
  iter 30/93 | loss=2.4793 | grad_norm=5.730
  iter 40/93 | loss=2.7472 | grad_norm=5.066
  iter 50/93 | loss=2.6814 | grad_norm=8.341
  iter 60/93 | loss=2.7540 | grad_norm=6.741
  iter 70/93 | loss=3.1708 | grad_norm=6.355
  iter 80/93 | loss=2.8553 | grad_norm=4.856
  iter 90/93 | loss=2.8699 | grad_norm=9.786
  iter 93/93 | loss=2.8604 | grad_norm=7.492
  epoch_time=70.3s | samples/s=106.0 | lr=1.09e-03 | grad_norm_mean=6.437 | peak_gpu=9971 MB | nan_batches: train=0 val=0
[train] loss=2.6733 (cls=0.3867 reg=0.0633 iou_l=0.7411) | acc=0.921 | mIoU=0.259 IoU@0.5=0.142 IoU@0.7=0.012
       per-class: vehicle P=0.94/R=0.97 | pedestrian P=0.84/R=0.68 | cyclist P=0.43/R=0.30
       box MAE (m): h=0.498, w=0.207, l=1.030, x=3.912, y=0.182, z=10.866, ry=1.523
[val  ] loss=2.7177 (cls=0.3960 reg=0.0639 iou_l=0.7526) | acc=0.933 | mIoU=0.247 IoU@0.5=0.154 IoU@0.7=0.026
       per-class: vehicle P=0.93/R=1.00 | pedestrian P=0.98/R=0.66 | cyclist P=1.00/R=0.21
       box MAE (m): h=0.476, w=0.206, l=0.926, x=3.777, y=0.170, z=11.851, ry=1.537

=== Epoch 16/200 ===
  iter 10/93 | loss=2.4788 | grad_norm=9.018
  iter 20/93 | loss=2.4327 | grad_norm=4.874
  iter 30/93 | loss=2.6847 | grad_norm=3.985
  iter 40/93 | loss=2.6274 | grad_norm=6.222
  iter 50/93 | loss=2.6587 | grad_norm=6.151
  iter 60/93 | loss=2.5855 | grad_norm=6.608
  iter 70/93 | loss=2.7480 | grad_norm=5.581
  iter 80/93 | loss=2.5399 | grad_norm=6.747
  iter 90/93 | loss=2.8956 | grad_norm=4.956
  iter 93/93 | loss=2.4696 | grad_norm=5.222
  epoch_time=70.4s | samples/s=105.8 | lr=1.15e-03 | grad_norm_mean=6.024 | peak_gpu=9971 MB | nan_batches: train=0 val=0
[train] loss=2.6494 (cls=0.3706 reg=0.0631 iou_l=0.7386) | acc=0.926 | mIoU=0.261 IoU@0.5=0.153 IoU@0.7=0.018
       per-class: vehicle P=0.94/R=0.97 | pedestrian P=0.87/R=0.70 | cyclist P=0.39/R=0.34
       box MAE (m): h=0.484, w=0.206, l=0.998, x=3.959, y=0.181, z=10.839, ry=1.523
[val  ] loss=2.6612 (cls=0.4194 reg=0.0620 iou_l=0.7266) | acc=0.929 | mIoU=0.273 IoU@0.5=0.154 IoU@0.7=0.013
       per-class: vehicle P=0.93/R=0.99 | pedestrian P=0.90/R=0.70 | cyclist P=0.75/R=0.14
       box MAE (m): h=0.393, w=0.211, l=1.063, x=3.939, y=0.165, z=9.855, ry=1.359
  ** new best mean IoU on val: 0.2734 -> saved best_object_detection_model_run6_200epochs.pth

=== Epoch 17/200 ===
  iter 10/93 | loss=2.6669 | grad_norm=6.649
  iter 20/93 | loss=2.7252 | grad_norm=6.858
  iter 30/93 | loss=2.3928 | grad_norm=6.138
  iter 40/93 | loss=2.8461 | grad_norm=7.410
  iter 50/93 | loss=2.2784 | grad_norm=8.584
  iter 60/93 | loss=2.5829 | grad_norm=5.369
  iter 70/93 | loss=2.5060 | grad_norm=3.479
  iter 80/93 | loss=2.6552 | grad_norm=6.358
  iter 90/93 | loss=2.5730 | grad_norm=4.192
  iter 93/93 | loss=2.6914 | grad_norm=6.588
  epoch_time=70.4s | samples/s=105.8 | lr=1.21e-03 | grad_norm_mean=6.295 | peak_gpu=9971 MB | nan_batches: train=0 val=0
[train] loss=2.6413 (cls=0.3773 reg=0.0629 iou_l=0.7337) | acc=0.918 | mIoU=0.266 IoU@0.5=0.158 IoU@0.7=0.016
       per-class: vehicle P=0.94/R=0.97 | pedestrian P=0.84/R=0.70 | cyclist P=0.33/R=0.29
       box MAE (m): h=0.453, w=0.210, l=1.014, x=3.945, y=0.183, z=10.590, ry=1.504
[val  ] loss=2.5794 (cls=0.3870 reg=0.0617 iou_l=0.7102) | acc=0.910 | mIoU=0.290 IoU@0.5=0.219 IoU@0.7=0.051
       per-class: vehicle P=0.95/R=0.95 | pedestrian P=0.85/R=0.72 | cyclist P=0.33/R=0.53
       box MAE (m): h=0.315, w=0.206, l=1.048, x=3.876, y=0.164, z=9.332, ry=1.428
  ** new best mean IoU on val: 0.2898 -> saved best_object_detection_model_run6_200epochs.pth

=== Epoch 18/200 ===
  iter 10/93 | loss=2.4477 | grad_norm=5.524
  iter 20/93 | loss=2.5331 | grad_norm=4.981
  iter 30/93 | loss=3.4153 | grad_norm=7.567
  iter 40/93 | loss=2.7310 | grad_norm=7.165
  iter 50/93 | loss=2.7502 | grad_norm=3.743
  iter 60/93 | loss=2.5392 | grad_norm=6.870
  iter 70/93 | loss=2.3909 | grad_norm=4.460
  iter 80/93 | loss=2.6757 | grad_norm=4.993
  iter 90/93 | loss=2.8667 | grad_norm=8.481
  iter 93/93 | loss=2.4316 | grad_norm=7.722
  epoch_time=70.3s | samples/s=106.0 | lr=1.27e-03 | grad_norm_mean=5.798 | peak_gpu=9971 MB | nan_batches: train=0 val=0
[train] loss=2.6226 (cls=0.3716 reg=0.0623 iou_l=0.7295) | acc=0.924 | mIoU=0.270 IoU@0.5=0.169 IoU@0.7=0.021
       per-class: vehicle P=0.95/R=0.97 | pedestrian P=0.81/R=0.73 | cyclist P=0.45/R=0.32
       box MAE (m): h=0.419, w=0.201, l=0.997, x=3.922, y=0.177, z=10.511, ry=1.512
[val  ] loss=2.5726 (cls=0.3634 reg=0.0609 iou_l=0.7161) | acc=0.935 | mIoU=0.284 IoU@0.5=0.181 IoU@0.7=0.030
       per-class: vehicle P=0.94/R=0.99 | pedestrian P=0.93/R=0.71 | cyclist P=0.65/R=0.30
       box MAE (m): h=0.416, w=0.201, l=1.070, x=3.947, y=0.198, z=9.312, ry=1.360

=== Epoch 19/200 ===
  iter 10/93 | loss=2.6725 | grad_norm=6.563
  iter 20/93 | loss=2.5156 | grad_norm=7.859
  iter 30/93 | loss=2.4207 | grad_norm=4.358
  iter 40/93 | loss=2.7142 | grad_norm=6.072
  iter 50/93 | loss=2.4362 | grad_norm=4.163
  iter 60/93 | loss=2.5130 | grad_norm=4.878
  iter 70/93 | loss=2.4422 | grad_norm=6.251
  iter 80/93 | loss=2.4116 | grad_norm=7.702
  iter 90/93 | loss=2.6403 | grad_norm=6.376
  iter 93/93 | loss=2.3052 | grad_norm=4.323
  epoch_time=70.2s | samples/s=106.1 | lr=1.34e-03 | grad_norm_mean=5.904 | peak_gpu=9971 MB | nan_batches: train=0 val=0
[train] loss=2.5562 (cls=0.3372 reg=0.0619 iou_l=0.7190) | acc=0.927 | mIoU=0.281 IoU@0.5=0.188 IoU@0.7=0.027
       per-class: vehicle P=0.95/R=0.97 | pedestrian P=0.84/R=0.75 | cyclist P=0.44/R=0.37
       box MAE (m): h=0.416, w=0.199, l=1.006, x=3.905, y=0.176, z=10.201, ry=1.460
[val  ] loss=2.5302 (cls=0.3470 reg=0.0607 iou_l=0.7075) | acc=0.921 | mIoU=0.292 IoU@0.5=0.202 IoU@0.7=0.023
       per-class: vehicle P=0.94/R=0.97 | pedestrian P=0.84/R=0.68 | cyclist P=0.53/R=0.49
       box MAE (m): h=0.446, w=0.212, l=1.020, x=3.776, y=0.180, z=9.332, ry=1.347
  ** new best mean IoU on val: 0.2925 -> saved best_object_detection_model_run6_200epochs.pth

=== Epoch 20/200 ===
  iter 10/93 | loss=2.7128 | grad_norm=7.075
  iter 20/93 | loss=2.2023 | grad_norm=7.455
  iter 30/93 | loss=2.5688 | grad_norm=7.456
  iter 40/93 | loss=2.5923 | grad_norm=7.515
  iter 50/93 | loss=2.4173 | grad_norm=6.253
  iter 60/93 | loss=2.6742 | grad_norm=7.236
  iter 70/93 | loss=2.5402 | grad_norm=5.965
  iter 80/93 | loss=2.7973 | grad_norm=6.933
  iter 90/93 | loss=2.7254 | grad_norm=11.190
  iter 93/93 | loss=2.3253 | grad_norm=8.647
  epoch_time=70.2s | samples/s=106.1 | lr=1.40e-03 | grad_norm_mean=6.308 | peak_gpu=9971 MB | nan_batches: train=0 val=0
[train] loss=2.5109 (cls=0.3118 reg=0.0606 iou_l=0.7128) | acc=0.930 | mIoU=0.287 IoU@0.5=0.202 IoU@0.7=0.027
       per-class: vehicle P=0.96/R=0.97 | pedestrian P=0.83/R=0.78 | cyclist P=0.46/R=0.45
       box MAE (m): h=0.396, w=0.196, l=0.955, x=3.847, y=0.178, z=9.922, ry=1.418
[val  ] loss=2.6084 (cls=0.4301 reg=0.0582 iou_l=0.7067) | acc=0.862 | mIoU=0.293 IoU@0.5=0.201 IoU@0.7=0.025
       per-class: vehicle P=0.96/R=0.88 | pedestrian P=0.58/R=0.84 | cyclist P=0.31/R=0.51
       box MAE (m): h=0.332, w=0.217, l=0.969, x=3.780, y=0.169, z=9.035, ry=1.476
  ** new best mean IoU on val: 0.2933 -> saved best_object_detection_model_run6_200epochs.pth

=== Epoch 21/200 ===
  [backbone sa1+sa2 unfrozen] lr=0.0001 | total trainable=1,513,803
  iter 10/93 | loss=2.4173 | grad_norm=8.316
  iter 20/93 | loss=2.1503 | grad_norm=7.244
  iter 30/93 | loss=2.5856 | grad_norm=6.185
  iter 40/93 | loss=2.4585 | grad_norm=3.893
  iter 50/93 | loss=2.6961 | grad_norm=7.033
  iter 60/93 | loss=2.4456 | grad_norm=7.228
  iter 70/93 | loss=2.2819 | grad_norm=7.018
  iter 80/93 | loss=2.5351 | grad_norm=4.438
  iter 90/93 | loss=2.3347 | grad_norm=9.182
  iter 93/93 | loss=2.4612 | grad_norm=4.284
  epoch_time=81.3s | samples/s=91.6 | lr=1.40e-03 | grad_norm_mean=6.579 | peak_gpu=23386 MB | nan_batches: train=0 val=0
[train] loss=2.5151 (cls=0.3228 reg=0.0604 iou_l=0.7107) | acc=0.930 | mIoU=0.289 IoU@0.5=0.204 IoU@0.7=0.027
       per-class: vehicle P=0.96/R=0.97 | pedestrian P=0.82/R=0.79 | cyclist P=0.46/R=0.41
       box MAE (m): h=0.372, w=0.190, l=0.970, x=3.818, y=0.173, z=10.005, ry=1.479
[val  ] loss=2.5480 (cls=0.3733 reg=0.0593 iou_l=0.7051) | acc=0.907 | mIoU=0.295 IoU@0.5=0.220 IoU@0.7=0.035
       per-class: vehicle P=0.96/R=0.93 | pedestrian P=0.77/R=0.83 | cyclist P=0.28/R=0.42
       box MAE (m): h=0.384, w=0.190, l=1.090, x=3.712, y=0.163, z=9.699, ry=1.365
  ** new best mean IoU on val: 0.2949 -> saved best_object_detection_model_run6_200epochs.pth

=== Epoch 22/200 ===
  iter 10/93 | loss=2.3196 | grad_norm=4.124
  iter 20/93 | loss=2.4103 | grad_norm=7.717
  iter 30/93 | loss=2.7173 | grad_norm=6.883
  iter 40/93 | loss=2.5318 | grad_norm=4.710
  iter 50/93 | loss=2.1679 | grad_norm=6.907
  iter 60/93 | loss=2.3900 | grad_norm=7.899
  iter 70/93 | loss=2.6798 | grad_norm=5.578
  iter 80/93 | loss=2.3939 | grad_norm=5.777
  iter 90/93 | loss=2.3763 | grad_norm=10.247
  iter 93/93 | loss=2.4235 | grad_norm=6.084
  epoch_time=79.7s | samples/s=93.5 | lr=1.40e-03 | grad_norm_mean=6.568 | peak_gpu=23186 MB | nan_batches: train=0 val=0
[train] loss=2.4242 (cls=0.2773 reg=0.0591 iou_l=0.6959) | acc=0.933 | mIoU=0.304 IoU@0.5=0.241 IoU@0.7=0.038
       per-class: vehicle P=0.96/R=0.96 | pedestrian P=0.83/R=0.81 | cyclist P=0.45/R=0.53
       box MAE (m): h=0.374, w=0.191, l=0.924, x=3.728, y=0.169, z=9.655, ry=1.393
[val  ] loss=2.4420 (cls=0.3312 reg=0.0591 iou_l=0.6839) | acc=0.943 | mIoU=0.316 IoU@0.5=0.243 IoU@0.7=0.050
       per-class: vehicle P=0.95/R=0.99 | pedestrian P=0.94/R=0.71 | cyclist P=0.68/R=0.53
       box MAE (m): h=0.376, w=0.204, l=0.939, x=3.677, y=0.165, z=8.721, ry=1.443
  ** new best mean IoU on val: 0.3161 -> saved best_object_detection_model_run6_200epochs.pth

=== Epoch 23/200 ===
  iter 10/93 | loss=2.3315 | grad_norm=6.019
  iter 20/93 | loss=2.5418 | grad_norm=11.501
  iter 30/93 | loss=2.3326 | grad_norm=8.176
  iter 40/93 | loss=2.0895 | grad_norm=7.575
  iter 50/93 | loss=2.5916 | grad_norm=8.268
  iter 60/93 | loss=2.3461 | grad_norm=5.838
  iter 70/93 | loss=2.7012 | grad_norm=4.300
  iter 80/93 | loss=2.5970 | grad_norm=6.404
  iter 90/93 | loss=2.7154 | grad_norm=4.927
  iter 93/93 | loss=2.4738 | grad_norm=8.485
  epoch_time=79.7s | samples/s=93.4 | lr=1.40e-03 | grad_norm_mean=6.769 | peak_gpu=23186 MB | nan_batches: train=0 val=0
[train] loss=2.4057 (cls=0.2697 reg=0.0587 iou_l=0.6924) | acc=0.939 | mIoU=0.308 IoU@0.5=0.243 IoU@0.7=0.039
       per-class: vehicle P=0.96/R=0.97 | pedestrian P=0.85/R=0.82 | cyclist P=0.50/R=0.50
       box MAE (m): h=0.371, w=0.190, l=0.912, x=3.746, y=0.170, z=9.546, ry=1.374
[val  ] loss=2.3664 (cls=0.2646 reg=0.0564 iou_l=0.6818) | acc=0.937 | mIoU=0.318 IoU@0.5=0.257 IoU@0.7=0.054
       per-class: vehicle P=0.97/R=0.96 | pedestrian P=0.82/R=0.86 | cyclist P=0.56/R=0.65
       box MAE (m): h=0.286, w=0.192, l=0.888, x=3.770, y=0.166, z=8.685, ry=1.447
  ** new best mean IoU on val: 0.3182 -> saved best_object_detection_model_run6_200epochs.pth

=== Epoch 24/200 ===
  iter 10/93 | loss=2.3924 | grad_norm=4.071
  iter 20/93 | loss=2.6781 | grad_norm=10.178
  iter 30/93 | loss=2.3461 | grad_norm=8.007
  iter 40/93 | loss=2.4241 | grad_norm=4.961
  iter 50/93 | loss=2.4556 | grad_norm=6.069
  iter 60/93 | loss=2.2009 | grad_norm=11.220
  iter 70/93 | loss=2.1376 | grad_norm=5.997
  iter 80/93 | loss=2.2789 | grad_norm=8.110
  iter 90/93 | loss=2.5649 | grad_norm=8.768
  iter 93/93 | loss=2.1734 | grad_norm=6.049
  epoch_time=79.8s | samples/s=93.4 | lr=1.40e-03 | grad_norm_mean=7.094 | peak_gpu=23186 MB | nan_batches: train=0 val=0
[train] loss=2.3637 (cls=0.2435 reg=0.0577 iou_l=0.6875) | acc=0.939 | mIoU=0.312 IoU@0.5=0.257 IoU@0.7=0.051
       per-class: vehicle P=0.97/R=0.96 | pedestrian P=0.83/R=0.85 | cyclist P=0.50/R=0.61
       box MAE (m): h=0.353, w=0.190, l=0.907, x=3.713, y=0.168, z=9.496, ry=1.349
[val  ] loss=2.3771 (cls=0.2683 reg=0.0570 iou_l=0.6839) | acc=0.953 | mIoU=0.316 IoU@0.5=0.248 IoU@0.7=0.053
       per-class: vehicle P=0.96/R=0.99 | pedestrian P=0.94/R=0.79 | cyclist P=0.68/R=0.63
       box MAE (m): h=0.328, w=0.202, l=0.932, x=3.752, y=0.171, z=8.793, ry=1.307

=== Epoch 25/200 ===
  iter 10/93 | loss=2.2453 | grad_norm=5.507
  iter 20/93 | loss=2.1270 | grad_norm=5.956
  iter 30/93 | loss=2.3122 | grad_norm=3.690
  iter 40/93 | loss=2.3391 | grad_norm=3.829
  iter 50/93 | loss=2.2269 | grad_norm=8.825
  iter 60/93 | loss=2.2646 | grad_norm=4.421
  iter 70/93 | loss=2.1210 | grad_norm=7.983
  iter 80/93 | loss=2.4162 | grad_norm=4.397
  iter 90/93 | loss=2.2638 | grad_norm=5.922
  iter 93/93 | loss=1.9847 | grad_norm=6.724
  epoch_time=79.9s | samples/s=93.2 | lr=1.40e-03 | grad_norm_mean=6.721 | peak_gpu=23186 MB | nan_batches: train=0 val=0
[train] loss=2.3104 (cls=0.2275 reg=0.0566 iou_l=0.6755) | acc=0.944 | mIoU=0.325 IoU@0.5=0.275 IoU@0.7=0.064
       per-class: vehicle P=0.97/R=0.96 | pedestrian P=0.86/R=0.86 | cyclist P=0.48/R=0.64
       box MAE (m): h=0.323, w=0.183, l=0.875, x=3.665, y=0.166, z=9.216, ry=1.312
[val  ] loss=2.3415 (cls=0.2685 reg=0.0542 iou_l=0.6729) | acc=0.951 | mIoU=0.327 IoU@0.5=0.276 IoU@0.7=0.059
       per-class: vehicle P=0.96/R=0.99 | pedestrian P=0.93/R=0.82 | cyclist P=0.65/R=0.51
       box MAE (m): h=0.323, w=0.188, l=0.834, x=3.574, y=0.159, z=8.641, ry=1.204
  ** new best mean IoU on val: 0.3271 -> saved best_object_detection_model_run6_200epochs.pth

=== Epoch 26/200 ===
  iter 10/93 | loss=2.4607 | grad_norm=7.029
  iter 20/93 | loss=2.3120 | grad_norm=8.082
  iter 30/93 | loss=2.2477 | grad_norm=4.323
  iter 40/93 | loss=2.4132 | grad_norm=7.723
  iter 50/93 | loss=2.0538 | grad_norm=6.112
  iter 60/93 | loss=2.3526 | grad_norm=4.447
  iter 70/93 | loss=2.5166 | grad_norm=9.384
  iter 80/93 | loss=2.4785 | grad_norm=6.949
  iter 90/93 | loss=2.7855 | grad_norm=4.722
  iter 93/93 | loss=2.2270 | grad_norm=5.773
  epoch_time=79.9s | samples/s=93.2 | lr=1.40e-03 | grad_norm_mean=6.237 | peak_gpu=23186 MB | nan_batches: train=0 val=0
[train] loss=2.2924 (cls=0.2167 reg=0.0558 iou_l=0.6733) | acc=0.948 | mIoU=0.327 IoU@0.5=0.283 IoU@0.7=0.066
       per-class: vehicle P=0.98/R=0.97 | pedestrian P=0.85/R=0.88 | cyclist P=0.51/R=0.60
       box MAE (m): h=0.335, w=0.179, l=0.815, x=3.594, y=0.163, z=9.181, ry=1.350
[val  ] loss=2.3059 (cls=0.2398 reg=0.0552 iou_l=0.6703) | acc=0.927 | mIoU=0.330 IoU@0.5=0.270 IoU@0.7=0.065
       per-class: vehicle P=0.97/R=0.95 | pedestrian P=0.77/R=0.88 | cyclist P=0.48/R=0.60
       box MAE (m): h=0.427, w=0.188, l=0.789, x=3.593, y=0.152, z=8.719, ry=1.317
  ** new best mean IoU on val: 0.3297 -> saved best_object_detection_model_run6_200epochs.pth

=== Epoch 27/200 ===
  iter 10/93 | loss=2.4521 | grad_norm=6.499
  iter 20/93 | loss=2.2174 | grad_norm=4.881
  iter 30/93 | loss=2.3035 | grad_norm=5.663
  iter 40/93 | loss=2.3633 | grad_norm=8.160
  iter 50/93 | loss=2.1247 | grad_norm=7.906
  iter 60/93 | loss=2.2219 | grad_norm=4.317
  iter 70/93 | loss=2.2652 | grad_norm=6.407
  iter 80/93 | loss=2.1343 | grad_norm=9.351
  iter 90/93 | loss=1.8999 | grad_norm=6.424
  iter 93/93 | loss=1.8619 | grad_norm=5.277
  epoch_time=79.9s | samples/s=93.3 | lr=1.39e-03 | grad_norm_mean=6.751 | peak_gpu=23186 MB | nan_batches: train=0 val=0
[train] loss=2.2683 (cls=0.2214 reg=0.0545 iou_l=0.6642) | acc=0.948 | mIoU=0.336 IoU@0.5=0.300 IoU@0.7=0.081
       per-class: vehicle P=0.97/R=0.97 | pedestrian P=0.86/R=0.86 | cyclist P=0.55/R=0.64
       box MAE (m): h=0.319, w=0.175, l=0.829, x=3.563, y=0.164, z=9.042, ry=1.263
[val  ] loss=2.2184 (cls=0.2116 reg=0.0526 iou_l=0.6514) | acc=0.944 | mIoU=0.349 IoU@0.5=0.325 IoU@0.7=0.100
       per-class: vehicle P=0.97/R=0.97 | pedestrian P=0.91/R=0.84 | cyclist P=0.48/R=0.70
       box MAE (m): h=0.285, w=0.186, l=0.857, x=3.460, y=0.149, z=8.257, ry=1.194
  ** new best mean IoU on val: 0.3486 -> saved best_object_detection_model_run6_200epochs.pth

=== Epoch 28/200 ===
  iter 10/93 | loss=2.0511 | grad_norm=5.207
  iter 20/93 | loss=2.3733 | grad_norm=4.787
  iter 30/93 | loss=2.3389 | grad_norm=6.552
  iter 40/93 | loss=2.1660 | grad_norm=5.715
  iter 50/93 | loss=1.9183 | grad_norm=7.343
  iter 60/93 | loss=2.3699 | grad_norm=9.622
  iter 70/93 | loss=2.2111 | grad_norm=8.113
  iter 80/93 | loss=2.0190 | grad_norm=7.334
  iter 90/93 | loss=2.1246 | grad_norm=4.546
  iter 93/93 | loss=2.1381 | grad_norm=6.815
  epoch_time=80.0s | samples/s=93.1 | lr=1.39e-03 | grad_norm_mean=6.247 | peak_gpu=23186 MB | nan_batches: train=0 val=0
[train] loss=2.2208 (cls=0.1916 reg=0.0537 iou_l=0.6585) | acc=0.954 | mIoU=0.341 IoU@0.5=0.313 IoU@0.7=0.083
       per-class: vehicle P=0.98/R=0.97 | pedestrian P=0.88/R=0.89 | cyclist P=0.56/R=0.68
       box MAE (m): h=0.309, w=0.169, l=0.774, x=3.504, y=0.158, z=8.882, ry=1.241
[val  ] loss=2.2861 (cls=0.2444 reg=0.0524 iou_l=0.6631) | acc=0.933 | mIoU=0.337 IoU@0.5=0.286 IoU@0.7=0.075
       per-class: vehicle P=0.98/R=0.94 | pedestrian P=0.73/R=0.93 | cyclist P=0.68/R=0.60
       box MAE (m): h=0.321, w=0.173, l=0.763, x=3.514, y=0.146, z=8.109, ry=1.264

=== Epoch 29/200 ===
  iter 10/93 | loss=1.9946 | grad_norm=9.440
  iter 20/93 | loss=2.2148 | grad_norm=5.103
  iter 30/93 | loss=2.1350 | grad_norm=6.426
  iter 40/93 | loss=2.1858 | grad_norm=7.696
  iter 50/93 | loss=2.2481 | grad_norm=6.007
  iter 60/93 | loss=2.1281 | grad_norm=6.309
  iter 70/93 | loss=2.3355 | grad_norm=8.868
  iter 80/93 | loss=2.2556 | grad_norm=7.673
  iter 90/93 | loss=2.1995 | grad_norm=5.966
  iter 93/93 | loss=2.2086 | grad_norm=6.869
  epoch_time=79.9s | samples/s=93.2 | lr=1.39e-03 | grad_norm_mean=6.734 | peak_gpu=23186 MB | nan_batches: train=0 val=0
[train] loss=2.1773 (cls=0.1741 reg=0.0532 iou_l=0.6500) | acc=0.956 | mIoU=0.350 IoU@0.5=0.322 IoU@0.7=0.088
       per-class: vehicle P=0.98/R=0.97 | pedestrian P=0.87/R=0.91 | cyclist P=0.58/R=0.70
       box MAE (m): h=0.300, w=0.155, l=0.750, x=3.465, y=0.156, z=8.645, ry=1.252
[val  ] loss=2.1827 (cls=0.1833 reg=0.0513 iou_l=0.6493) | acc=0.959 | mIoU=0.351 IoU@0.5=0.335 IoU@0.7=0.088
       per-class: vehicle P=0.97/R=0.98 | pedestrian P=0.93/R=0.83 | cyclist P=0.68/R=0.79
       box MAE (m): h=0.310, w=0.170, l=0.772, x=3.435, y=0.154, z=8.827, ry=1.148
  ** new best mean IoU on val: 0.3507 -> saved best_object_detection_model_run6_200epochs.pth

=== Epoch 30/200 ===
  iter 10/93 | loss=1.9142 | grad_norm=8.391
  iter 20/93 | loss=2.3193 | grad_norm=5.889
  iter 30/93 | loss=2.0767 | grad_norm=6.842
  iter 40/93 | loss=2.0953 | grad_norm=6.299
  iter 50/93 | loss=2.4866 | grad_norm=6.574
  iter 60/93 | loss=1.9972 | grad_norm=10.131
  iter 70/93 | loss=1.8795 | grad_norm=4.376
  iter 80/93 | loss=2.0766 | grad_norm=4.871
  iter 90/93 | loss=2.2684 | grad_norm=6.256
  iter 93/93 | loss=1.8952 | grad_norm=5.266
  epoch_time=79.9s | samples/s=93.2 | lr=1.39e-03 | grad_norm_mean=7.270 | peak_gpu=23186 MB | nan_batches: train=0 val=0
[train] loss=2.1414 (cls=0.1557 reg=0.0524 iou_l=0.6445) | acc=0.958 | mIoU=0.356 IoU@0.5=0.335 IoU@0.7=0.097
       per-class: vehicle P=0.98/R=0.97 | pedestrian P=0.88/R=0.90 | cyclist P=0.60/R=0.73
       box MAE (m): h=0.311, w=0.155, l=0.740, x=3.442, y=0.156, z=8.526, ry=1.227
[val  ] loss=2.2381 (cls=0.2748 reg=0.0512 iou_l=0.6374) | acc=0.949 | mIoU=0.363 IoU@0.5=0.343 IoU@0.7=0.120
       per-class: vehicle P=0.96/R=0.98 | pedestrian P=0.86/R=0.84 | cyclist P=0.81/R=0.49
       box MAE (m): h=0.306, w=0.166, l=0.820, x=3.376, y=0.145, z=8.040, ry=1.130
  ** new best mean IoU on val: 0.3626 -> saved best_object_detection_model_run6_200epochs.pth

=== Epoch 31/200 ===
  iter 10/93 | loss=1.9637 | grad_norm=7.191
  iter 20/93 | loss=2.2878 | grad_norm=8.406
  iter 30/93 | loss=2.0281 | grad_norm=6.201
  iter 40/93 | loss=2.0821 | grad_norm=6.991
  iter 50/93 | loss=2.1395 | grad_norm=10.385
  iter 60/93 | loss=2.1825 | grad_norm=7.352
  iter 70/93 | loss=2.1766 | grad_norm=4.521
  iter 80/93 | loss=2.0712 | grad_norm=6.452
  iter 90/93 | loss=2.2836 | grad_norm=6.338
  iter 93/93 | loss=2.0376 | grad_norm=6.686
  epoch_time=80.1s | samples/s=93.0 | lr=1.39e-03 | grad_norm_mean=6.682 | peak_gpu=23186 MB | nan_batches: train=0 val=0
[train] loss=2.1350 (cls=0.1576 reg=0.0507 iou_l=0.6422) | acc=0.961 | mIoU=0.358 IoU@0.5=0.340 IoU@0.7=0.105
       per-class: vehicle P=0.98/R=0.97 | pedestrian P=0.88/R=0.91 | cyclist P=0.63/R=0.74
       box MAE (m): h=0.304, w=0.152, l=0.730, x=3.386, y=0.150, z=8.586, ry=1.171
[val  ] loss=2.1182 (cls=0.1716 reg=0.0491 iou_l=0.6325) | acc=0.949 | mIoU=0.367 IoU@0.5=0.361 IoU@0.7=0.118
       per-class: vehicle P=0.98/R=0.96 | pedestrian P=0.84/R=0.91 | cyclist P=0.59/R=0.79
       box MAE (m): h=0.284, w=0.167, l=0.812, x=3.386, y=0.155, z=7.609, ry=1.083
  ** new best mean IoU on val: 0.3675 -> saved best_object_detection_model_run6_200epochs.pth

=== Epoch 32/200 ===
  iter 10/93 | loss=2.1242 | grad_norm=10.272
  iter 20/93 | loss=1.7756 | grad_norm=7.759
  iter 30/93 | loss=1.9709 | grad_norm=8.015
  iter 40/93 | loss=1.9801 | grad_norm=5.445
  iter 50/93 | loss=2.0950 | grad_norm=5.327
  iter 60/93 | loss=2.1569 | grad_norm=6.219
  iter 70/93 | loss=2.0197 | grad_norm=6.077
  iter 80/93 | loss=2.3232 | grad_norm=4.174
  iter 90/93 | loss=1.9064 | grad_norm=8.536
  iter 93/93 | loss=2.3136 | grad_norm=10.427
  epoch_time=79.7s | samples/s=93.4 | lr=1.38e-03 | grad_norm_mean=6.853 | peak_gpu=23186 MB | nan_batches: train=0 val=0
[train] loss=2.0724 (cls=0.1441 reg=0.0498 iou_l=0.6261) | acc=0.963 | mIoU=0.374 IoU@0.5=0.361 IoU@0.7=0.124
       per-class: vehicle P=0.99/R=0.97 | pedestrian P=0.89/R=0.92 | cyclist P=0.62/R=0.76
       box MAE (m): h=0.262, w=0.144, l=0.702, x=3.278, y=0.149, z=8.193, ry=1.145
[val  ] loss=2.2209 (cls=0.2772 reg=0.0502 iou_l=0.6312) | acc=0.952 | mIoU=0.369 IoU@0.5=0.346 IoU@0.7=0.124
       per-class: vehicle P=0.97/R=0.99 | pedestrian P=0.97/R=0.78 | cyclist P=0.53/R=0.67
       box MAE (m): h=0.331, w=0.169, l=0.815, x=3.289, y=0.143, z=7.658, ry=1.231
  ** new best mean IoU on val: 0.3688 -> saved best_object_detection_model_run6_200epochs.pth

=== Epoch 33/200 ===
  iter 10/93 | loss=2.1290 | grad_norm=4.766
  iter 20/93 | loss=2.2058 | grad_norm=4.400
  iter 30/93 | loss=1.8829 | grad_norm=5.010
  iter 40/93 | loss=1.9975 | grad_norm=9.786
  iter 50/93 | loss=2.1492 | grad_norm=6.041
  iter 60/93 | loss=2.1821 | grad_norm=5.989
  iter 70/93 | loss=2.1558 | grad_norm=7.973
  iter 80/93 | loss=1.8434 | grad_norm=6.736
  iter 90/93 | loss=1.8749 | grad_norm=10.028
  iter 93/93 | loss=1.9314 | grad_norm=4.290
  epoch_time=80.0s | samples/s=93.2 | lr=1.38e-03 | grad_norm_mean=6.586 | peak_gpu=23186 MB | nan_batches: train=0 val=0
[train] loss=2.0868 (cls=0.1508 reg=0.0495 iou_l=0.6288) | acc=0.962 | mIoU=0.371 IoU@0.5=0.357 IoU@0.7=0.116
       per-class: vehicle P=0.99/R=0.98 | pedestrian P=0.90/R=0.90 | cyclist P=0.58/R=0.77
       box MAE (m): h=0.273, w=0.147, l=0.726, x=3.304, y=0.148, z=8.201, ry=1.145
[val  ] loss=2.1038 (cls=0.2051 reg=0.0487 iou_l=0.6167) | acc=0.953 | mIoU=0.383 IoU@0.5=0.378 IoU@0.7=0.159
       per-class: vehicle P=0.98/R=0.97 | pedestrian P=0.86/R=0.90 | cyclist P=0.67/R=0.70
       box MAE (m): h=0.266, w=0.156, l=0.745, x=3.334, y=0.138, z=7.439, ry=1.239
  ** new best mean IoU on val: 0.3833 -> saved best_object_detection_model_run6_200epochs.pth

=== Epoch 34/200 ===
  iter 10/93 | loss=1.9245 | grad_norm=4.794
  iter 20/93 | loss=1.9746 | grad_norm=5.158
  iter 30/93 | loss=1.9187 | grad_norm=5.248
  iter 40/93 | loss=1.9277 | grad_norm=5.330
  iter 50/93 | loss=2.0453 | grad_norm=7.126
  iter 60/93 | loss=2.1146 | grad_norm=3.840
  iter 70/93 | loss=1.8162 | grad_norm=9.052
  iter 80/93 | loss=1.8258 | grad_norm=5.776
  iter 90/93 | loss=1.9157 | grad_norm=7.387
  iter 93/93 | loss=2.0503 | grad_norm=5.468
  epoch_time=80.1s | samples/s=93.0 | lr=1.38e-03 | grad_norm_mean=6.743 | peak_gpu=23186 MB | nan_batches: train=0 val=0
[train] loss=2.0307 (cls=0.1408 reg=0.0478 iou_l=0.6140) | acc=0.963 | mIoU=0.386 IoU@0.5=0.386 IoU@0.7=0.150
       per-class: vehicle P=0.99/R=0.97 | pedestrian P=0.89/R=0.93 | cyclist P=0.60/R=0.77
       box MAE (m): h=0.258, w=0.139, l=0.664, x=3.217, y=0.145, z=7.903, ry=1.124
[val  ] loss=2.0790 (cls=0.1819 reg=0.0487 iou_l=0.6162) | acc=0.940 | mIoU=0.384 IoU@0.5=0.390 IoU@0.7=0.148
       per-class: vehicle P=0.99/R=0.95 | pedestrian P=0.85/R=0.90 | cyclist P=0.46/R=0.88
       box MAE (m): h=0.251, w=0.150, l=0.815, x=3.299, y=0.136, z=7.576, ry=1.038
  ** new best mean IoU on val: 0.3838 -> saved best_object_detection_model_run6_200epochs.pth

=== Epoch 35/200 ===
  iter 10/93 | loss=1.9797 | grad_norm=6.083
  iter 20/93 | loss=2.1509 | grad_norm=5.051
  iter 30/93 | loss=1.9876 | grad_norm=7.805
  iter 40/93 | loss=2.1488 | grad_norm=7.434
  iter 50/93 | loss=1.7942 | grad_norm=8.154
  iter 60/93 | loss=2.1496 | grad_norm=5.995
  iter 70/93 | loss=2.0042 | grad_norm=10.770
  iter 80/93 | loss=1.8368 | grad_norm=5.132
  iter 90/93 | loss=2.1172 | grad_norm=7.770
  iter 93/93 | loss=2.1075 | grad_norm=6.952
  epoch_time=79.8s | samples/s=93.3 | lr=1.38e-03 | grad_norm_mean=7.449 | peak_gpu=23186 MB | nan_batches: train=0 val=0
[train] loss=2.0008 (cls=0.1284 reg=0.0475 iou_l=0.6083) | acc=0.965 | mIoU=0.392 IoU@0.5=0.397 IoU@0.7=0.150
       per-class: vehicle P=0.99/R=0.98 | pedestrian P=0.90/R=0.92 | cyclist P=0.64/R=0.81
       box MAE (m): h=0.253, w=0.138, l=0.667, x=3.196, y=0.144, z=7.818, ry=1.090
[val  ] loss=2.0606 (cls=0.1704 reg=0.0477 iou_l=0.6141) | acc=0.955 | mIoU=0.386 IoU@0.5=0.375 IoU@0.7=0.140
       per-class: vehicle P=0.98/R=0.97 | pedestrian P=0.93/R=0.90 | cyclist P=0.51/R=0.70
       box MAE (m): h=0.274, w=0.144, l=0.734, x=3.241, y=0.143, z=7.368, ry=1.080
  ** new best mean IoU on val: 0.3859 -> saved best_object_detection_model_run6_200epochs.pth

=== Epoch 36/200 ===
  iter 10/93 | loss=2.0554 | grad_norm=4.894
  iter 20/93 | loss=1.8974 | grad_norm=7.095
  iter 30/93 | loss=2.2911 | grad_norm=6.407
  iter 40/93 | loss=1.6984 | grad_norm=4.421
  iter 50/93 | loss=2.0430 | grad_norm=5.581
  iter 60/93 | loss=1.9404 | grad_norm=12.028
  iter 70/93 | loss=2.0735 | grad_norm=8.059
  iter 80/93 | loss=1.9897 | grad_norm=5.325
  iter 90/93 | loss=1.9371 | grad_norm=7.275
  iter 93/93 | loss=2.1030 | grad_norm=7.848
  epoch_time=79.9s | samples/s=93.2 | lr=1.37e-03 | grad_norm_mean=6.669 | peak_gpu=23186 MB | nan_batches: train=0 val=0
[train] loss=1.9780 (cls=0.1146 reg=0.0474 iou_l=0.6053) | acc=0.973 | mIoU=0.395 IoU@0.5=0.395 IoU@0.7=0.159
       per-class: vehicle P=0.99/R=0.98 | pedestrian P=0.91/R=0.93 | cyclist P=0.75/R=0.86
       box MAE (m): h=0.256, w=0.136, l=0.665, x=3.160, y=0.143, z=7.833, ry=1.125
[val  ] loss=2.0145 (cls=0.1365 reg=0.0472 iou_l=0.6103) | acc=0.963 | mIoU=0.390 IoU@0.5=0.392 IoU@0.7=0.132
       per-class: vehicle P=0.98/R=0.97 | pedestrian P=0.90/R=0.91 | cyclist P=0.69/R=0.84
       box MAE (m): h=0.246, w=0.134, l=0.661, x=3.131, y=0.139, z=7.646, ry=1.073
  ** new best mean IoU on val: 0.3897 -> saved best_object_detection_model_run6_200epochs.pth

=== Epoch 37/200 ===
  iter 10/93 | loss=2.0759 | grad_norm=6.576
  iter 20/93 | loss=2.3163 | grad_norm=8.132
  iter 30/93 | loss=1.8443 | grad_norm=6.290
  iter 40/93 | loss=1.9069 | grad_norm=4.627
  iter 50/93 | loss=1.9701 | grad_norm=6.984
  iter 60/93 | loss=2.2526 | grad_norm=6.175
  iter 70/93 | loss=1.8411 | grad_norm=7.933
  iter 80/93 | loss=2.0786 | grad_norm=7.882
  iter 90/93 | loss=2.0716 | grad_norm=5.995
  iter 93/93 | loss=2.1090 | grad_norm=5.335
  epoch_time=79.9s | samples/s=93.2 | lr=1.37e-03 | grad_norm_mean=6.839 | peak_gpu=23186 MB | nan_batches: train=0 val=0
[train] loss=1.9886 (cls=0.1210 reg=0.0468 iou_l=0.6069) | acc=0.967 | mIoU=0.393 IoU@0.5=0.404 IoU@0.7=0.152
       per-class: vehicle P=0.99/R=0.98 | pedestrian P=0.91/R=0.93 | cyclist P=0.63/R=0.82
       box MAE (m): h=0.252, w=0.134, l=0.655, x=3.166, y=0.141, z=7.788, ry=1.105
[val  ] loss=2.0779 (cls=0.1655 reg=0.0483 iou_l=0.6214) | acc=0.960 | mIoU=0.379 IoU@0.5=0.375 IoU@0.7=0.150
       per-class: vehicle P=0.98/R=0.97 | pedestrian P=0.88/R=0.89 | cyclist P=0.67/R=0.84
       box MAE (m): h=0.240, w=0.146, l=0.747, x=3.266, y=0.139, z=7.563, ry=1.070

=== Epoch 38/200 ===
  iter 10/93 | loss=1.8330 | grad_norm=7.232
  iter 20/93 | loss=2.1181 | grad_norm=7.887
  iter 30/93 | loss=1.9428 | grad_norm=6.868
  iter 40/93 | loss=1.9297 | grad_norm=5.463
  iter 50/93 | loss=2.2078 | grad_norm=6.762
  iter 60/93 | loss=2.0483 | grad_norm=8.736
  iter 70/93 | loss=1.9682 | grad_norm=8.949
  iter 80/93 | loss=2.1296 | grad_norm=5.202
  iter 90/93 | loss=1.7031 | grad_norm=5.577
  iter 93/93 | loss=1.9288 | grad_norm=4.959
  epoch_time=79.7s | samples/s=93.4 | lr=1.37e-03 | grad_norm_mean=7.282 | peak_gpu=23186 MB | nan_batches: train=0 val=0
[train] loss=1.9605 (cls=0.1117 reg=0.0456 iou_l=0.6011) | acc=0.970 | mIoU=0.399 IoU@0.5=0.404 IoU@0.7=0.160
       per-class: vehicle P=0.99/R=0.98 | pedestrian P=0.90/R=0.94 | cyclist P=0.69/R=0.85
       box MAE (m): h=0.254, w=0.136, l=0.655, x=3.090, y=0.143, z=7.657, ry=1.067
[val  ] loss=1.9769 (cls=0.1507 reg=0.0467 iou_l=0.5932) | acc=0.967 | mIoU=0.407 IoU@0.5=0.420 IoU@0.7=0.170
       per-class: vehicle P=0.98/R=0.98 | pedestrian P=0.88/R=0.91 | cyclist P=0.80/R=0.81
       box MAE (m): h=0.253, w=0.135, l=0.706, x=3.098, y=0.133, z=7.026, ry=1.069
  ** new best mean IoU on val: 0.4068 -> saved best_object_detection_model_run6_200epochs.pth

=== Epoch 39/200 ===
  iter 10/93 | loss=1.7967 | grad_norm=6.328
  iter 20/93 | loss=2.0639 | grad_norm=5.110
  iter 30/93 | loss=1.7606 | grad_norm=9.242
  iter 40/93 | loss=1.8685 | grad_norm=6.128
  iter 50/93 | loss=1.7029 | grad_norm=5.611
  iter 60/93 | loss=1.9551 | grad_norm=4.860
  iter 70/93 | loss=1.8917 | grad_norm=5.968
  iter 80/93 | loss=1.8363 | grad_norm=5.655
  iter 90/93 | loss=1.6708 | grad_norm=10.833
  iter 93/93 | loss=1.9201 | grad_norm=7.780
  epoch_time=79.6s | samples/s=93.5 | lr=1.36e-03 | grad_norm_mean=6.916 | peak_gpu=23186 MB | nan_batches: train=0 val=0
[train] loss=1.8779 (cls=0.0955 reg=0.0451 iou_l=0.5791) | acc=0.972 | mIoU=0.421 IoU@0.5=0.444 IoU@0.7=0.187
       per-class: vehicle P=0.99/R=0.98 | pedestrian P=0.92/R=0.93 | cyclist P=0.68/R=0.88
       box MAE (m): h=0.240, w=0.125, l=0.632, x=2.944, y=0.135, z=7.216, ry=1.072
[val  ] loss=1.9712 (cls=0.1620 reg=0.0442 iou_l=0.5884) | acc=0.963 | mIoU=0.412 IoU@0.5=0.421 IoU@0.7=0.186
       per-class: vehicle P=0.98/R=0.98 | pedestrian P=0.92/R=0.90 | cyclist P=0.64/R=0.81
       box MAE (m): h=0.237, w=0.130, l=0.658, x=2.986, y=0.134, z=7.211, ry=1.025
  ** new best mean IoU on val: 0.4116 -> saved best_object_detection_model_run6_200epochs.pth

=== Epoch 40/200 ===
  iter 10/93 | loss=1.9243 | grad_norm=7.421
  iter 20/93 | loss=1.9645 | grad_norm=4.991
  iter 30/93 | loss=1.9346 | grad_norm=8.524
  iter 40/93 | loss=2.0243 | grad_norm=6.322
  iter 50/93 | loss=1.9499 | grad_norm=5.521
  iter 60/93 | loss=1.9642 | grad_norm=6.162
  iter 70/93 | loss=2.0178 | grad_norm=6.807
  iter 80/93 | loss=1.8195 | grad_norm=7.858
  iter 90/93 | loss=1.7846 | grad_norm=7.469
  iter 93/93 | loss=1.6720 | grad_norm=5.564
  epoch_time=79.8s | samples/s=93.3 | lr=1.36e-03 | grad_norm_mean=7.339 | peak_gpu=23186 MB | nan_batches: train=0 val=0
[train] loss=1.8706 (cls=0.0900 reg=0.0444 iou_l=0.5787) | acc=0.974 | mIoU=0.421 IoU@0.5=0.440 IoU@0.7=0.193
       per-class: vehicle P=0.99/R=0.98 | pedestrian P=0.93/R=0.94 | cyclist P=0.64/R=0.88
       box MAE (m): h=0.234, w=0.125, l=0.624, x=2.944, y=0.135, z=7.138, ry=1.050
[val  ] loss=1.9902 (cls=0.1821 reg=0.0432 iou_l=0.5883) | acc=0.961 | mIoU=0.412 IoU@0.5=0.426 IoU@0.7=0.178
       per-class: vehicle P=0.98/R=0.98 | pedestrian P=0.90/R=0.90 | cyclist P=0.73/R=0.63
       box MAE (m): h=0.236, w=0.131, l=0.594, x=3.060, y=0.130, z=6.809, ry=1.024
  ** new best mean IoU on val: 0.4117 -> saved best_object_detection_model_run6_200epochs.pth

=== Epoch 41/200 ===
  iter 10/93 | loss=2.0119 | grad_norm=4.708
  iter 20/93 | loss=1.8360 | grad_norm=6.387
  iter 30/93 | loss=1.7953 | grad_norm=4.177
  iter 40/93 | loss=2.0793 | grad_norm=7.354
  iter 50/93 | loss=1.9440 | grad_norm=8.133
  iter 60/93 | loss=1.9161 | grad_norm=4.849
  iter 70/93 | loss=1.6940 | grad_norm=7.168
  iter 80/93 | loss=1.8075 | grad_norm=5.854
  iter 90/93 | loss=2.0889 | grad_norm=7.285
  iter 93/93 | loss=2.0141 | grad_norm=9.586
  epoch_time=79.9s | samples/s=93.3 | lr=1.35e-03 | grad_norm_mean=7.451 | peak_gpu=23186 MB | nan_batches: train=0 val=0
[train] loss=1.8429 (cls=0.0932 reg=0.0435 iou_l=0.5687) | acc=0.973 | mIoU=0.431 IoU@0.5=0.457 IoU@0.7=0.209
       per-class: vehicle P=0.99/R=0.98 | pedestrian P=0.92/R=0.95 | cyclist P=0.70/R=0.89
       box MAE (m): h=0.227, w=0.123, l=0.598, x=2.854, y=0.130, z=7.039, ry=1.044
[val  ] loss=2.0095 (cls=0.1909 reg=0.0443 iou_l=0.5914) | acc=0.964 | mIoU=0.409 IoU@0.5=0.425 IoU@0.7=0.185
       per-class: vehicle P=0.98/R=0.98 | pedestrian P=0.90/R=0.86 | cyclist P=0.85/R=0.79
       box MAE (m): h=0.226, w=0.152, l=0.619, x=3.028, y=0.128, z=7.309, ry=1.042

=== Epoch 42/200 ===
  iter 10/93 | loss=1.7749 | grad_norm=10.381
  iter 20/93 | loss=1.6468 | grad_norm=9.971
  iter 30/93 | loss=1.8356 | grad_norm=11.269
  iter 40/93 | loss=1.6440 | grad_norm=10.098
  iter 50/93 | loss=1.9277 | grad_norm=6.723
  iter 60/93 | loss=1.8912 | grad_norm=5.093
  iter 70/93 | loss=1.7743 | grad_norm=8.708
  iter 80/93 | loss=1.8582 | grad_norm=8.629
  iter 90/93 | loss=1.9341 | grad_norm=7.812
  iter 93/93 | loss=1.7477 | grad_norm=10.791
  epoch_time=79.8s | samples/s=93.3 | lr=1.35e-03 | grad_norm_mean=8.010 | peak_gpu=23186 MB | nan_batches: train=0 val=0
[train] loss=1.8539 (cls=0.1088 reg=0.0420 iou_l=0.5677) | acc=0.970 | mIoU=0.432 IoU@0.5=0.462 IoU@0.7=0.206
       per-class: vehicle P=0.99/R=0.98 | pedestrian P=0.91/R=0.93 | cyclist P=0.65/R=0.86
       box MAE (m): h=0.224, w=0.126, l=0.601, x=2.800, y=0.133, z=7.030, ry=1.021
[val  ] loss=1.9132 (cls=0.1390 reg=0.0416 iou_l=0.5775) | acc=0.967 | mIoU=0.422 IoU@0.5=0.444 IoU@0.7=0.187
       per-class: vehicle P=0.99/R=0.97 | pedestrian P=0.88/R=0.95 | cyclist P=0.78/R=0.84
       box MAE (m): h=0.214, w=0.124, l=0.589, x=2.841, y=0.135, z=6.724, ry=1.024
  ** new best mean IoU on val: 0.4225 -> saved best_object_detection_model_run6_200epochs.pth

=== Epoch 43/200 ===
  iter 10/93 | loss=1.7535 | grad_norm=7.973
  iter 20/93 | loss=1.7996 | grad_norm=6.652
  iter 30/93 | loss=1.7833 | grad_norm=13.606
  iter 40/93 | loss=2.0134 | grad_norm=7.508
  iter 50/93 | loss=1.7839 | grad_norm=4.649
  iter 60/93 | loss=1.7893 | grad_norm=6.944
  iter 70/93 | loss=1.7508 | grad_norm=5.800
  iter 80/93 | loss=1.8552 | grad_norm=5.796
  iter 90/93 | loss=1.7069 | grad_norm=5.549
  iter 93/93 | loss=1.8636 | grad_norm=6.390
  epoch_time=79.7s | samples/s=93.4 | lr=1.34e-03 | grad_norm_mean=7.549 | peak_gpu=23186 MB | nan_batches: train=0 val=0
[train] loss=1.7886 (cls=0.0792 reg=0.0412 iou_l=0.5561) | acc=0.978 | mIoU=0.444 IoU@0.5=0.481 IoU@0.7=0.220
       per-class: vehicle P=0.99/R=0.98 | pedestrian P=0.93/R=0.96 | cyclist P=0.73/R=0.89
       box MAE (m): h=0.219, w=0.120, l=0.575, x=2.719, y=0.128, z=6.948, ry=0.982
[val  ] loss=1.9146 (cls=0.1373 reg=0.0426 iou_l=0.5782) | acc=0.963 | mIoU=0.422 IoU@0.5=0.433 IoU@0.7=0.206
       per-class: vehicle P=0.99/R=0.97 | pedestrian P=0.87/R=0.95 | cyclist P=0.70/R=0.86
       box MAE (m): h=0.214, w=0.123, l=0.583, x=3.001, y=0.131, z=6.876, ry=0.994

=== Epoch 44/200 ===
  iter 10/93 | loss=1.7313 | grad_norm=8.476
  iter 20/93 | loss=1.7316 | grad_norm=8.145
  iter 30/93 | loss=1.9271 | grad_norm=5.841
  iter 40/93 | loss=1.6996 | grad_norm=7.205
  iter 50/93 | loss=1.9678 | grad_norm=5.528
  iter 60/93 | loss=1.7843 | grad_norm=8.244
  iter 70/93 | loss=2.0662 | grad_norm=5.956
  iter 80/93 | loss=1.7334 | grad_norm=5.434
  iter 90/93 | loss=1.8529 | grad_norm=5.521
  iter 93/93 | loss=1.7806 | grad_norm=8.934
  epoch_time=79.7s | samples/s=93.4 | lr=1.34e-03 | grad_norm_mean=7.469 | peak_gpu=23186 MB | nan_batches: train=0 val=0
[train] loss=1.7897 (cls=0.0825 reg=0.0411 iou_l=0.5553) | acc=0.975 | mIoU=0.445 IoU@0.5=0.483 IoU@0.7=0.231
       per-class: vehicle P=0.99/R=0.98 | pedestrian P=0.93/R=0.96 | cyclist P=0.67/R=0.86
       box MAE (m): h=0.220, w=0.119, l=0.567, x=2.733, y=0.128, z=6.860, ry=0.977
[val  ] loss=1.8876 (cls=0.1698 reg=0.0415 iou_l=0.5588) | acc=0.974 | mIoU=0.441 IoU@0.5=0.480 IoU@0.7=0.222
       per-class: vehicle P=0.98/R=0.99 | pedestrian P=0.94/R=0.92 | cyclist P=0.80/R=0.74
       box MAE (m): h=0.217, w=0.122, l=0.555, x=2.776, y=0.124, z=6.517, ry=1.013
  ** new best mean IoU on val: 0.4412 -> saved best_object_detection_model_run6_200epochs.pth

=== Epoch 45/200 ===
  iter 10/93 | loss=1.6625 | grad_norm=5.949
  iter 20/93 | loss=1.8157 | grad_norm=13.018
  iter 30/93 | loss=1.7546 | grad_norm=6.519
  iter 40/93 | loss=1.9089 | grad_norm=5.823
  iter 50/93 | loss=1.8793 | grad_norm=8.626
  iter 60/93 | loss=1.7827 | grad_norm=14.497
  iter 70/93 | loss=1.7488 | grad_norm=5.968
  iter 80/93 | loss=1.7515 | grad_norm=6.568
  iter 90/93 | loss=1.5338 | grad_norm=7.042
  iter 93/93 | loss=1.9449 | grad_norm=6.790
  epoch_time=79.7s | samples/s=93.5 | lr=1.33e-03 | grad_norm_mean=7.347 | peak_gpu=23186 MB | nan_batches: train=0 val=0
[train] loss=1.7525 (cls=0.0699 reg=0.0395 iou_l=0.5477) | acc=0.981 | mIoU=0.452 IoU@0.5=0.492 IoU@0.7=0.234
       per-class: vehicle P=0.99/R=0.99 | pedestrian P=0.94/R=0.96 | cyclist P=0.77/R=0.92
       box MAE (m): h=0.206, w=0.110, l=0.512, x=2.653, y=0.125, z=6.702, ry=0.963
[val  ] loss=1.8817 (cls=0.1511 reg=0.0420 iou_l=0.5629) | acc=0.957 | mIoU=0.437 IoU@0.5=0.461 IoU@0.7=0.218
       per-class: vehicle P=0.99/R=0.96 | pedestrian P=0.85/R=0.94 | cyclist P=0.62/R=0.88
       box MAE (m): h=0.194, w=0.121, l=0.568, x=2.828, y=0.121, z=6.290, ry=1.001

=== Epoch 46/200 ===
  iter 10/93 | loss=1.8374 | grad_norm=9.001
  iter 20/93 | loss=1.6818 | grad_norm=7.024
  iter 30/93 | loss=1.8754 | grad_norm=7.276
  iter 40/93 | loss=1.9353 | grad_norm=9.415
  iter 50/93 | loss=1.9167 | grad_norm=7.655
  iter 60/93 | loss=1.6270 | grad_norm=7.164
  iter 70/93 | loss=1.7302 | grad_norm=7.877
  iter 80/93 | loss=1.7275 | grad_norm=5.937
  iter 90/93 | loss=1.8657 | grad_norm=9.034
  iter 93/93 | loss=1.7076 | grad_norm=4.699
  epoch_time=79.7s | samples/s=93.4 | lr=1.33e-03 | grad_norm_mean=8.053 | peak_gpu=23186 MB | nan_batches: train=0 val=0
[train] loss=1.7572 (cls=0.0818 reg=0.0394 iou_l=0.5453) | acc=0.978 | mIoU=0.455 IoU@0.5=0.496 IoU@0.7=0.242
       per-class: vehicle P=0.99/R=0.98 | pedestrian P=0.94/R=0.95 | cyclist P=0.69/R=0.90
       box MAE (m): h=0.208, w=0.117, l=0.564, x=2.605, y=0.125, z=6.602, ry=0.968
[val  ] loss=1.9096 (cls=0.1894 reg=0.0419 iou_l=0.5594) | acc=0.971 | mIoU=0.441 IoU@0.5=0.472 IoU@0.7=0.220
       per-class: vehicle P=0.98/R=0.99 | pedestrian P=0.94/R=0.91 | cyclist P=0.81/R=0.70
       box MAE (m): h=0.204, w=0.118, l=0.605, x=2.640, y=0.118, z=6.737, ry=1.004

=== Epoch 47/200 ===
  iter 10/93 | loss=1.5775 | grad_norm=7.602
  iter 20/93 | loss=1.8255 | grad_norm=10.326
  iter 30/93 | loss=1.9275 | grad_norm=5.739
  iter 40/93 | loss=1.7095 | grad_norm=6.494
  iter 50/93 | loss=1.4730 | grad_norm=5.073
  iter 60/93 | loss=1.7953 | grad_norm=6.928
  iter 70/93 | loss=1.9853 | grad_norm=7.836
  iter 80/93 | loss=1.7222 | grad_norm=9.507
  iter 90/93 | loss=1.7687 | grad_norm=4.351
  iter 93/93 | loss=1.7243 | grad_norm=9.844
  epoch_time=80.0s | samples/s=93.1 | lr=1.32e-03 | grad_norm_mean=7.648 | peak_gpu=23186 MB | nan_batches: train=0 val=0
[train] loss=1.7318 (cls=0.0695 reg=0.0395 iou_l=0.5409) | acc=0.980 | mIoU=0.459 IoU@0.5=0.513 IoU@0.7=0.242
       per-class: vehicle P=0.99/R=0.99 | pedestrian P=0.93/R=0.95 | cyclist P=0.77/R=0.95
       box MAE (m): h=0.194, w=0.109, l=0.518, x=2.558, y=0.122, z=6.645, ry=0.975
[val  ] loss=1.8450 (cls=0.1588 reg=0.0397 iou_l=0.5488) | acc=0.971 | mIoU=0.451 IoU@0.5=0.496 IoU@0.7=0.243
       per-class: vehicle P=0.99/R=0.98 | pedestrian P=0.93/R=0.91 | cyclist P=0.70/R=0.81
       box MAE (m): h=0.190, w=0.117, l=0.594, x=2.691, y=0.120, z=6.507, ry=0.960
  ** new best mean IoU on val: 0.4512 -> saved best_object_detection_model_run6_200epochs.pth

=== Epoch 48/200 ===
  iter 10/93 | loss=1.5822 | grad_norm=9.940
  iter 20/93 | loss=1.7304 | grad_norm=5.514
  iter 30/93 | loss=1.8301 | grad_norm=8.318
  iter 40/93 | loss=1.7207 | grad_norm=9.833
  iter 50/93 | loss=1.5989 | grad_norm=8.874
  iter 60/93 | loss=1.7857 | grad_norm=11.334
  iter 70/93 | loss=1.6694 | grad_norm=9.015
  iter 80/93 | loss=2.0278 | grad_norm=7.708
  iter 90/93 | loss=1.6892 | grad_norm=7.337
  iter 93/93 | loss=1.8667 | grad_norm=5.117
  epoch_time=79.8s | samples/s=93.3 | lr=1.32e-03 | grad_norm_mean=8.046 | peak_gpu=23186 MB | nan_batches: train=0 val=0
[train] loss=1.7192 (cls=0.0767 reg=0.0383 iou_l=0.5347) | acc=0.979 | mIoU=0.465 IoU@0.5=0.518 IoU@0.7=0.255
       per-class: vehicle P=0.99/R=0.98 | pedestrian P=0.93/R=0.96 | cyclist P=0.74/R=0.90
       box MAE (m): h=0.192, w=0.108, l=0.519, x=2.513, y=0.122, z=6.464, ry=0.946
[val  ] loss=1.8111 (cls=0.1143 reg=0.0399 iou_l=0.5523) | acc=0.971 | mIoU=0.448 IoU@0.5=0.472 IoU@0.7=0.253
       per-class: vehicle P=0.99/R=0.98 | pedestrian P=0.95/R=0.91 | cyclist P=0.65/R=0.84
       box MAE (m): h=0.200, w=0.113, l=0.558, x=2.652, y=0.120, z=6.445, ry=0.941

=== Epoch 49/200 ===
  iter 10/93 | loss=1.6788 | grad_norm=5.971
  iter 20/93 | loss=1.5150 | grad_norm=5.730
  iter 30/93 | loss=1.7351 | grad_norm=10.804
  iter 40/93 | loss=1.8144 | grad_norm=9.657
  iter 50/93 | loss=1.6741 | grad_norm=8.291
  iter 60/93 | loss=1.5982 | grad_norm=9.694
  iter 70/93 | loss=1.5933 | grad_norm=10.694
  iter 80/93 | loss=1.9552 | grad_norm=6.322
  iter 90/93 | loss=1.7180 | grad_norm=10.642
  iter 93/93 | loss=1.5877 | grad_norm=8.214
  epoch_time=79.7s | samples/s=93.5 | lr=1.31e-03 | grad_norm_mean=7.561 | peak_gpu=23186 MB | nan_batches: train=0 val=0
[train] loss=1.7086 (cls=0.0804 reg=0.0383 iou_l=0.5300) | acc=0.978 | mIoU=0.470 IoU@0.5=0.520 IoU@0.7=0.272
       per-class: vehicle P=0.99/R=0.98 | pedestrian P=0.95/R=0.95 | cyclist P=0.69/R=0.91
       box MAE (m): h=0.195, w=0.113, l=0.528, x=2.469, y=0.120, z=6.389, ry=0.932
[val  ] loss=1.8292 (cls=0.1538 reg=0.0386 iou_l=0.5456) | acc=0.974 | mIoU=0.454 IoU@0.5=0.494 IoU@0.7=0.255
       per-class: vehicle P=0.99/R=0.99 | pedestrian P=0.91/R=0.93 | cyclist P=0.78/R=0.81
       box MAE (m): h=0.172, w=0.115, l=0.542, x=2.665, y=0.115, z=6.408, ry=0.926
  ** new best mean IoU on val: 0.4544 -> saved best_object_detection_model_run6_200epochs.pth

=== Epoch 50/200 ===
  iter 10/93 | loss=1.5879 | grad_norm=8.373
  iter 20/93 | loss=1.5473 | grad_norm=10.617
  iter 30/93 | loss=1.6239 | grad_norm=10.216
  iter 40/93 | loss=1.6343 | grad_norm=6.941
  iter 50/93 | loss=1.5909 | grad_norm=8.814
  iter 60/93 | loss=1.7375 | grad_norm=12.974
  iter 70/93 | loss=1.7033 | grad_norm=7.355
  iter 80/93 | loss=1.6286 | grad_norm=9.193
  iter 90/93 | loss=1.5693 | grad_norm=9.293
  iter 93/93 | loss=1.5845 | grad_norm=9.022
  epoch_time=79.8s | samples/s=93.4 | lr=1.31e-03 | grad_norm_mean=8.405 | peak_gpu=23186 MB | nan_batches: train=0 val=0
[train] loss=1.6691 (cls=0.0664 reg=0.0377 iou_l=0.5217) | acc=0.980 | mIoU=0.478 IoU@0.5=0.534 IoU@0.7=0.281
       per-class: vehicle P=0.99/R=0.99 | pedestrian P=0.93/R=0.96 | cyclist P=0.76/R=0.91
       box MAE (m): h=0.180, w=0.104, l=0.494, x=2.433, y=0.120, z=6.172, ry=0.938
[val  ] loss=1.8375 (cls=0.1693 reg=0.0405 iou_l=0.5425) | acc=0.968 | mIoU=0.457 IoU@0.5=0.498 IoU@0.7=0.250
       per-class: vehicle P=0.98/R=0.98 | pedestrian P=0.92/R=0.90 | cyclist P=0.71/R=0.81
       box MAE (m): h=0.188, w=0.115, l=0.545, x=2.698, y=0.119, z=6.135, ry=0.995
  ** new best mean IoU on val: 0.4575 -> saved best_object_detection_model_run6_200epochs.pth

=== Epoch 51/200 ===
  iter 10/93 | loss=1.7942 | grad_norm=5.495
  iter 20/93 | loss=1.4495 | grad_norm=7.880
  iter 30/93 | loss=1.8585 | grad_norm=10.008
  iter 40/93 | loss=1.6528 | grad_norm=5.704
  iter 50/93 | loss=1.8119 | grad_norm=5.798
  iter 60/93 | loss=1.6950 | grad_norm=8.265
  iter 70/93 | loss=1.5823 | grad_norm=8.890
  iter 80/93 | loss=1.5578 | grad_norm=5.341
  iter 90/93 | loss=1.5981 | grad_norm=7.765
  iter 93/93 | loss=1.5021 | grad_norm=10.292
  epoch_time=79.9s | samples/s=93.3 | lr=1.30e-03 | grad_norm_mean=8.110 | peak_gpu=23186 MB | nan_batches: train=0 val=0
[train] loss=1.6810 (cls=0.0729 reg=0.0370 iou_l=0.5237) | acc=0.979 | mIoU=0.476 IoU@0.5=0.522 IoU@0.7=0.278
       per-class: vehicle P=0.99/R=0.98 | pedestrian P=0.94/R=0.95 | cyclist P=0.73/R=0.93
       box MAE (m): h=0.189, w=0.106, l=0.502, x=2.357, y=0.118, z=6.354, ry=0.927
[val  ] loss=1.7599 (cls=0.1047 reg=0.0376 iou_l=0.5392) | acc=0.974 | mIoU=0.461 IoU@0.5=0.500 IoU@0.7=0.269
       per-class: vehicle P=0.99/R=0.98 | pedestrian P=0.91/R=0.94 | cyclist P=0.80/R=0.93
       box MAE (m): h=0.166, w=0.112, l=0.502, x=2.590, y=0.115, z=6.460, ry=0.913
  ** new best mean IoU on val: 0.4608 -> saved best_object_detection_model_run6_200epochs.pth

=== Epoch 52/200 ===
  iter 10/93 | loss=1.5017 | grad_norm=12.555
  iter 20/93 | loss=1.4556 | grad_norm=7.815
  iter 30/93 | loss=1.6966 | grad_norm=7.931
  iter 40/93 | loss=1.7204 | grad_norm=12.595
  iter 50/93 | loss=1.6711 | grad_norm=6.293
  iter 60/93 | loss=1.5912 | grad_norm=5.860
  iter 70/93 | loss=1.7320 | grad_norm=11.614
  iter 80/93 | loss=1.6154 | grad_norm=8.222
  iter 90/93 | loss=1.6194 | grad_norm=5.436
  iter 93/93 | loss=1.6637 | grad_norm=9.733
  epoch_time=79.7s | samples/s=93.4 | lr=1.29e-03 | grad_norm_mean=8.062 | peak_gpu=23186 MB | nan_batches: train=0 val=0
[train] loss=1.6333 (cls=0.0643 reg=0.0361 iou_l=0.5110) | acc=0.982 | mIoU=0.489 IoU@0.5=0.552 IoU@0.7=0.294
       per-class: vehicle P=0.99/R=0.99 | pedestrian P=0.94/R=0.97 | cyclist P=0.80/R=0.93
       box MAE (m): h=0.175, w=0.102, l=0.484, x=2.255, y=0.119, z=6.169, ry=0.925
[val  ] loss=1.8826 (cls=0.2164 reg=0.0397 iou_l=0.5421) | acc=0.959 | mIoU=0.458 IoU@0.5=0.503 IoU@0.7=0.254
       per-class: vehicle P=0.98/R=0.98 | pedestrian P=0.90/R=0.87 | cyclist P=0.68/R=0.70
       box MAE (m): h=0.206, w=0.123, l=0.579, x=2.492, y=0.127, z=6.349, ry=0.976

=== Epoch 53/200 ===
  iter 10/93 | loss=1.6309 | grad_norm=7.582
  iter 20/93 | loss=1.6632 | grad_norm=6.365
  iter 30/93 | loss=1.6355 | grad_norm=7.989
  iter 40/93 | loss=1.5694 | grad_norm=11.022
  iter 50/93 | loss=1.6308 | grad_norm=7.411
  iter 60/93 | loss=1.9434 | grad_norm=7.598
  iter 70/93 | loss=1.4497 | grad_norm=6.840
  iter 80/93 | loss=1.6594 | grad_norm=7.688
  iter 90/93 | loss=1.6975 | grad_norm=9.766
  iter 93/93 | loss=1.6850 | grad_norm=7.218
  epoch_time=80.2s | samples/s=92.8 | lr=1.29e-03 | grad_norm_mean=7.940 | peak_gpu=23186 MB | nan_batches: train=0 val=0
[train] loss=1.6465 (cls=0.0614 reg=0.0364 iou_l=0.5163) | acc=0.982 | mIoU=0.484 IoU@0.5=0.540 IoU@0.7=0.279
       per-class: vehicle P=0.99/R=0.99 | pedestrian P=0.94/R=0.96 | cyclist P=0.79/R=0.95
       box MAE (m): h=0.183, w=0.103, l=0.474, x=2.230, y=0.119, z=6.297, ry=0.929
[val  ] loss=1.7623 (cls=0.1451 reg=0.0388 iou_l=0.5261) | acc=0.973 | mIoU=0.474 IoU@0.5=0.513 IoU@0.7=0.272
       per-class: vehicle P=0.99/R=0.99 | pedestrian P=0.94/R=0.93 | cyclist P=0.77/R=0.77
       box MAE (m): h=0.168, w=0.110, l=0.492, x=2.393, y=0.114, z=5.939, ry=0.995
  ** new best mean IoU on val: 0.4739 -> saved best_object_detection_model_run6_200epochs.pth

=== Epoch 54/200 ===
  iter 10/93 | loss=1.6514 | grad_norm=5.093
  iter 20/93 | loss=1.4156 | grad_norm=7.860
  iter 30/93 | loss=1.5482 | grad_norm=7.828
  iter 40/93 | loss=1.4642 | grad_norm=7.343
  iter 50/93 | loss=1.5472 | grad_norm=12.529
  iter 60/93 | loss=1.5815 | grad_norm=14.176
  iter 70/93 | loss=1.8123 | grad_norm=6.921
  iter 80/93 | loss=1.5793 | grad_norm=6.928
  iter 90/93 | loss=1.5167 | grad_norm=9.145
  iter 93/93 | loss=1.6810 | grad_norm=9.040
  epoch_time=80.8s | samples/s=92.2 | lr=1.28e-03 | grad_norm_mean=8.202 | peak_gpu=23186 MB | nan_batches: train=0 val=0
[train] loss=1.5898 (cls=0.0589 reg=0.0352 iou_l=0.4986) | acc=0.983 | mIoU=0.501 IoU@0.5=0.565 IoU@0.7=0.317
       per-class: vehicle P=1.00/R=0.99 | pedestrian P=0.95/R=0.97 | cyclist P=0.76/R=0.92
       box MAE (m): h=0.181, w=0.097, l=0.456, x=2.155, y=0.112, z=6.004, ry=0.907
[val  ] loss=1.8304 (cls=0.1590 reg=0.0385 iou_l=0.5443) | acc=0.965 | mIoU=0.456 IoU@0.5=0.497 IoU@0.7=0.226
       per-class: vehicle P=0.99/R=0.98 | pedestrian P=0.90/R=0.90 | cyclist P=0.65/R=0.91
       box MAE (m): h=0.196, w=0.115, l=0.499, x=2.385, y=0.116, z=6.259, ry=1.005

=== Epoch 55/200 ===
  iter 10/93 | loss=1.6185 | grad_norm=12.345
  iter 20/93 | loss=1.4071 | grad_norm=8.433
  iter 30/93 | loss=1.5065 | grad_norm=6.572
  iter 40/93 | loss=1.7098 | grad_norm=6.565
  iter 50/93 | loss=1.6839 | grad_norm=8.560
  iter 60/93 | loss=1.4746 | grad_norm=5.643
  iter 70/93 | loss=1.6069 | grad_norm=9.556
  iter 80/93 | loss=1.5221 | grad_norm=6.704
  iter 90/93 | loss=1.5342 | grad_norm=10.640
  iter 93/93 | loss=2.1803 | grad_norm=6.867
  epoch_time=80.4s | samples/s=92.7 | lr=1.27e-03 | grad_norm_mean=8.477 | peak_gpu=23186 MB | nan_batches: train=0 val=0
[train] loss=1.5826 (cls=0.0563 reg=0.0355 iou_l=0.4969) | acc=0.984 | mIoU=0.503 IoU@0.5=0.575 IoU@0.7=0.317
       per-class: vehicle P=1.00/R=0.99 | pedestrian P=0.94/R=0.96 | cyclist P=0.80/R=0.95
       box MAE (m): h=0.174, w=0.099, l=0.447, x=2.113, y=0.113, z=5.985, ry=0.903
[val  ] loss=1.8528 (cls=0.2031 reg=0.0408 iou_l=0.5363) | acc=0.942 | mIoU=0.464 IoU@0.5=0.510 IoU@0.7=0.278
       per-class: vehicle P=0.99/R=0.94 | pedestrian P=0.73/R=0.97 | cyclist P=0.78/R=0.88
       box MAE (m): h=0.194, w=0.132, l=0.538, x=2.436, y=0.114, z=6.130, ry=1.075

=== Epoch 56/200 ===
  iter 10/93 | loss=1.6739 | grad_norm=5.361
  iter 20/93 | loss=1.5315 | grad_norm=6.174
  iter 30/93 | loss=1.5380 | grad_norm=10.683
  iter 40/93 | loss=1.5518 | grad_norm=7.570
  iter 50/93 | loss=1.6273 | grad_norm=7.841
  iter 60/93 | loss=1.5689 | grad_norm=9.675
  iter 70/93 | loss=1.8491 | grad_norm=9.482
  iter 80/93 | loss=1.4060 | grad_norm=8.182
  iter 90/93 | loss=1.6990 | grad_norm=7.692
  iter 93/93 | loss=1.4738 | grad_norm=7.970
  epoch_time=81.2s | samples/s=91.7 | lr=1.27e-03 | grad_norm_mean=7.903 | peak_gpu=23186 MB | nan_batches: train=0 val=0
[train] loss=1.5838 (cls=0.0643 reg=0.0348 iou_l=0.4949) | acc=0.980 | mIoU=0.505 IoU@0.5=0.572 IoU@0.7=0.319
       per-class: vehicle P=1.00/R=0.98 | pedestrian P=0.93/R=0.96 | cyclist P=0.78/R=0.95
       box MAE (m): h=0.176, w=0.098, l=0.446, x=2.101, y=0.111, z=5.931, ry=0.911
[val  ] loss=1.7043 (cls=0.1212 reg=0.0368 iou_l=0.5154) | acc=0.970 | mIoU=0.485 IoU@0.5=0.522 IoU@0.7=0.301
       per-class: vehicle P=0.99/R=0.97 | pedestrian P=0.91/R=0.95 | cyclist P=0.66/R=0.91
       box MAE (m): h=0.176, w=0.108, l=0.469, x=2.288, y=0.108, z=5.847, ry=0.922
  ** new best mean IoU on val: 0.4846 -> saved best_object_detection_model_run6_200epochs.pth

=== Epoch 57/200 ===
  iter 10/93 | loss=1.5327 | grad_norm=6.822
  iter 20/93 | loss=1.4336 | grad_norm=5.499
  iter 30/93 | loss=1.5414 | grad_norm=6.489
  iter 40/93 | loss=1.5572 | grad_norm=7.607
  iter 50/93 | loss=1.5115 | grad_norm=5.129
  iter 60/93 | loss=1.4743 | grad_norm=11.332
  iter 70/93 | loss=1.4973 | grad_norm=9.223
  iter 80/93 | loss=1.4030 | grad_norm=6.546
  iter 90/93 | loss=1.5719 | grad_norm=6.021
  iter 93/93 | loss=1.6102 | grad_norm=6.727
  epoch_time=81.1s | samples/s=91.8 | lr=1.26e-03 | grad_norm_mean=8.331 | peak_gpu=23186 MB | nan_batches: train=0 val=0
[train] loss=1.5333 (cls=0.0525 reg=0.0339 iou_l=0.4823) | acc=0.984 | mIoU=0.518 IoU@0.5=0.592 IoU@0.7=0.337
       per-class: vehicle P=1.00/R=0.99 | pedestrian P=0.94/R=0.96 | cyclist P=0.80/R=0.94
       box MAE (m): h=0.169, w=0.093, l=0.420, x=2.013, y=0.109, z=5.699, ry=0.876
[val  ] loss=1.6960 (cls=0.1337 reg=0.0364 iou_l=0.5087) | acc=0.975 | mIoU=0.491 IoU@0.5=0.538 IoU@0.7=0.300
       per-class: vehicle P=0.99/R=0.98 | pedestrian P=0.90/R=0.98 | cyclist P=0.82/R=0.84
       box MAE (m): h=0.165, w=0.107, l=0.490, x=2.223, y=0.109, z=5.842, ry=0.948
  ** new best mean IoU on val: 0.4913 -> saved best_object_detection_model_run6_200epochs.pth

=== Epoch 58/200 ===
  iter 10/93 | loss=1.6269 | grad_norm=10.166
  iter 20/93 | loss=1.5190 | grad_norm=12.727
  iter 30/93 | loss=1.5812 | grad_norm=6.839
  iter 40/93 | loss=1.6083 | grad_norm=9.716
  iter 50/93 | loss=1.4601 | grad_norm=7.644
  iter 60/93 | loss=1.3963 | grad_norm=7.370
  iter 70/93 | loss=1.5695 | grad_norm=7.754
  iter 80/93 | loss=1.4451 | grad_norm=10.075
  iter 90/93 | loss=1.2769 | grad_norm=8.813
  iter 93/93 | loss=1.5690 | grad_norm=7.704
  epoch_time=80.9s | samples/s=92.0 | lr=1.25e-03 | grad_norm_mean=8.863 | peak_gpu=23186 MB | nan_batches: train=0 val=0
[train] loss=1.5336 (cls=0.0515 reg=0.0329 iou_l=0.4831) | acc=0.985 | mIoU=0.517 IoU@0.5=0.588 IoU@0.7=0.338
       per-class: vehicle P=1.00/R=0.99 | pedestrian P=0.96/R=0.98 | cyclist P=0.76/R=0.94
       box MAE (m): h=0.163, w=0.094, l=0.440, x=2.001, y=0.111, z=5.708, ry=0.853
[val  ] loss=1.6977 (cls=0.1311 reg=0.0357 iou_l=0.5103) | acc=0.982 | mIoU=0.490 IoU@0.5=0.540 IoU@0.7=0.305
       per-class: vehicle P=0.99/R=0.99 | pedestrian P=0.98/R=0.94 | cyclist P=0.87/R=0.79
       box MAE (m): h=0.163, w=0.109, l=0.476, x=2.229, y=0.113, z=5.624, ry=0.901

=== Epoch 59/200 ===
  iter 10/93 | loss=1.6199 | grad_norm=9.721
  iter 20/93 | loss=1.2496 | grad_norm=11.794
  iter 30/93 | loss=1.4428 | grad_norm=6.902
  iter 40/93 | loss=1.5610 | grad_norm=9.155
  iter 50/93 | loss=1.4880 | grad_norm=4.957
  iter 60/93 | loss=1.5436 | grad_norm=6.966
  iter 70/93 | loss=1.4742 | grad_norm=7.414
  iter 80/93 | loss=1.4798 | grad_norm=10.745
  iter 90/93 | loss=1.2985 | grad_norm=10.939
  iter 93/93 | loss=1.5986 | grad_norm=8.905
  epoch_time=81.1s | samples/s=91.9 | lr=1.24e-03 | grad_norm_mean=8.846 | peak_gpu=23186 MB | nan_batches: train=0 val=0
[train] loss=1.5364 (cls=0.0550 reg=0.0334 iou_l=0.4827) | acc=0.982 | mIoU=0.517 IoU@0.5=0.593 IoU@0.7=0.333
       per-class: vehicle P=1.00/R=0.99 | pedestrian P=0.93/R=0.96 | cyclist P=0.81/R=0.97
       box MAE (m): h=0.163, w=0.094, l=0.427, x=2.028, y=0.108, z=5.636, ry=0.853
[val  ] loss=1.6459 (cls=0.1308 reg=0.0365 iou_l=0.4929) | acc=0.975 | mIoU=0.507 IoU@0.5=0.570 IoU@0.7=0.337
       per-class: vehicle P=0.99/R=0.98 | pedestrian P=0.91/R=0.96 | cyclist P=0.87/R=0.77
       box MAE (m): h=0.165, w=0.108, l=0.461, x=2.159, y=0.105, z=5.471, ry=0.946
  ** new best mean IoU on val: 0.5071 -> saved best_object_detection_model_run6_200epochs.pth

=== Epoch 60/200 ===
  iter 10/93 | loss=1.3424 | grad_norm=5.993
  iter 20/93 | loss=1.6047 | grad_norm=8.488
  iter 30/93 | loss=1.4877 | grad_norm=9.945
  iter 40/93 | loss=1.8056 | grad_norm=8.439
  iter 50/93 | loss=1.5364 | grad_norm=7.190
  iter 60/93 | loss=1.3420 | grad_norm=7.839
  iter 70/93 | loss=1.5406 | grad_norm=16.034
  iter 80/93 | loss=1.6078 | grad_norm=8.415
  iter 90/93 | loss=1.3689 | grad_norm=7.109
  iter 93/93 | loss=1.4576 | grad_norm=9.421
  epoch_time=81.1s | samples/s=91.9 | lr=1.24e-03 | grad_norm_mean=8.221 | peak_gpu=23186 MB | nan_batches: train=0 val=0
[train] loss=1.5316 (cls=0.0558 reg=0.0337 iou_l=0.4807) | acc=0.984 | mIoU=0.519 IoU@0.5=0.593 IoU@0.7=0.352
       per-class: vehicle P=1.00/R=0.99 | pedestrian P=0.95/R=0.96 | cyclist P=0.77/R=0.92
       box MAE (m): h=0.160, w=0.092, l=0.425, x=2.015, y=0.108, z=5.719, ry=0.880
[val  ] loss=1.7071 (cls=0.1345 reg=0.0367 iou_l=0.5119) | acc=0.979 | mIoU=0.488 IoU@0.5=0.540 IoU@0.7=0.290
       per-class: vehicle P=0.99/R=0.99 | pedestrian P=0.93/R=0.96 | cyclist P=0.83/R=0.81
       box MAE (m): h=0.169, w=0.106, l=0.447, x=2.173, y=0.109, z=5.647, ry=0.962

=== Epoch 61/200 ===
  iter 10/93 | loss=1.6326 | grad_norm=10.647
  iter 20/93 | loss=1.5112 | grad_norm=9.950
  iter 30/93 | loss=1.6420 | grad_norm=7.119
  iter 40/93 | loss=1.4836 | grad_norm=7.112
  iter 50/93 | loss=1.6052 | grad_norm=6.644
  iter 60/93 | loss=1.4473 | grad_norm=11.902
  iter 70/93 | loss=1.3973 | grad_norm=8.969
  iter 80/93 | loss=1.5991 | grad_norm=8.873
  iter 90/93 | loss=1.4405 | grad_norm=7.053
  iter 93/93 | loss=1.2466 | grad_norm=6.281
  epoch_time=81.4s | samples/s=91.6 | lr=1.23e-03 | grad_norm_mean=8.459 | peak_gpu=23186 MB | nan_batches: train=0 val=0
[train] loss=1.5187 (cls=0.0571 reg=0.0333 iou_l=0.4761) | acc=0.981 | mIoU=0.524 IoU@0.5=0.600 IoU@0.7=0.346
       per-class: vehicle P=0.99/R=0.99 | pedestrian P=0.94/R=0.96 | cyclist P=0.76/R=0.93
       box MAE (m): h=0.161, w=0.093, l=0.409, x=1.986, y=0.109, z=5.571, ry=0.877
[val  ] loss=1.6435 (cls=0.1151 reg=0.0371 iou_l=0.4971) | acc=0.975 | mIoU=0.503 IoU@0.5=0.552 IoU@0.7=0.317
       per-class: vehicle P=0.99/R=0.98 | pedestrian P=0.91/R=0.95 | cyclist P=0.83/R=0.88
       box MAE (m): h=0.159, w=0.107, l=0.448, x=2.285, y=0.105, z=5.266, ry=0.962

=== Epoch 62/200 ===
  iter 10/93 | loss=1.6230 | grad_norm=8.473
  iter 20/93 | loss=1.5798 | grad_norm=9.191
  iter 30/93 | loss=1.5449 | grad_norm=6.409
  iter 40/93 | loss=1.4125 | grad_norm=9.471
  iter 50/93 | loss=1.5355 | grad_norm=7.419
  iter 60/93 | loss=1.3415 | grad_norm=12.183
  iter 70/93 | loss=1.4180 | grad_norm=9.660
  iter 80/93 | loss=1.2807 | grad_norm=9.175
  iter 90/93 | loss=1.7207 | grad_norm=8.811
  iter 93/93 | loss=1.4920 | grad_norm=9.780
  epoch_time=81.4s | samples/s=91.5 | lr=1.22e-03 | grad_norm_mean=8.211 | peak_gpu=23186 MB | nan_batches: train=0 val=0
[train] loss=1.4846 (cls=0.0516 reg=0.0321 iou_l=0.4670) | acc=0.985 | mIoU=0.533 IoU@0.5=0.613 IoU@0.7=0.368
       per-class: vehicle P=1.00/R=0.99 | pedestrian P=0.95/R=0.97 | cyclist P=0.79/R=0.94
       box MAE (m): h=0.154, w=0.091, l=0.408, x=1.943, y=0.106, z=5.387, ry=0.838
[val  ] loss=1.6802 (cls=0.1573 reg=0.0350 iou_l=0.4960) | acc=0.975 | mIoU=0.504 IoU@0.5=0.552 IoU@0.7=0.326
       per-class: vehicle P=0.99/R=0.98 | pedestrian P=0.91/R=0.96 | cyclist P=0.82/R=0.84
       box MAE (m): h=0.156, w=0.102, l=0.463, x=2.088, y=0.106, z=5.523, ry=0.920

=== Epoch 63/200 ===
  iter 10/93 | loss=1.4046 | grad_norm=9.478
  iter 20/93 | loss=1.3033 | grad_norm=9.455
  iter 30/93 | loss=1.5120 | grad_norm=11.897
  iter 40/93 | loss=1.1440 | grad_norm=11.267
  iter 50/93 | loss=1.6824 | grad_norm=7.879
  iter 60/93 | loss=1.3944 | grad_norm=14.159
  iter 70/93 | loss=1.4393 | grad_norm=10.685
  iter 80/93 | loss=1.5295 | grad_norm=6.624
  iter 90/93 | loss=1.6432 | grad_norm=5.925
  iter 93/93 | loss=1.3658 | grad_norm=9.456
  epoch_time=80.9s | samples/s=92.1 | lr=1.21e-03 | grad_norm_mean=9.280 | peak_gpu=23186 MB | nan_batches: train=0 val=0
[train] loss=1.4448 (cls=0.0448 reg=0.0308 iou_l=0.4564) | acc=0.985 | mIoU=0.544 IoU@0.5=0.629 IoU@0.7=0.387
       per-class: vehicle P=1.00/R=0.99 | pedestrian P=0.95/R=0.97 | cyclist P=0.82/R=0.95
       box MAE (m): h=0.151, w=0.089, l=0.401, x=1.851, y=0.107, z=5.261, ry=0.819
[val  ] loss=1.6183 (cls=0.1286 reg=0.0344 iou_l=0.4851) | acc=0.979 | mIoU=0.515 IoU@0.5=0.574 IoU@0.7=0.348
       per-class: vehicle P=0.99/R=0.99 | pedestrian P=0.93/R=0.93 | cyclist P=0.88/R=0.86
       box MAE (m): h=0.188, w=0.102, l=0.430, x=2.150, y=0.100, z=5.352, ry=0.920
  ** new best mean IoU on val: 0.5149 -> saved best_object_detection_model_run6_200epochs.pth

=== Epoch 64/200 ===
  iter 10/93 | loss=1.5760 | grad_norm=6.914
  iter 20/93 | loss=1.5804 | grad_norm=7.314
  iter 30/93 | loss=1.1777 | grad_norm=9.682
  iter 40/93 | loss=1.2845 | grad_norm=8.680
  iter 50/93 | loss=1.4307 | grad_norm=6.171
  iter 60/93 | loss=1.5322 | grad_norm=8.932
  iter 70/93 | loss=1.5568 | grad_norm=9.958
  iter 80/93 | loss=1.5025 | grad_norm=7.860
  iter 90/93 | loss=1.3910 | grad_norm=8.245
  iter 93/93 | loss=1.3656 | grad_norm=9.938
  epoch_time=80.9s | samples/s=92.0 | lr=1.20e-03 | grad_norm_mean=8.176 | peak_gpu=23186 MB | nan_batches: train=0 val=0
[train] loss=1.4493 (cls=0.0417 reg=0.0314 iou_l=0.4588) | acc=0.987 | mIoU=0.541 IoU@0.5=0.632 IoU@0.7=0.389
       per-class: vehicle P=1.00/R=0.99 | pedestrian P=0.96/R=0.98 | cyclist P=0.82/R=0.94
       box MAE (m): h=0.154, w=0.090, l=0.411, x=1.886, y=0.102, z=5.326, ry=0.834
[val  ] loss=1.6246 (cls=0.1447 reg=0.0352 iou_l=0.4816) | acc=0.973 | mIoU=0.518 IoU@0.5=0.589 IoU@0.7=0.353
       per-class: vehicle P=0.99/R=0.99 | pedestrian P=0.94/R=0.92 | cyclist P=0.71/R=0.84
       box MAE (m): h=0.161, w=0.101, l=0.462, x=2.107, y=0.106, z=5.415, ry=0.935
  ** new best mean IoU on val: 0.5184 -> saved best_object_detection_model_run6_200epochs.pth

=== Epoch 65/200 ===
  iter 10/93 | loss=1.5351 | grad_norm=10.277
  iter 20/93 | loss=1.4546 | grad_norm=7.597
  iter 30/93 | loss=1.6128 | grad_norm=8.112
  iter 40/93 | loss=1.4143 | grad_norm=11.310
  iter 50/93 | loss=1.4951 | grad_norm=10.651
  iter 60/93 | loss=1.2760 | grad_norm=10.718
  iter 70/93 | loss=1.5327 | grad_norm=8.194
  iter 80/93 | loss=1.3286 | grad_norm=6.831
  iter 90/93 | loss=1.3749 | grad_norm=6.436
  iter 93/93 | loss=1.4153 | grad_norm=7.566
  epoch_time=80.8s | samples/s=92.2 | lr=1.19e-03 | grad_norm_mean=9.350 | peak_gpu=23186 MB | nan_batches: train=0 val=0
[train] loss=1.4331 (cls=0.0435 reg=0.0314 iou_l=0.4528) | acc=0.986 | mIoU=0.547 IoU@0.5=0.640 IoU@0.7=0.387
       per-class: vehicle P=1.00/R=0.99 | pedestrian P=0.96/R=0.97 | cyclist P=0.78/R=0.97
       box MAE (m): h=0.142, w=0.087, l=0.385, x=1.856, y=0.101, z=5.285, ry=0.825
[val  ] loss=1.6109 (cls=0.1547 reg=0.0342 iou_l=0.4740) | acc=0.976 | mIoU=0.526 IoU@0.5=0.597 IoU@0.7=0.362
       per-class: vehicle P=0.99/R=0.98 | pedestrian P=0.90/R=0.98 | cyclist P=0.84/R=0.84
       box MAE (m): h=0.162, w=0.095, l=0.448, x=2.041, y=0.104, z=5.079, ry=0.928
  ** new best mean IoU on val: 0.5260 -> saved best_object_detection_model_run6_200epochs.pth

=== Epoch 66/200 ===
  iter 10/93 | loss=1.4120 | grad_norm=11.235
  iter 20/93 | loss=1.4454 | grad_norm=7.016
  iter 30/93 | loss=1.4037 | grad_norm=8.085
  iter 40/93 | loss=1.4838 | grad_norm=12.414
  iter 50/93 | loss=1.4224 | grad_norm=11.981
  iter 60/93 | loss=1.5168 | grad_norm=8.295
  iter 70/93 | loss=1.3841 | grad_norm=10.739
  iter 80/93 | loss=1.4094 | grad_norm=8.995
  iter 90/93 | loss=1.3552 | grad_norm=9.237
  iter 93/93 | loss=1.3832 | grad_norm=9.566
  epoch_time=80.9s | samples/s=92.1 | lr=1.19e-03 | grad_norm_mean=9.342 | peak_gpu=23186 MB | nan_batches: train=0 val=0
[train] loss=1.4332 (cls=0.0455 reg=0.0304 iou_l=0.4524) | acc=0.985 | mIoU=0.548 IoU@0.5=0.635 IoU@0.7=0.404
       per-class: vehicle P=1.00/R=0.99 | pedestrian P=0.95/R=0.98 | cyclist P=0.78/R=0.94
       box MAE (m): h=0.153, w=0.087, l=0.384, x=1.812, y=0.104, z=5.260, ry=0.806
[val  ] loss=1.5957 (cls=0.1552 reg=0.0335 iou_l=0.4690) | acc=0.979 | mIoU=0.531 IoU@0.5=0.608 IoU@0.7=0.361
       per-class: vehicle P=0.98/R=0.99 | pedestrian P=0.97/R=0.90 | cyclist P=0.88/R=0.86
       box MAE (m): h=0.163, w=0.097, l=0.428, x=2.027, y=0.104, z=5.002, ry=0.913
  ** new best mean IoU on val: 0.5310 -> saved best_object_detection_model_run6_200epochs.pth

=== Epoch 67/200 ===
  iter 10/93 | loss=1.5493 | grad_norm=10.456
  iter 20/93 | loss=1.1782 | grad_norm=9.770
  iter 30/93 | loss=1.5658 | grad_norm=4.697
  iter 40/93 | loss=1.2345 | grad_norm=13.887
  iter 50/93 | loss=1.5156 | grad_norm=7.688
  iter 60/93 | loss=1.5611 | grad_norm=7.371
  iter 70/93 | loss=1.3496 | grad_norm=10.873
  iter 80/93 | loss=1.3286 | grad_norm=8.188
  iter 90/93 | loss=1.6270 | grad_norm=12.242
  iter 93/93 | loss=1.6118 | grad_norm=11.390
  epoch_time=81.0s | samples/s=92.0 | lr=1.18e-03 | grad_norm_mean=9.236 | peak_gpu=23186 MB | nan_batches: train=0 val=0
[train] loss=1.4257 (cls=0.0534 reg=0.0307 iou_l=0.4472) | acc=0.985 | mIoU=0.553 IoU@0.5=0.647 IoU@0.7=0.406
       per-class: vehicle P=1.00/R=0.99 | pedestrian P=0.95/R=0.97 | cyclist P=0.78/R=0.94
       box MAE (m): h=0.146, w=0.086, l=0.378, x=1.812, y=0.103, z=5.170, ry=0.809
[val  ] loss=1.6561 (cls=0.1464 reg=0.0345 iou_l=0.4917) | acc=0.978 | mIoU=0.508 IoU@0.5=0.579 IoU@0.7=0.331
       per-class: vehicle P=0.99/R=0.99 | pedestrian P=0.95/R=0.93 | cyclist P=0.86/R=0.84
       box MAE (m): h=0.169, w=0.107, l=0.435, x=2.162, y=0.105, z=5.222, ry=0.924

=== Epoch 68/200 ===
  iter 10/93 | loss=1.4593 | grad_norm=7.102
  iter 20/93 | loss=1.1599 | grad_norm=5.979
  iter 30/93 | loss=1.3711 | grad_norm=8.135
  iter 40/93 | loss=1.4799 | grad_norm=8.333
  iter 50/93 | loss=1.4580 | grad_norm=6.894
  iter 60/93 | loss=1.3541 | grad_norm=6.870
  iter 70/93 | loss=1.4048 | grad_norm=11.334
  iter 80/93 | loss=1.4385 | grad_norm=6.772
  iter 90/93 | loss=1.4771 | grad_norm=5.640
  iter 93/93 | loss=1.4024 | grad_norm=10.541
  epoch_time=80.6s | samples/s=92.4 | lr=1.17e-03 | grad_norm_mean=8.589 | peak_gpu=23186 MB | nan_batches: train=0 val=0
[train] loss=1.4171 (cls=0.0471 reg=0.0300 iou_l=0.4467) | acc=0.986 | mIoU=0.553 IoU@0.5=0.644 IoU@0.7=0.402
       per-class: vehicle P=1.00/R=0.99 | pedestrian P=0.95/R=0.97 | cyclist P=0.83/R=0.96
       box MAE (m): h=0.152, w=0.084, l=0.379, x=1.806, y=0.099, z=4.921, ry=0.806
[val  ] loss=1.5348 (cls=0.1077 reg=0.0326 iou_l=0.4648) | acc=0.975 | mIoU=0.535 IoU@0.5=0.609 IoU@0.7=0.375
       per-class: vehicle P=0.99/R=0.98 | pedestrian P=0.91/R=0.97 | cyclist P=0.77/R=0.86
       box MAE (m): h=0.157, w=0.095, l=0.402, x=1.931, y=0.096, z=4.973, ry=0.862
  ** new best mean IoU on val: 0.5352 -> saved best_object_detection_model_run6_200epochs.pth

=== Epoch 69/200 ===
  iter 10/93 | loss=1.2627 | grad_norm=7.705
  iter 20/93 | loss=1.5378 | grad_norm=6.851
  iter 30/93 | loss=1.3398 | grad_norm=7.558
  iter 40/93 | loss=1.3333 | grad_norm=6.742
  iter 50/93 | loss=1.4627 | grad_norm=6.083
  iter 60/93 | loss=1.5286 | grad_norm=11.067
  iter 70/93 | loss=1.4821 | grad_norm=10.486
  iter 80/93 | loss=1.3567 | grad_norm=10.571
  iter 90/93 | loss=1.5973 | grad_norm=8.517
  iter 93/93 | loss=1.1639 | grad_norm=7.799
  epoch_time=81.2s | samples/s=91.7 | lr=1.16e-03 | grad_norm_mean=8.970 | peak_gpu=23186 MB | nan_batches: train=0 val=0
[train] loss=1.3961 (cls=0.0464 reg=0.0299 iou_l=0.4399) | acc=0.986 | mIoU=0.560 IoU@0.5=0.664 IoU@0.7=0.407
       per-class: vehicle P=1.00/R=0.99 | pedestrian P=0.96/R=0.98 | cyclist P=0.80/R=0.96
       box MAE (m): h=0.147, w=0.085, l=0.357, x=1.801, y=0.098, z=4.937, ry=0.783
[val  ] loss=1.5581 (cls=0.1152 reg=0.0356 iou_l=0.4691) | acc=0.973 | mIoU=0.531 IoU@0.5=0.614 IoU@0.7=0.372
       per-class: vehicle P=0.99/R=0.98 | pedestrian P=0.92/R=0.96 | cyclist P=0.73/R=0.88
       box MAE (m): h=0.141, w=0.093, l=0.393, x=2.041, y=0.098, z=5.262, ry=0.865

=== Epoch 70/200 ===
  iter 10/93 | loss=1.4295 | grad_norm=11.673
  iter 20/93 | loss=1.3155 | grad_norm=14.281
  iter 30/93 | loss=1.4323 | grad_norm=8.138
  iter 40/93 | loss=1.1396 | grad_norm=11.628
  iter 50/93 | loss=1.4993 | grad_norm=6.423
  iter 60/93 | loss=1.4192 | grad_norm=8.413
  iter 70/93 | loss=1.1735 | grad_norm=7.366
  iter 80/93 | loss=1.2526 | grad_norm=6.638
  iter 90/93 | loss=1.5202 | grad_norm=7.929
  iter 93/93 | loss=1.3173 | grad_norm=14.998
  epoch_time=81.0s | samples/s=91.9 | lr=1.15e-03 | grad_norm_mean=9.338 | peak_gpu=23186 MB | nan_batches: train=0 val=0
[train] loss=1.3537 (cls=0.0361 reg=0.0294 iou_l=0.4294) | acc=0.989 | mIoU=0.571 IoU@0.5=0.677 IoU@0.7=0.428
       per-class: vehicle P=1.00/R=0.99 | pedestrian P=0.96/R=0.98 | cyclist P=0.87/R=0.99
       box MAE (m): h=0.138, w=0.083, l=0.338, x=1.691, y=0.095, z=4.794, ry=0.789
[val  ] loss=1.5737 (cls=0.1392 reg=0.0344 iou_l=0.4667) | acc=0.978 | mIoU=0.533 IoU@0.5=0.620 IoU@0.7=0.369
       per-class: vehicle P=0.99/R=0.99 | pedestrian P=0.96/R=0.95 | cyclist P=0.73/R=0.86
       box MAE (m): h=0.164, w=0.093, l=0.391, x=2.015, y=0.103, z=5.118, ry=0.880

=== Epoch 71/200 ===
  iter 10/93 | loss=1.3137 | grad_norm=7.292
  iter 20/93 | loss=1.2391 | grad_norm=8.787
  iter 30/93 | loss=1.3408 | grad_norm=8.020
  iter 40/93 | loss=1.2020 | grad_norm=6.813
  iter 50/93 | loss=1.3614 | grad_norm=9.583
  iter 60/93 | loss=1.3548 | grad_norm=14.023
  iter 70/93 | loss=1.2653 | grad_norm=9.054
  iter 80/93 | loss=1.4207 | grad_norm=9.310
  iter 90/93 | loss=1.2589 | grad_norm=6.924
  iter 93/93 | loss=1.3133 | grad_norm=8.727
  epoch_time=80.9s | samples/s=92.1 | lr=1.14e-03 | grad_norm_mean=9.607 | peak_gpu=23186 MB | nan_batches: train=0 val=0
[train] loss=1.3453 (cls=0.0358 reg=0.0288 iou_l=0.4269) | acc=0.988 | mIoU=0.573 IoU@0.5=0.680 IoU@0.7=0.438
       per-class: vehicle P=1.00/R=0.99 | pedestrian P=0.96/R=0.98 | cyclist P=0.81/R=0.97
       box MAE (m): h=0.143, w=0.083, l=0.332, x=1.696, y=0.092, z=4.693, ry=0.782
[val  ] loss=1.5433 (cls=0.1331 reg=0.0318 iou_l=0.4595) | acc=0.977 | mIoU=0.541 IoU@0.5=0.640 IoU@0.7=0.379
       per-class: vehicle P=0.99/R=0.99 | pedestrian P=0.95/R=0.94 | cyclist P=0.77/R=0.86
       box MAE (m): h=0.158, w=0.091, l=0.396, x=1.939, y=0.095, z=4.713, ry=0.859
  ** new best mean IoU on val: 0.5405 -> saved best_object_detection_model_run6_200epochs.pth

=== Epoch 72/200 ===
  iter 10/93 | loss=1.2581 | grad_norm=11.622
  iter 20/93 | loss=1.2959 | grad_norm=12.208
  iter 30/93 | loss=1.2810 | grad_norm=10.500
  iter 40/93 | loss=1.4855 | grad_norm=9.814
  iter 50/93 | loss=1.3120 | grad_norm=13.062
  iter 60/93 | loss=1.3773 | grad_norm=6.757
  iter 70/93 | loss=1.3191 | grad_norm=9.900
  iter 80/93 | loss=1.1801 | grad_norm=15.575
  iter 90/93 | loss=1.2885 | grad_norm=12.799
  iter 93/93 | loss=1.4127 | grad_norm=12.321
  epoch_time=80.8s | samples/s=92.2 | lr=1.13e-03 | grad_norm_mean=9.781 | peak_gpu=23186 MB | nan_batches: train=0 val=0
[train] loss=1.3298 (cls=0.0359 reg=0.0288 iou_l=0.4217) | acc=0.989 | mIoU=0.578 IoU@0.5=0.686 IoU@0.7=0.441
       per-class: vehicle P=1.00/R=0.99 | pedestrian P=0.96/R=0.98 | cyclist P=0.85/R=0.98
       box MAE (m): h=0.138, w=0.078, l=0.330, x=1.690, y=0.092, z=4.612, ry=0.773
[val  ] loss=1.5725 (cls=0.1764 reg=0.0326 iou_l=0.4545) | acc=0.973 | mIoU=0.546 IoU@0.5=0.637 IoU@0.7=0.391
       per-class: vehicle P=0.99/R=0.99 | pedestrian P=0.93/R=0.91 | cyclist P=0.70/R=0.86
       box MAE (m): h=0.143, w=0.094, l=0.402, x=1.923, y=0.092, z=4.985, ry=0.837
  ** new best mean IoU on val: 0.5455 -> saved best_object_detection_model_run6_200epochs.pth

=== Epoch 73/200 ===
  iter 10/93 | loss=1.1711 | grad_norm=5.791
  iter 20/93 | loss=1.2067 | grad_norm=7.358
  iter 30/93 | loss=1.4973 | grad_norm=8.401
  iter 40/93 | loss=1.3791 | grad_norm=7.617
  iter 50/93 | loss=1.3400 | grad_norm=7.733
  iter 60/93 | loss=1.3742 | grad_norm=7.011
  iter 70/93 | loss=1.1236 | grad_norm=7.609
  iter 80/93 | loss=1.5702 | grad_norm=7.042
  iter 90/93 | loss=1.5207 | grad_norm=9.903
  iter 93/93 | loss=1.2195 | grad_norm=8.922
  epoch_time=80.9s | samples/s=92.1 | lr=1.12e-03 | grad_norm_mean=9.337 | peak_gpu=23186 MB | nan_batches: train=0 val=0
[train] loss=1.3378 (cls=0.0385 reg=0.0289 iou_l=0.4235) | acc=0.989 | mIoU=0.577 IoU@0.5=0.686 IoU@0.7=0.437
       per-class: vehicle P=1.00/R=0.99 | pedestrian P=0.96/R=0.98 | cyclist P=0.86/R=0.98
       box MAE (m): h=0.134, w=0.080, l=0.336, x=1.672, y=0.092, z=4.705, ry=0.768
[val  ] loss=1.6332 (cls=0.1803 reg=0.0336 iou_l=0.4731) | acc=0.976 | mIoU=0.527 IoU@0.5=0.621 IoU@0.7=0.369
       per-class: vehicle P=0.99/R=0.99 | pedestrian P=0.94/R=0.93 | cyclist P=0.83/R=0.79
       box MAE (m): h=0.141, w=0.102, l=0.409, x=1.973, y=0.096, z=5.294, ry=0.864

=== Epoch 74/200 ===
  iter 10/93 | loss=1.4607 | grad_norm=7.199
  iter 20/93 | loss=1.3132 | grad_norm=6.735
  iter 30/93 | loss=1.3905 | grad_norm=10.882
  iter 40/93 | loss=1.4203 | grad_norm=10.044
  iter 50/93 | loss=1.3947 | grad_norm=6.366
  iter 60/93 | loss=1.4452 | grad_norm=8.443
  iter 70/93 | loss=1.3675 | grad_norm=10.662
  iter 80/93 | loss=1.5119 | grad_norm=6.694
  iter 90/93 | loss=1.5833 | grad_norm=6.757
  iter 93/93 | loss=1.3709 | grad_norm=13.730
  epoch_time=81.1s | samples/s=91.9 | lr=1.11e-03 | grad_norm_mean=9.441 | peak_gpu=23186 MB | nan_batches: train=0 val=0
[train] loss=1.3452 (cls=0.0407 reg=0.0290 iou_l=0.4252) | acc=0.987 | mIoU=0.575 IoU@0.5=0.677 IoU@0.7=0.441
       per-class: vehicle P=1.00/R=0.99 | pedestrian P=0.96/R=0.97 | cyclist P=0.80/R=0.95
       box MAE (m): h=0.141, w=0.081, l=0.337, x=1.679, y=0.089, z=4.702, ry=0.764
[val  ] loss=1.5627 (cls=0.1503 reg=0.0323 iou_l=0.4600) | acc=0.977 | mIoU=0.540 IoU@0.5=0.635 IoU@0.7=0.371
       per-class: vehicle P=0.99/R=0.98 | pedestrian P=0.93/R=0.96 | cyclist P=0.78/R=0.84
       box MAE (m): h=0.132, w=0.094, l=0.372, x=1.913, y=0.090, z=5.046, ry=0.868

=== Epoch 75/200 ===
  iter 10/93 | loss=1.3020 | grad_norm=9.981
  iter 20/93 | loss=1.4504 | grad_norm=7.009
  iter 30/93 | loss=1.2949 | grad_norm=8.090
  iter 40/93 | loss=1.3768 | grad_norm=10.055
  iter 50/93 | loss=1.1453 | grad_norm=10.264
  iter 60/93 | loss=1.5404 | grad_norm=8.643
  iter 70/93 | loss=1.3730 | grad_norm=10.997
  iter 80/93 | loss=1.3866 | grad_norm=11.615
  iter 90/93 | loss=1.4238 | grad_norm=9.148
  iter 93/93 | loss=1.1132 | grad_norm=7.489
  epoch_time=80.9s | samples/s=92.1 | lr=1.10e-03 | grad_norm_mean=8.839 | peak_gpu=23186 MB | nan_batches: train=0 val=0
[train] loss=1.3338 (cls=0.0475 reg=0.0288 iou_l=0.4191) | acc=0.988 | mIoU=0.581 IoU@0.5=0.692 IoU@0.7=0.448
       per-class: vehicle P=1.00/R=0.99 | pedestrian P=0.96/R=0.97 | cyclist P=0.82/R=0.94
       box MAE (m): h=0.142, w=0.079, l=0.323, x=1.691, y=0.089, z=4.541, ry=0.774
[val  ] loss=1.5052 (cls=0.1250 reg=0.0340 iou_l=0.4487) | acc=0.975 | mIoU=0.551 IoU@0.5=0.630 IoU@0.7=0.399
       per-class: vehicle P=0.99/R=0.98 | pedestrian P=0.93/R=0.96 | cyclist P=0.75/R=0.88
       box MAE (m): h=0.158, w=0.092, l=0.364, x=1.855, y=0.095, z=4.780, ry=0.834
  ** new best mean IoU on val: 0.5513 -> saved best_object_detection_model_run6_200epochs.pth

=== Epoch 76/200 ===
  iter 10/93 | loss=1.2471 | grad_norm=8.061
  iter 20/93 | loss=1.3947 | grad_norm=8.565
  iter 30/93 | loss=1.4148 | grad_norm=7.190
  iter 40/93 | loss=1.3983 | grad_norm=9.668
  iter 50/93 | loss=1.0811 | grad_norm=10.409
  iter 60/93 | loss=1.3436 | grad_norm=8.312
  iter 70/93 | loss=1.2478 | grad_norm=6.145
  iter 80/93 | loss=1.4476 | grad_norm=6.957
  iter 90/93 | loss=1.1895 | grad_norm=7.770
  iter 93/93 | loss=1.3619 | grad_norm=7.389
  epoch_time=81.0s | samples/s=92.0 | lr=1.09e-03 | grad_norm_mean=9.234 | peak_gpu=23186 MB | nan_batches: train=0 val=0
[train] loss=1.3230 (cls=0.0492 reg=0.0286 iou_l=0.4151) | acc=0.985 | mIoU=0.585 IoU@0.5=0.701 IoU@0.7=0.451
       per-class: vehicle P=1.00/R=0.99 | pedestrian P=0.95/R=0.96 | cyclist P=0.80/R=0.96
       box MAE (m): h=0.142, w=0.082, l=0.318, x=1.639, y=0.088, z=4.534, ry=0.767
[val  ] loss=1.5312 (cls=0.1294 reg=0.0313 iou_l=0.4568) | acc=0.973 | mIoU=0.543 IoU@0.5=0.643 IoU@0.7=0.366
       per-class: vehicle P=0.99/R=0.98 | pedestrian P=0.89/R=0.97 | cyclist P=0.80/R=0.81
       box MAE (m): h=0.141, w=0.096, l=0.390, x=1.912, y=0.095, z=4.610, ry=0.827

=== Epoch 77/200 ===
  iter 10/93 | loss=1.3380 | grad_norm=8.685
  iter 20/93 | loss=1.1536 | grad_norm=9.708
  iter 30/93 | loss=1.0899 | grad_norm=6.604
  iter 40/93 | loss=1.1682 | grad_norm=8.963
  iter 50/93 | loss=1.1819 | grad_norm=7.327
  iter 60/93 | loss=1.3034 | grad_norm=8.162
  iter 70/93 | loss=1.4658 | grad_norm=5.908
  iter 80/93 | loss=1.3444 | grad_norm=5.308
  iter 90/93 | loss=1.3234 | grad_norm=6.265
  iter 93/93 | loss=1.2451 | grad_norm=9.188
  epoch_time=81.0s | samples/s=92.0 | lr=1.08e-03 | grad_norm_mean=8.875 | peak_gpu=23186 MB | nan_batches: train=0 val=0
[train] loss=1.2772 (cls=0.0341 reg=0.0277 iou_l=0.4052) | acc=0.990 | mIoU=0.595 IoU@0.5=0.715 IoU@0.7=0.468
       per-class: vehicle P=1.00/R=0.99 | pedestrian P=0.97/R=0.98 | cyclist P=0.84/R=0.96
       box MAE (m): h=0.135, w=0.077, l=0.301, x=1.590, y=0.086, z=4.428, ry=0.743
[val  ] loss=1.5828 (cls=0.1982 reg=0.0309 iou_l=0.4512) | acc=0.978 | mIoU=0.549 IoU@0.5=0.635 IoU@0.7=0.405
       per-class: vehicle P=0.99/R=0.99 | pedestrian P=0.94/R=0.94 | cyclist P=0.90/R=0.81
       box MAE (m): h=0.143, w=0.094, l=0.354, x=1.928, y=0.092, z=4.601, ry=0.831

=== Epoch 78/200 ===
  iter 10/93 | loss=1.1965 | grad_norm=14.498
  iter 20/93 | loss=1.2819 | grad_norm=10.126
  iter 30/93 | loss=1.4523 | grad_norm=14.373
  iter 40/93 | loss=1.3525 | grad_norm=6.391
  iter 50/93 | loss=1.5471 | grad_norm=9.762
  iter 60/93 | loss=1.2448 | grad_norm=9.875
  iter 70/93 | loss=1.2275 | grad_norm=11.495
  iter 80/93 | loss=1.3485 | grad_norm=10.915
  iter 90/93 | loss=1.2272 | grad_norm=7.044
  iter 93/93 | loss=1.1756 | grad_norm=13.376
  epoch_time=80.8s | samples/s=92.2 | lr=1.07e-03 | grad_norm_mean=10.216 | peak_gpu=23186 MB | nan_batches: train=0 val=0
[train] loss=1.2884 (cls=0.0363 reg=0.0274 iou_l=0.4082) | acc=0.988 | mIoU=0.592 IoU@0.5=0.708 IoU@0.7=0.470
       per-class: vehicle P=1.00/R=0.99 | pedestrian P=0.96/R=0.98 | cyclist P=0.82/R=0.97
       box MAE (m): h=0.129, w=0.078, l=0.309, x=1.608, y=0.087, z=4.308, ry=0.747
[val  ] loss=1.5177 (cls=0.1450 reg=0.0316 iou_l=0.4470) | acc=0.983 | mIoU=0.553 IoU@0.5=0.645 IoU@0.7=0.392
       per-class: vehicle P=0.99/R=0.99 | pedestrian P=0.95/R=0.95 | cyclist P=0.95/R=0.81
       box MAE (m): h=0.140, w=0.086, l=0.345, x=1.906, y=0.097, z=4.620, ry=0.846
  ** new best mean IoU on val: 0.5530 -> saved best_object_detection_model_run6_200epochs.pth

=== Epoch 79/200 ===
  iter 10/93 | loss=1.1197 | grad_norm=7.953
  iter 20/93 | loss=1.5274 | grad_norm=9.078
  iter 30/93 | loss=1.3473 | grad_norm=11.460
  iter 40/93 | loss=1.5138 | grad_norm=6.375
  iter 50/93 | loss=1.2593 | grad_norm=8.046
  iter 60/93 | loss=1.1362 | grad_norm=7.255
  iter 70/93 | loss=1.3776 | grad_norm=11.301
  iter 80/93 | loss=1.2636 | grad_norm=9.617
  iter 90/93 | loss=1.3675 | grad_norm=14.577
  iter 93/93 | loss=1.3180 | grad_norm=6.231
  epoch_time=80.8s | samples/s=92.2 | lr=1.06e-03 | grad_norm_mean=9.794 | peak_gpu=23186 MB | nan_batches: train=0 val=0
[train] loss=1.2664 (cls=0.0417 reg=0.0270 iou_l=0.3993) | acc=0.988 | mIoU=0.601 IoU@0.5=0.719 IoU@0.7=0.477
       per-class: vehicle P=1.00/R=0.99 | pedestrian P=0.96/R=0.97 | cyclist P=0.84/R=0.95
       box MAE (m): h=0.130, w=0.077, l=0.298, x=1.540, y=0.084, z=4.184, ry=0.753
[val  ] loss=1.4378 (cls=0.0896 reg=0.0301 iou_l=0.4393) | acc=0.979 | mIoU=0.561 IoU@0.5=0.656 IoU@0.7=0.397
       per-class: vehicle P=0.99/R=0.99 | pedestrian P=0.95/R=0.96 | cyclist P=0.75/R=0.91
       box MAE (m): h=0.137, w=0.092, l=0.357, x=1.801, y=0.088, z=4.449, ry=0.801
  ** new best mean IoU on val: 0.5607 -> saved best_object_detection_model_run6_200epochs.pth

=== Epoch 80/200 ===
  iter 10/93 | loss=1.2291 | grad_norm=10.883
  iter 20/93 | loss=1.3020 | grad_norm=8.037
  iter 30/93 | loss=1.0274 | grad_norm=12.046
  iter 40/93 | loss=1.5572 | grad_norm=7.114
  iter 50/93 | loss=1.1076 | grad_norm=9.045
  iter 60/93 | loss=1.0536 | grad_norm=10.804
  iter 70/93 | loss=1.3985 | grad_norm=7.945
  iter 80/93 | loss=1.2409 | grad_norm=9.434
  iter 90/93 | loss=1.1195 | grad_norm=7.562
  iter 93/93 | loss=1.3433 | grad_norm=10.868
  epoch_time=81.1s | samples/s=91.9 | lr=1.05e-03 | grad_norm_mean=9.233 | peak_gpu=23186 MB | nan_batches: train=0 val=0
[train] loss=1.2393 (cls=0.0296 reg=0.0267 iou_l=0.3943) | acc=0.991 | mIoU=0.606 IoU@0.5=0.726 IoU@0.7=0.494
       per-class: vehicle P=1.00/R=0.99 | pedestrian P=0.96/R=0.99 | cyclist P=0.88/R=0.99
       box MAE (m): h=0.125, w=0.076, l=0.296, x=1.555, y=0.084, z=4.119, ry=0.736
[val  ] loss=1.4885 (cls=0.1426 reg=0.0308 iou_l=0.4383) | acc=0.985 | mIoU=0.562 IoU@0.5=0.656 IoU@0.7=0.426
       per-class: vehicle P=0.99/R=0.99 | pedestrian P=0.95/R=0.97 | cyclist P=0.88/R=0.88
       box MAE (m): h=0.156, w=0.087, l=0.389, x=1.880, y=0.088, z=4.541, ry=0.833
  ** new best mean IoU on val: 0.5617 -> saved best_object_detection_model_run6_200epochs.pth

=== Epoch 81/200 ===
  iter 10/93 | loss=1.3178 | grad_norm=9.149
  iter 20/93 | loss=1.2116 | grad_norm=10.298
  iter 30/93 | loss=1.1795 | grad_norm=10.171
  iter 40/93 | loss=1.2723 | grad_norm=6.679
  iter 50/93 | loss=1.2592 | grad_norm=5.846
  iter 60/93 | loss=1.1201 | grad_norm=10.772
  iter 70/93 | loss=1.1970 | grad_norm=7.169
  iter 80/93 | loss=1.1587 | grad_norm=9.662
  iter 90/93 | loss=1.4578 | grad_norm=11.649
  iter 93/93 | loss=1.3091 | grad_norm=11.546
  epoch_time=81.2s | samples/s=91.8 | lr=1.04e-03 | grad_norm_mean=9.597 | peak_gpu=23186 MB | nan_batches: train=0 val=0
[train] loss=1.2421 (cls=0.0338 reg=0.0269 iou_l=0.3938) | acc=0.989 | mIoU=0.606 IoU@0.5=0.726 IoU@0.7=0.493
       per-class: vehicle P=1.00/R=0.99 | pedestrian P=0.96/R=0.98 | cyclist P=0.83/R=0.98
       box MAE (m): h=0.128, w=0.075, l=0.302, x=1.559, y=0.084, z=4.131, ry=0.717
[val  ] loss=1.5606 (cls=0.1803 reg=0.0315 iou_l=0.4496) | acc=0.981 | mIoU=0.550 IoU@0.5=0.643 IoU@0.7=0.385
       per-class: vehicle P=0.99/R=0.99 | pedestrian P=0.97/R=0.95 | cyclist P=0.87/R=0.79
       box MAE (m): h=0.155, w=0.089, l=0.345, x=1.803, y=0.092, z=4.757, ry=0.813

=== Epoch 82/200 ===
  iter 10/93 | loss=1.3753 | grad_norm=11.804
  iter 20/93 | loss=1.3350 | grad_norm=8.906
  iter 30/93 | loss=1.3967 | grad_norm=15.062
  iter 40/93 | loss=1.2955 | grad_norm=8.817
  iter 50/93 | loss=1.0886 | grad_norm=11.426
  iter 60/93 | loss=1.0740 | grad_norm=9.813
  iter 70/93 | loss=1.2395 | grad_norm=10.838
  iter 80/93 | loss=1.3256 | grad_norm=7.828
  iter 90/93 | loss=1.1885 | grad_norm=12.935
  iter 93/93 | loss=1.1834 | grad_norm=7.478
  epoch_time=80.8s | samples/s=92.2 | lr=1.03e-03 | grad_norm_mean=9.738 | peak_gpu=23186 MB | nan_batches: train=0 val=0
[train] loss=1.2417 (cls=0.0385 reg=0.0269 iou_l=0.3921) | acc=0.989 | mIoU=0.608 IoU@0.5=0.730 IoU@0.7=0.496
       per-class: vehicle P=1.00/R=0.99 | pedestrian P=0.96/R=0.98 | cyclist P=0.82/R=0.97
       box MAE (m): h=0.123, w=0.074, l=0.292, x=1.512, y=0.084, z=4.089, ry=0.721
[val  ] loss=1.5512 (cls=0.2131 reg=0.0320 iou_l=0.4354) | acc=0.979 | mIoU=0.565 IoU@0.5=0.657 IoU@0.7=0.411
       per-class: vehicle P=0.99/R=0.99 | pedestrian P=0.95/R=0.92 | cyclist P=0.88/R=0.81
       box MAE (m): h=0.138, w=0.093, l=0.345, x=1.870, y=0.089, z=4.588, ry=0.844
  ** new best mean IoU on val: 0.5646 -> saved best_object_detection_model_run6_200epochs.pth

=== Epoch 83/200 ===
  iter 10/93 | loss=1.4364 | grad_norm=11.091
  iter 20/93 | loss=1.0968 | grad_norm=10.510
  iter 30/93 | loss=1.3652 | grad_norm=10.123
  iter 40/93 | loss=1.2501 | grad_norm=10.573
  iter 50/93 | loss=1.2892 | grad_norm=9.506
  iter 60/93 | loss=1.1722 | grad_norm=16.654
  iter 70/93 | loss=1.2574 | grad_norm=9.722
  iter 80/93 | loss=1.2359 | grad_norm=9.736
  iter 90/93 | loss=1.2367 | grad_norm=11.414
  iter 93/93 | loss=1.1832 | grad_norm=11.940
  epoch_time=81.1s | samples/s=91.8 | lr=1.02e-03 | grad_norm_mean=9.098 | peak_gpu=23186 MB | nan_batches: train=0 val=0
[train] loss=1.2197 (cls=0.0339 reg=0.0264 iou_l=0.3865) | acc=0.989 | mIoU=0.613 IoU@0.5=0.742 IoU@0.7=0.498
       per-class: vehicle P=1.00/R=0.99 | pedestrian P=0.97/R=0.98 | cyclist P=0.85/R=0.95
       box MAE (m): h=0.122, w=0.073, l=0.281, x=1.461, y=0.080, z=4.050, ry=0.725
[val  ] loss=1.4658 (cls=0.1129 reg=0.0306 iou_l=0.4408) | acc=0.977 | mIoU=0.559 IoU@0.5=0.663 IoU@0.7=0.409
       per-class: vehicle P=0.99/R=0.99 | pedestrian P=0.95/R=0.94 | cyclist P=0.76/R=0.86
       box MAE (m): h=0.129, w=0.082, l=0.340, x=1.780, y=0.097, z=4.597, ry=0.843

=== Epoch 84/200 ===
  iter 10/93 | loss=1.3024 | grad_norm=11.482
  iter 20/93 | loss=1.3076 | grad_norm=15.081
  iter 30/93 | loss=1.2343 | grad_norm=6.409
  iter 40/93 | loss=1.1604 | grad_norm=7.927
  iter 50/93 | loss=1.0211 | grad_norm=11.673
  iter 60/93 | loss=1.3269 | grad_norm=10.940
  iter 70/93 | loss=1.0225 | grad_norm=9.738
  iter 80/93 | loss=0.9846 | grad_norm=7.051
  iter 90/93 | loss=1.4830 | grad_norm=10.704
  iter 93/93 | loss=1.3322 | grad_norm=8.252
  epoch_time=81.0s | samples/s=91.9 | lr=1.01e-03 | grad_norm_mean=10.088 | peak_gpu=23186 MB | nan_batches: train=0 val=0
[train] loss=1.1740 (cls=0.0319 reg=0.0252 iou_l=0.3723) | acc=0.990 | mIoU=0.628 IoU@0.5=0.756 IoU@0.7=0.528
       per-class: vehicle P=1.00/R=0.99 | pedestrian P=0.97/R=0.97 | cyclist P=0.84/R=0.99
       box MAE (m): h=0.117, w=0.070, l=0.271, x=1.412, y=0.076, z=3.789, ry=0.679
[val  ] loss=1.4591 (cls=0.1504 reg=0.0298 iou_l=0.4263) | acc=0.987 | mIoU=0.574 IoU@0.5=0.666 IoU@0.7=0.442
       per-class: vehicle P=0.99/R=0.99 | pedestrian P=0.97/R=0.98 | cyclist P=0.88/R=0.86
       box MAE (m): h=0.129, w=0.081, l=0.312, x=1.731, y=0.083, z=4.469, ry=0.803
  ** new best mean IoU on val: 0.5737 -> saved best_object_detection_model_run6_200epochs.pth

=== Epoch 85/200 ===
  iter 10/93 | loss=1.2531 | grad_norm=8.501
  iter 20/93 | loss=1.1587 | grad_norm=10.568
  iter 30/93 | loss=1.0756 | grad_norm=7.504
  iter 40/93 | loss=1.1782 | grad_norm=11.305
  iter 50/93 | loss=1.1784 | grad_norm=5.906
  iter 60/93 | loss=1.1964 | grad_norm=8.685
  iter 70/93 | loss=1.1664 | grad_norm=9.869
  iter 80/93 | loss=1.2862 | grad_norm=10.253
  iter 90/93 | loss=1.1601 | grad_norm=12.762
  iter 93/93 | loss=1.2424 | grad_norm=10.719
  epoch_time=81.1s | samples/s=91.8 | lr=9.96e-04 | grad_norm_mean=9.340 | peak_gpu=23186 MB | nan_batches: train=0 val=0
[train] loss=1.2061 (cls=0.0364 reg=0.0259 iou_l=0.3813) | acc=0.991 | mIoU=0.619 IoU@0.5=0.740 IoU@0.7=0.516
       per-class: vehicle P=1.00/R=0.99 | pedestrian P=0.97/R=0.99 | cyclist P=0.86/R=0.96
       box MAE (m): h=0.123, w=0.072, l=0.277, x=1.465, y=0.079, z=4.003, ry=0.710
[val  ] loss=1.5166 (cls=0.1895 reg=0.0319 iou_l=0.4317) | acc=0.977 | mIoU=0.568 IoU@0.5=0.671 IoU@0.7=0.443
       per-class: vehicle P=0.99/R=0.99 | pedestrian P=0.95/R=0.94 | cyclist P=0.85/R=0.77
       box MAE (m): h=0.121, w=0.095, l=0.354, x=1.824, y=0.083, z=4.425, ry=0.813

=== Epoch 86/200 ===
  iter 10/93 | loss=1.5550 | grad_norm=8.839
  iter 20/93 | loss=1.1129 | grad_norm=9.389
  iter 30/93 | loss=1.1086 | grad_norm=9.183
  iter 40/93 | loss=1.4424 | grad_norm=5.528
  iter 50/93 | loss=1.2386 | grad_norm=11.459
  iter 60/93 | loss=1.3145 | grad_norm=9.842
  iter 70/93 | loss=1.0652 | grad_norm=8.232
  iter 80/93 | loss=1.1351 | grad_norm=7.578
  iter 90/93 | loss=1.2083 | grad_norm=7.123
  iter 93/93 | loss=1.3042 | grad_norm=9.888
  epoch_time=80.9s | samples/s=92.1 | lr=9.85e-04 | grad_norm_mean=9.233 | peak_gpu=23186 MB | nan_batches: train=0 val=0
[train] loss=1.2025 (cls=0.0329 reg=0.0261 iou_l=0.3812) | acc=0.990 | mIoU=0.619 IoU@0.5=0.739 IoU@0.7=0.517
       per-class: vehicle P=1.00/R=0.99 | pedestrian P=0.96/R=0.99 | cyclist P=0.85/R=0.96
       box MAE (m): h=0.118, w=0.071, l=0.281, x=1.480, y=0.078, z=3.961, ry=0.710
[val  ] loss=1.4885 (cls=0.1472 reg=0.0317 iou_l=0.4365) | acc=0.981 | mIoU=0.564 IoU@0.5=0.654 IoU@0.7=0.422
       per-class: vehicle P=0.99/R=0.99 | pedestrian P=0.97/R=0.95 | cyclist P=0.79/R=0.86
       box MAE (m): h=0.128, w=0.083, l=0.331, x=1.809, y=0.086, z=4.697, ry=0.785

=== Epoch 87/200 ===
  iter 10/93 | loss=1.3683 | grad_norm=7.306
  iter 20/93 | loss=1.1684 | grad_norm=11.521
  iter 30/93 | loss=1.0892 | grad_norm=12.136
  iter 40/93 | loss=1.1475 | grad_norm=10.889
  iter 50/93 | loss=1.2641 | grad_norm=12.293
  iter 60/93 | loss=1.0137 | grad_norm=8.895
  iter 70/93 | loss=1.1548 | grad_norm=11.974
  iter 80/93 | loss=1.1211 | grad_norm=16.074
  iter 90/93 | loss=1.1857 | grad_norm=13.983
  iter 93/93 | loss=1.1197 | grad_norm=10.239
  epoch_time=81.7s | samples/s=91.2 | lr=9.74e-04 | grad_norm_mean=10.490 | peak_gpu=23186 MB | nan_batches: train=0 val=0
[train] loss=1.2048 (cls=0.0382 reg=0.0262 iou_l=0.3801) | acc=0.989 | mIoU=0.620 IoU@0.5=0.745 IoU@0.7=0.517
       per-class: vehicle P=1.00/R=0.99 | pedestrian P=0.97/R=0.98 | cyclist P=0.82/R=0.95
       box MAE (m): h=0.115, w=0.071, l=0.268, x=1.444, y=0.079, z=3.959, ry=0.731
[val  ] loss=1.4423 (cls=0.1371 reg=0.0293 iou_l=0.4253) | acc=0.981 | mIoU=0.575 IoU@0.5=0.683 IoU@0.7=0.440
       per-class: vehicle P=0.99/R=0.99 | pedestrian P=0.95/R=0.96 | cyclist P=0.79/R=0.86
       box MAE (m): h=0.120, w=0.095, l=0.305, x=1.693, y=0.084, z=4.495, ry=0.808
  ** new best mean IoU on val: 0.5747 -> saved best_object_detection_model_run6_200epochs.pth

=== Epoch 88/200 ===
  iter 10/93 | loss=1.0450 | grad_norm=10.125
  iter 20/93 | loss=1.2079 | grad_norm=7.445
  iter 30/93 | loss=1.1986 | grad_norm=6.818
  iter 40/93 | loss=0.9896 | grad_norm=8.246
  iter 50/93 | loss=1.1149 | grad_norm=13.710
  iter 60/93 | loss=1.1113 | grad_norm=10.008
  iter 70/93 | loss=0.9676 | grad_norm=11.642
  iter 80/93 | loss=1.2801 | grad_norm=10.984
  iter 90/93 | loss=1.2416 | grad_norm=6.975
  iter 93/93 | loss=1.1484 | grad_norm=22.037
  epoch_time=81.5s | samples/s=91.3 | lr=9.62e-04 | grad_norm_mean=10.181 | peak_gpu=23186 MB | nan_batches: train=0 val=0
[train] loss=1.1584 (cls=0.0313 reg=0.0256 iou_l=0.3671) | acc=0.992 | mIoU=0.633 IoU@0.5=0.760 IoU@0.7=0.541
       per-class: vehicle P=1.00/R=0.99 | pedestrian P=0.98/R=0.99 | cyclist P=0.84/R=0.98
       box MAE (m): h=0.117, w=0.070, l=0.266, x=1.400, y=0.076, z=3.783, ry=0.704
[val  ] loss=1.4718 (cls=0.1736 reg=0.0298 iou_l=0.4228) | acc=0.979 | mIoU=0.577 IoU@0.5=0.683 IoU@0.7=0.449
       per-class: vehicle P=0.99/R=0.99 | pedestrian P=0.95/R=0.94 | cyclist P=0.88/R=0.81
       box MAE (m): h=0.112, w=0.084, l=0.311, x=1.729, y=0.082, z=4.303, ry=0.809
  ** new best mean IoU on val: 0.5772 -> saved best_object_detection_model_run6_200epochs.pth

=== Epoch 89/200 ===
  iter 10/93 | loss=1.1222 | grad_norm=6.644
  iter 20/93 | loss=1.2549 | grad_norm=7.714
  iter 30/93 | loss=1.1374 | grad_norm=6.605
  iter 40/93 | loss=1.2031 | grad_norm=8.192
  iter 50/93 | loss=1.1571 | grad_norm=14.868
  iter 60/93 | loss=1.1068 | grad_norm=9.609
  iter 70/93 | loss=0.9343 | grad_norm=12.756
  iter 80/93 | loss=1.0887 | grad_norm=10.837
  iter 90/93 | loss=1.0560 | grad_norm=5.764
  iter 93/93 | loss=1.3019 | grad_norm=10.384
  epoch_time=81.1s | samples/s=91.9 | lr=9.51e-04 | grad_norm_mean=10.073 | peak_gpu=23186 MB | nan_batches: train=0 val=0
[train] loss=1.1677 (cls=0.0387 reg=0.0251 iou_l=0.3680) | acc=0.990 | mIoU=0.632 IoU@0.5=0.757 IoU@0.7=0.538
       per-class: vehicle P=1.00/R=0.99 | pedestrian P=0.97/R=0.98 | cyclist P=0.87/R=0.96
       box MAE (m): h=0.113, w=0.068, l=0.257, x=1.374, y=0.076, z=3.781, ry=0.709
[val  ] loss=1.4054 (cls=0.1491 reg=0.0280 iou_l=0.4094) | acc=0.977 | mIoU=0.591 IoU@0.5=0.676 IoU@0.7=0.466
       per-class: vehicle P=0.99/R=0.99 | pedestrian P=0.96/R=0.93 | cyclist P=0.73/R=0.86
       box MAE (m): h=0.116, w=0.082, l=0.304, x=1.643, y=0.080, z=4.229, ry=0.759
  ** new best mean IoU on val: 0.5906 -> saved best_object_detection_model_run6_200epochs.pth

=== Epoch 90/200 ===
  iter 10/93 | loss=1.2489 | grad_norm=8.917
  iter 20/93 | loss=1.0650 | grad_norm=8.702
  iter 30/93 | loss=1.0544 | grad_norm=6.430
  iter 40/93 | loss=1.0682 | grad_norm=10.640
  iter 50/93 | loss=1.1699 | grad_norm=9.799
  iter 60/93 | loss=1.0865 | grad_norm=9.828
  iter 70/93 | loss=1.3619 | grad_norm=5.642
  iter 80/93 | loss=1.2009 | grad_norm=11.976
  iter 90/93 | loss=1.2290 | grad_norm=6.209
  iter 93/93 | loss=1.2659 | grad_norm=7.173
  epoch_time=80.9s | samples/s=92.1 | lr=9.39e-04 | grad_norm_mean=9.535 | peak_gpu=23186 MB | nan_batches: train=0 val=0
[train] loss=1.1485 (cls=0.0330 reg=0.0247 iou_l=0.3636) | acc=0.990 | mIoU=0.636 IoU@0.5=0.762 IoU@0.7=0.549
       per-class: vehicle P=1.00/R=0.99 | pedestrian P=0.97/R=0.98 | cyclist P=0.84/R=0.96
       box MAE (m): h=0.112, w=0.068, l=0.256, x=1.365, y=0.075, z=3.703, ry=0.679
[val  ] loss=1.4389 (cls=0.1097 reg=0.0300 iou_l=0.4331) | acc=0.978 | mIoU=0.567 IoU@0.5=0.668 IoU@0.7=0.426
       per-class: vehicle P=0.99/R=0.98 | pedestrian P=0.93/R=0.97 | cyclist P=0.76/R=0.88
       box MAE (m): h=0.144, w=0.092, l=0.334, x=1.729, y=0.088, z=4.682, ry=0.743

=== Epoch 91/200 ===
  iter 10/93 | loss=0.9910 | grad_norm=9.385
  iter 20/93 | loss=1.1085 | grad_norm=7.422
  iter 30/93 | loss=1.0430 | grad_norm=8.634
  iter 40/93 | loss=1.2469 | grad_norm=8.261
  iter 50/93 | loss=1.0980 | grad_norm=13.226
  iter 60/93 | loss=1.2428 | grad_norm=13.388
  iter 70/93 | loss=1.1199 | grad_norm=8.991
  iter 80/93 | loss=0.9917 | grad_norm=9.543
  iter 90/93 | loss=1.1740 | grad_norm=6.559
  iter 93/93 | loss=1.2244 | grad_norm=6.384
  epoch_time=81.1s | samples/s=91.9 | lr=9.28e-04 | grad_norm_mean=9.244 | peak_gpu=23186 MB | nan_batches: train=0 val=0
[train] loss=1.1523 (cls=0.0316 reg=0.0249 iou_l=0.3652) | acc=0.990 | mIoU=0.635 IoU@0.5=0.761 IoU@0.7=0.550
       per-class: vehicle P=1.00/R=0.99 | pedestrian P=0.96/R=0.98 | cyclist P=0.86/R=0.98
       box MAE (m): h=0.113, w=0.068, l=0.257, x=1.396, y=0.076, z=3.779, ry=0.672
[val  ] loss=1.3640 (cls=0.0896 reg=0.0292 iou_l=0.4151) | acc=0.983 | mIoU=0.585 IoU@0.5=0.681 IoU@0.7=0.462
       per-class: vehicle P=0.99/R=0.99 | pedestrian P=0.95/R=0.96 | cyclist P=0.82/R=0.95
       box MAE (m): h=0.123, w=0.078, l=0.295, x=1.688, y=0.080, z=4.355, ry=0.749

=== Epoch 92/200 ===
  iter 10/93 | loss=1.0951 | grad_norm=8.023
  iter 20/93 | loss=1.0228 | grad_norm=8.813
  iter 30/93 | loss=1.0483 | grad_norm=12.679
  iter 40/93 | loss=0.9711 | grad_norm=11.825
  iter 50/93 | loss=1.2530 | grad_norm=5.647
  iter 60/93 | loss=1.2753 | grad_norm=10.623
  iter 70/93 | loss=1.1183 | grad_norm=9.765
  iter 80/93 | loss=1.1264 | grad_norm=7.650
  iter 90/93 | loss=1.1444 | grad_norm=6.116
  iter 93/93 | loss=1.0153 | grad_norm=11.812
  epoch_time=81.0s | samples/s=92.0 | lr=9.16e-04 | grad_norm_mean=9.797 | peak_gpu=23186 MB | nan_batches: train=0 val=0
[train] loss=1.1092 (cls=0.0275 reg=0.0245 iou_l=0.3524) | acc=0.991 | mIoU=0.648 IoU@0.5=0.777 IoU@0.7=0.573
       per-class: vehicle P=1.00/R=0.99 | pedestrian P=0.97/R=0.99 | cyclist P=0.85/R=0.97
       box MAE (m): h=0.108, w=0.066, l=0.246, x=1.326, y=0.072, z=3.557, ry=0.672
[val  ] loss=1.3768 (cls=0.1375 reg=0.0286 iou_l=0.4036) | acc=0.981 | mIoU=0.596 IoU@0.5=0.700 IoU@0.7=0.479
       per-class: vehicle P=0.99/R=0.99 | pedestrian P=0.92/R=0.97 | cyclist P=0.90/R=0.86
       box MAE (m): h=0.119, w=0.079, l=0.287, x=1.667, y=0.077, z=4.103, ry=0.748
  ** new best mean IoU on val: 0.5964 -> saved best_object_detection_model_run6_200epochs.pth

=== Epoch 93/200 ===
  iter 10/93 | loss=1.0842 | grad_norm=8.046
  iter 20/93 | loss=1.1842 | grad_norm=10.681
  iter 30/93 | loss=1.0954 | grad_norm=8.046
  iter 40/93 | loss=1.0349 | grad_norm=9.183
  iter 50/93 | loss=1.1581 | grad_norm=7.299
  iter 60/93 | loss=1.1914 | grad_norm=11.966
  iter 70/93 | loss=1.1674 | grad_norm=10.348
  iter 80/93 | loss=1.1845 | grad_norm=8.266
  iter 90/93 | loss=1.1636 | grad_norm=8.538
  iter 93/93 | loss=1.0347 | grad_norm=7.359
  epoch_time=81.1s | samples/s=91.8 | lr=9.05e-04 | grad_norm_mean=9.548 | peak_gpu=23186 MB | nan_batches: train=0 val=0
[train] loss=1.1363 (cls=0.0330 reg=0.0248 iou_l=0.3595) | acc=0.989 | mIoU=0.640 IoU@0.5=0.771 IoU@0.7=0.550
       per-class: vehicle P=1.00/R=0.99 | pedestrian P=0.97/R=0.98 | cyclist P=0.83/R=0.96
       box MAE (m): h=0.108, w=0.065, l=0.248, x=1.346, y=0.073, z=3.610, ry=0.674
[val  ] loss=1.4266 (cls=0.1291 reg=0.0298 iou_l=0.4226) | acc=0.981 | mIoU=0.577 IoU@0.5=0.677 IoU@0.7=0.425
       per-class: vehicle P=0.99/R=0.99 | pedestrian P=0.96/R=0.96 | cyclist P=0.86/R=0.84
       box MAE (m): h=0.139, w=0.087, l=0.309, x=1.683, y=0.081, z=4.340, ry=0.765

=== Epoch 94/200 ===
  iter 10/93 | loss=1.1938 | grad_norm=14.798
  iter 20/93 | loss=1.1374 | grad_norm=8.436
  iter 30/93 | loss=1.1920 | grad_norm=12.968
  iter 40/93 | loss=1.0437 | grad_norm=9.041
  iter 50/93 | loss=1.1426 | grad_norm=10.182
  iter 60/93 | loss=0.9669 | grad_norm=11.285
  iter 70/93 | loss=1.2443 | grad_norm=8.867
  iter 80/93 | loss=1.2595 | grad_norm=7.070
  iter 90/93 | loss=1.3398 | grad_norm=8.861
  iter 93/93 | loss=1.0408 | grad_norm=12.641
  epoch_time=81.2s | samples/s=91.8 | lr=8.93e-04 | grad_norm_mean=9.655 | peak_gpu=23186 MB | nan_batches: train=0 val=0
[train] loss=1.1531 (cls=0.0316 reg=0.0243 iou_l=0.3657) | acc=0.990 | mIoU=0.634 IoU@0.5=0.761 IoU@0.7=0.544
       per-class: vehicle P=1.00/R=0.99 | pedestrian P=0.96/R=0.98 | cyclist P=0.87/R=0.99
       box MAE (m): h=0.111, w=0.068, l=0.256, x=1.377, y=0.075, z=3.774, ry=0.671
[val  ] loss=1.4432 (cls=0.1616 reg=0.0300 iou_l=0.4172) | acc=0.979 | mIoU=0.583 IoU@0.5=0.694 IoU@0.7=0.454
       per-class: vehicle P=0.99/R=0.99 | pedestrian P=0.96/R=0.93 | cyclist P=0.82/R=0.86
       box MAE (m): h=0.118, w=0.079, l=0.318, x=1.691, y=0.088, z=4.299, ry=0.794

=== Epoch 95/200 ===
  iter 10/93 | loss=0.9703 | grad_norm=8.380
  iter 20/93 | loss=1.1422 | grad_norm=10.611
  iter 30/93 | loss=1.1873 | grad_norm=6.982
  iter 40/93 | loss=1.4359 | grad_norm=16.247
  iter 50/93 | loss=1.0641 | grad_norm=10.257
  iter 60/93 | loss=1.2451 | grad_norm=8.213
  iter 70/93 | loss=1.1843 | grad_norm=8.394
  iter 80/93 | loss=1.1701 | grad_norm=8.556
  iter 90/93 | loss=1.2290 | grad_norm=9.809
  iter 93/93 | loss=1.0880 | grad_norm=10.571
  epoch_time=81.0s | samples/s=91.9 | lr=8.81e-04 | grad_norm_mean=9.906 | peak_gpu=23186 MB | nan_batches: train=0 val=0
[train] loss=1.1169 (cls=0.0264 reg=0.0246 iou_l=0.3553) | acc=0.990 | mIoU=0.645 IoU@0.5=0.773 IoU@0.7=0.564
       per-class: vehicle P=1.00/R=0.99 | pedestrian P=0.96/R=0.98 | cyclist P=0.87/R=0.97
       box MAE (m): h=0.106, w=0.065, l=0.249, x=1.345, y=0.074, z=3.618, ry=0.673
[val  ] loss=1.4023 (cls=0.1556 reg=0.0297 iou_l=0.4057) | acc=0.982 | mIoU=0.594 IoU@0.5=0.699 IoU@0.7=0.474
       per-class: vehicle P=0.99/R=0.99 | pedestrian P=0.95/R=0.97 | cyclist P=0.90/R=0.81
       box MAE (m): h=0.119, w=0.080, l=0.296, x=1.716, y=0.081, z=3.966, ry=0.786

=== Epoch 96/200 ===
  iter 10/93 | loss=1.2382 | grad_norm=7.901
  iter 20/93 | loss=1.0533 | grad_norm=10.734
  iter 30/93 | loss=1.0464 | grad_norm=8.161
  iter 40/93 | loss=1.0913 | grad_norm=8.058
  iter 50/93 | loss=1.0048 | grad_norm=10.868
  iter 60/93 | loss=0.8537 | grad_norm=6.485
  iter 70/93 | loss=1.0112 | grad_norm=10.915
  iter 80/93 | loss=1.1767 | grad_norm=7.360
  iter 90/93 | loss=1.2172 | grad_norm=7.163
  iter 93/93 | loss=1.0658 | grad_norm=15.844
  epoch_time=80.7s | samples/s=92.3 | lr=8.69e-04 | grad_norm_mean=9.579 | peak_gpu=23186 MB | nan_batches: train=0 val=0
[train] loss=1.0747 (cls=0.0226 reg=0.0234 iou_l=0.3429) | acc=0.992 | mIoU=0.657 IoU@0.5=0.790 IoU@0.7=0.580
       per-class: vehicle P=1.00/R=0.99 | pedestrian P=0.98/R=0.99 | cyclist P=0.87/R=0.99
       box MAE (m): h=0.105, w=0.063, l=0.235, x=1.271, y=0.072, z=3.355, ry=0.673
[val  ] loss=1.3071 (cls=0.1023 reg=0.0277 iou_l=0.3924) | acc=0.986 | mIoU=0.608 IoU@0.5=0.726 IoU@0.7=0.484
       per-class: vehicle P=0.99/R=0.99 | pedestrian P=0.96/R=0.98 | cyclist P=0.86/R=0.88
       box MAE (m): h=0.120, w=0.076, l=0.266, x=1.591, y=0.079, z=3.866, ry=0.751
  ** new best mean IoU on val: 0.6076 -> saved best_object_detection_model_run6_200epochs.pth

=== Epoch 97/200 ===
  iter 10/93 | loss=1.1655 | grad_norm=6.328
  iter 20/93 | loss=1.0499 | grad_norm=11.473
  iter 30/93 | loss=0.9957 | grad_norm=9.884
  iter 40/93 | loss=1.0695 | grad_norm=10.380
  iter 50/93 | loss=0.9238 | grad_norm=8.849
  iter 60/93 | loss=1.1259 | grad_norm=7.690
  iter 70/93 | loss=1.2612 | grad_norm=10.923
  iter 80/93 | loss=0.9420 | grad_norm=7.681
  iter 90/93 | loss=1.0962 | grad_norm=8.912
  iter 93/93 | loss=0.9973 | grad_norm=10.679
  epoch_time=80.9s | samples/s=92.0 | lr=8.57e-04 | grad_norm_mean=10.167 | peak_gpu=23186 MB | nan_batches: train=0 val=0
[train] loss=1.0622 (cls=0.0263 reg=0.0233 iou_l=0.3375) | acc=0.993 | mIoU=0.662 IoU@0.5=0.798 IoU@0.7=0.594
       per-class: vehicle P=1.00/R=0.99 | pedestrian P=0.97/R=0.99 | cyclist P=0.88/R=0.99
       box MAE (m): h=0.103, w=0.062, l=0.226, x=1.221, y=0.071, z=3.331, ry=0.658
[val  ] loss=1.3186 (cls=0.1200 reg=0.0270 iou_l=0.3905) | acc=0.984 | mIoU=0.610 IoU@0.5=0.724 IoU@0.7=0.498
       per-class: vehicle P=0.99/R=0.99 | pedestrian P=0.97/R=0.95 | cyclist P=0.81/R=0.91
       box MAE (m): h=0.111, w=0.082, l=0.265, x=1.603, y=0.077, z=3.876, ry=0.715
  ** new best mean IoU on val: 0.6095 -> saved best_object_detection_model_run6_200epochs.pth

=== Epoch 98/200 ===
  iter 10/93 | loss=1.0052 | grad_norm=9.349
  iter 20/93 | loss=1.0717 | grad_norm=7.383
  iter 30/93 | loss=1.1592 | grad_norm=9.092
  iter 40/93 | loss=0.9425 | grad_norm=7.786
  iter 50/93 | loss=0.9711 | grad_norm=12.802
  iter 60/93 | loss=1.1683 | grad_norm=8.391
  iter 70/93 | loss=1.1742 | grad_norm=12.465
  iter 80/93 | loss=0.9693 | grad_norm=17.368
  iter 90/93 | loss=1.1175 | grad_norm=12.576
  iter 93/93 | loss=1.3664 | grad_norm=9.882
  epoch_time=81.3s | samples/s=91.6 | lr=8.46e-04 | grad_norm_mean=10.277 | peak_gpu=23186 MB | nan_batches: train=0 val=0
[train] loss=1.0704 (cls=0.0216 reg=0.0230 iou_l=0.3419) | acc=0.993 | mIoU=0.658 IoU@0.5=0.793 IoU@0.7=0.588
       per-class: vehicle P=1.00/R=0.99 | pedestrian P=0.98/R=0.99 | cyclist P=0.87/R=0.98
       box MAE (m): h=0.101, w=0.062, l=0.226, x=1.278, y=0.072, z=3.306, ry=0.643
[val  ] loss=1.3913 (cls=0.1561 reg=0.0274 iou_l=0.4026) | acc=0.981 | mIoU=0.597 IoU@0.5=0.705 IoU@0.7=0.482
       per-class: vehicle P=0.99/R=0.99 | pedestrian P=0.94/R=0.96 | cyclist P=0.90/R=0.86
       box MAE (m): h=0.123, w=0.077, l=0.285, x=1.618, y=0.080, z=4.060, ry=0.720

=== Epoch 99/200 ===
  iter 10/93 | loss=1.0196 | grad_norm=9.997
  iter 20/93 | loss=0.9768 | grad_norm=8.770
  iter 30/93 | loss=0.9516 | grad_norm=10.771
  iter 40/93 | loss=1.1745 | grad_norm=6.429
  iter 50/93 | loss=1.2706 | grad_norm=10.120
  iter 60/93 | loss=0.8850 | grad_norm=9.089
  iter 70/93 | loss=1.2332 | grad_norm=13.642
  iter 80/93 | loss=0.9922 | grad_norm=11.430
  iter 90/93 | loss=0.9575 | grad_norm=12.394
  iter 93/93 | loss=1.2767 | grad_norm=12.216
  epoch_time=81.1s | samples/s=91.8 | lr=8.34e-04 | grad_norm_mean=10.397 | peak_gpu=23186 MB | nan_batches: train=0 val=0
[train] loss=1.0641 (cls=0.0255 reg=0.0232 iou_l=0.3385) | acc=0.992 | mIoU=0.661 IoU@0.5=0.796 IoU@0.7=0.595
       per-class: vehicle P=1.00/R=0.99 | pedestrian P=0.98/R=0.98 | cyclist P=0.84/R=0.99
       box MAE (m): h=0.101, w=0.063, l=0.230, x=1.270, y=0.071, z=3.260, ry=0.652
[val  ] loss=1.3605 (cls=0.1398 reg=0.0276 iou_l=0.3977) | acc=0.983 | mIoU=0.602 IoU@0.5=0.717 IoU@0.7=0.488
       per-class: vehicle P=0.99/R=0.99 | pedestrian P=0.94/R=0.97 | cyclist P=0.87/R=0.91
       box MAE (m): h=0.123, w=0.088, l=0.286, x=1.579, y=0.078, z=3.941, ry=0.751

=== Epoch 100/200 ===
  iter 10/93 | loss=1.0628 | grad_norm=10.816
  iter 20/93 | loss=1.1364 | grad_norm=14.336
  iter 30/93 | loss=0.9041 | grad_norm=9.548
  iter 40/93 | loss=1.2183 | grad_norm=11.906
  iter 50/93 | loss=1.1134 | grad_norm=12.516
  iter 60/93 | loss=1.3618 | grad_norm=5.189
  iter 70/93 | loss=0.9490 | grad_norm=9.340
  iter 80/93 | loss=0.8058 | grad_norm=13.733
  iter 90/93 | loss=0.9213 | grad_norm=10.156
  iter 93/93 | loss=1.1521 | grad_norm=14.239
  epoch_time=80.9s | samples/s=92.0 | lr=8.22e-04 | grad_norm_mean=10.210 | peak_gpu=23186 MB | nan_batches: train=0 val=0
[train] loss=1.0376 (cls=0.0233 reg=0.0227 iou_l=0.3305) | acc=0.993 | mIoU=0.669 IoU@0.5=0.801 IoU@0.7=0.611
       per-class: vehicle P=1.00/R=0.99 | pedestrian P=0.98/R=0.99 | cyclist P=0.87/R=0.98
       box MAE (m): h=0.099, w=0.062, l=0.218, x=1.222, y=0.067, z=3.226, ry=0.643
[val  ] loss=1.3060 (cls=0.1216 reg=0.0279 iou_l=0.3855) | acc=0.985 | mIoU=0.615 IoU@0.5=0.734 IoU@0.7=0.505
       per-class: vehicle P=1.00/R=0.99 | pedestrian P=0.96/R=0.97 | cyclist P=0.81/R=0.91
       box MAE (m): h=0.108, w=0.073, l=0.257, x=1.562, y=0.075, z=3.839, ry=0.753
  ** new best mean IoU on val: 0.6145 -> saved best_object_detection_model_run6_200epochs.pth

=== Epoch 101/200 ===
  iter 10/93 | loss=0.8834 | grad_norm=11.148
  iter 20/93 | loss=0.9405 | grad_norm=10.827
  iter 30/93 | loss=1.0565 | grad_norm=7.475
  iter 40/93 | loss=1.2240 | grad_norm=10.957
  iter 50/93 | loss=1.0805 | grad_norm=6.092
  iter 60/93 | loss=1.1527 | grad_norm=12.783
  iter 70/93 | loss=0.9638 | grad_norm=8.250
  iter 80/93 | loss=1.0197 | grad_norm=7.650
  iter 90/93 | loss=1.1458 | grad_norm=10.703
  iter 93/93 | loss=1.1198 | grad_norm=12.162
  epoch_time=81.0s | samples/s=91.9 | lr=8.10e-04 | grad_norm_mean=10.334 | peak_gpu=23186 MB | nan_batches: train=0 val=0
[train] loss=1.0328 (cls=0.0236 reg=0.0223 iou_l=0.3290) | acc=0.993 | mIoU=0.671 IoU@0.5=0.806 IoU@0.7=0.614
       per-class: vehicle P=1.00/R=0.99 | pedestrian P=0.98/R=0.99 | cyclist P=0.87/R=0.97
       box MAE (m): h=0.099, w=0.061, l=0.220, x=1.196, y=0.067, z=3.153, ry=0.629
[val  ] loss=1.3292 (cls=0.1328 reg=0.0270 iou_l=0.3898) | acc=0.982 | mIoU=0.610 IoU@0.5=0.725 IoU@0.7=0.492
       per-class: vehicle P=0.99/R=0.99 | pedestrian P=0.97/R=0.95 | cyclist P=0.78/R=0.88
       box MAE (m): h=0.112, w=0.076, l=0.273, x=1.561, y=0.077, z=3.771, ry=0.758

=== Epoch 102/200 ===
  iter 10/93 | loss=0.9819 | grad_norm=8.836
  iter 20/93 | loss=1.1226 | grad_norm=6.388
  iter 30/93 | loss=1.1142 | grad_norm=7.368
  iter 40/93 | loss=1.0121 | grad_norm=11.750
  iter 50/93 | loss=0.9779 | grad_norm=8.561
  iter 60/93 | loss=1.2560 | grad_norm=7.820
  iter 70/93 | loss=0.9594 | grad_norm=7.816
  iter 80/93 | loss=1.1287 | grad_norm=10.720
  iter 90/93 | loss=0.8871 | grad_norm=10.559
  iter 93/93 | loss=1.1810 | grad_norm=7.147
  epoch_time=80.9s | samples/s=92.1 | lr=7.97e-04 | grad_norm_mean=10.015 | peak_gpu=23186 MB | nan_batches: train=0 val=0
[train] loss=1.0199 (cls=0.0217 reg=0.0225 iou_l=0.3252) | acc=0.992 | mIoU=0.675 IoU@0.5=0.811 IoU@0.7=0.616
       per-class: vehicle P=1.00/R=0.99 | pedestrian P=0.97/R=0.99 | cyclist P=0.89/R=0.99
       box MAE (m): h=0.097, w=0.060, l=0.218, x=1.191, y=0.066, z=3.160, ry=0.648
[val  ] loss=1.3157 (cls=0.1420 reg=0.0265 iou_l=0.3824) | acc=0.983 | mIoU=0.618 IoU@0.5=0.733 IoU@0.7=0.509
       per-class: vehicle P=0.99/R=0.99 | pedestrian P=0.98/R=0.95 | cyclist P=0.75/R=0.91
       box MAE (m): h=0.111, w=0.073, l=0.290, x=1.526, y=0.075, z=3.531, ry=0.720
  ** new best mean IoU on val: 0.6176 -> saved best_object_detection_model_run6_200epochs.pth

=== Epoch 103/200 ===
  iter 10/93 | loss=1.0462 | grad_norm=11.438
  iter 20/93 | loss=1.1097 | grad_norm=12.141
  iter 30/93 | loss=0.8983 | grad_norm=8.649
  iter 40/93 | loss=0.9697 | grad_norm=6.146
  iter 50/93 | loss=0.8744 | grad_norm=17.947
  iter 60/93 | loss=0.8670 | grad_norm=8.899
  iter 70/93 | loss=1.2082 | grad_norm=9.391
  iter 80/93 | loss=1.0629 | grad_norm=8.977
  iter 90/93 | loss=0.7720 | grad_norm=12.467
  iter 93/93 | loss=1.1214 | grad_norm=7.557
  epoch_time=81.8s | samples/s=91.1 | lr=7.85e-04 | grad_norm_mean=11.046 | peak_gpu=23186 MB | nan_batches: train=0 val=0
[train] loss=1.0014 (cls=0.0245 reg=0.0220 iou_l=0.3183) | acc=0.991 | mIoU=0.682 IoU@0.5=0.818 IoU@0.7=0.637
       per-class: vehicle P=1.00/R=0.99 | pedestrian P=0.97/R=0.99 | cyclist P=0.86/R=0.97
       box MAE (m): h=0.092, w=0.059, l=0.213, x=1.141, y=0.066, z=3.023, ry=0.618
[val  ] loss=1.3065 (cls=0.1493 reg=0.0268 iou_l=0.3768) | acc=0.985 | mIoU=0.623 IoU@0.5=0.735 IoU@0.7=0.530
       per-class: vehicle P=0.99/R=0.99 | pedestrian P=0.97/R=0.95 | cyclist P=0.86/R=0.86
       box MAE (m): h=0.115, w=0.070, l=0.256, x=1.517, y=0.076, z=3.671, ry=0.717
  ** new best mean IoU on val: 0.6232 -> saved best_object_detection_model_run6_200epochs.pth

=== Epoch 104/200 ===
  iter 10/93 | loss=0.9372 | grad_norm=8.703
  iter 20/93 | loss=1.2594 | grad_norm=9.318
  iter 30/93 | loss=1.0342 | grad_norm=10.162
  iter 40/93 | loss=0.8370 | grad_norm=9.591
  iter 50/93 | loss=1.0300 | grad_norm=10.389
  iter 60/93 | loss=1.2044 | grad_norm=6.129
  iter 70/93 | loss=1.0846 | grad_norm=10.167
  iter 80/93 | loss=1.0166 | grad_norm=8.223
  iter 90/93 | loss=1.1451 | grad_norm=7.170
  iter 93/93 | loss=0.9489 | grad_norm=9.827
  epoch_time=80.9s | samples/s=92.0 | lr=7.73e-04 | grad_norm_mean=10.209 | peak_gpu=23186 MB | nan_batches: train=0 val=0
[train] loss=1.0011 (cls=0.0256 reg=0.0223 iou_l=0.3178) | acc=0.993 | mIoU=0.682 IoU@0.5=0.816 IoU@0.7=0.635
       per-class: vehicle P=1.00/R=0.99 | pedestrian P=0.97/R=0.98 | cyclist P=0.90/R=0.99
       box MAE (m): h=0.095, w=0.057, l=0.210, x=1.161, y=0.063, z=3.118, ry=0.641
[val  ] loss=1.4096 (cls=0.1868 reg=0.0280 iou_l=0.3983) | acc=0.984 | mIoU=0.602 IoU@0.5=0.713 IoU@0.7=0.486
       per-class: vehicle P=0.99/R=1.00 | pedestrian P=0.99/R=0.93 | cyclist P=0.90/R=0.81
       box MAE (m): h=0.110, w=0.077, l=0.265, x=1.579, y=0.076, z=4.218, ry=0.763

=== Epoch 105/200 ===
  iter 10/93 | loss=1.0833 | grad_norm=8.329
  iter 20/93 | loss=1.0917 | grad_norm=13.045
  iter 30/93 | loss=0.8975 | grad_norm=11.581
  iter 40/93 | loss=0.9120 | grad_norm=6.007
  iter 50/93 | loss=0.9919 | grad_norm=12.673
  iter 60/93 | loss=0.9243 | grad_norm=8.855
  iter 70/93 | loss=0.8999 | grad_norm=9.577
  iter 80/93 | loss=0.9120 | grad_norm=8.316
  iter 90/93 | loss=0.9137 | grad_norm=7.577
  iter 93/93 | loss=1.0578 | grad_norm=7.620
  epoch_time=81.1s | samples/s=91.8 | lr=7.61e-04 | grad_norm_mean=10.504 | peak_gpu=23186 MB | nan_batches: train=0 val=0
[train] loss=1.0199 (cls=0.0274 reg=0.0224 iou_l=0.3234) | acc=0.991 | mIoU=0.677 IoU@0.5=0.812 IoU@0.7=0.620
       per-class: vehicle P=1.00/R=0.99 | pedestrian P=0.97/R=0.98 | cyclist P=0.87/R=0.98
       box MAE (m): h=0.095, w=0.061, l=0.222, x=1.188, y=0.069, z=3.097, ry=0.624
[val  ] loss=1.2967 (cls=0.1284 reg=0.0270 iou_l=0.3804) | acc=0.984 | mIoU=0.620 IoU@0.5=0.741 IoU@0.7=0.516
       per-class: vehicle P=0.99/R=0.99 | pedestrian P=0.98/R=0.96 | cyclist P=0.83/R=0.81
       box MAE (m): h=0.098, w=0.072, l=0.255, x=1.479, y=0.078, z=3.715, ry=0.715

=== Epoch 106/200 ===
  iter 10/93 | loss=0.9805 | grad_norm=15.649
  iter 20/93 | loss=1.1705 | grad_norm=9.039
  iter 30/93 | loss=0.9708 | grad_norm=8.830
  iter 40/93 | loss=0.8228 | grad_norm=14.894
  iter 50/93 | loss=1.1270 | grad_norm=10.218
  iter 60/93 | loss=0.7090 | grad_norm=9.481
  iter 70/93 | loss=1.0587 | grad_norm=9.762
  iter 80/93 | loss=0.9642 | grad_norm=15.751
  iter 90/93 | loss=0.9214 | grad_norm=13.550
  iter 93/93 | loss=0.8982 | grad_norm=15.208
  epoch_time=81.2s | samples/s=91.8 | lr=7.49e-04 | grad_norm_mean=11.082 | peak_gpu=23186 MB | nan_batches: train=0 val=0
[train] loss=0.9997 (cls=0.0212 reg=0.0220 iou_l=0.3189) | acc=0.994 | mIoU=0.681 IoU@0.5=0.817 IoU@0.7=0.635
       per-class: vehicle P=1.00/R=0.99 | pedestrian P=0.97/R=0.99 | cyclist P=0.91/R=0.99
       box MAE (m): h=0.092, w=0.057, l=0.213, x=1.178, y=0.066, z=3.000, ry=0.634
[val  ] loss=1.3077 (cls=0.1490 reg=0.0267 iou_l=0.3774) | acc=0.983 | mIoU=0.623 IoU@0.5=0.745 IoU@0.7=0.525
       per-class: vehicle P=0.99/R=0.99 | pedestrian P=0.95/R=0.96 | cyclist P=0.93/R=0.86
       box MAE (m): h=0.113, w=0.072, l=0.261, x=1.510, y=0.078, z=3.548, ry=0.744

=== Epoch 107/200 ===
  iter 10/93 | loss=1.0966 | grad_norm=6.999
  iter 20/93 | loss=0.9885 | grad_norm=8.078
  iter 30/93 | loss=1.0317 | grad_norm=9.218
  iter 40/93 | loss=0.9351 | grad_norm=12.371
  iter 50/93 | loss=0.9901 | grad_norm=9.307
  iter 60/93 | loss=0.9789 | grad_norm=7.798
  iter 70/93 | loss=1.1195 | grad_norm=12.285
  iter 80/93 | loss=1.0334 | grad_norm=17.256
  iter 90/93 | loss=0.9967 | grad_norm=7.679
  iter 93/93 | loss=1.0660 | grad_norm=10.136
  epoch_time=81.2s | samples/s=91.8 | lr=7.37e-04 | grad_norm_mean=9.918 | peak_gpu=23186 MB | nan_batches: train=0 val=0
[train] loss=0.9960 (cls=0.0244 reg=0.0219 iou_l=0.3166) | acc=0.993 | mIoU=0.683 IoU@0.5=0.819 IoU@0.7=0.644
       per-class: vehicle P=1.00/R=0.99 | pedestrian P=0.98/R=0.99 | cyclist P=0.89/R=0.99
       box MAE (m): h=0.090, w=0.057, l=0.206, x=1.153, y=0.064, z=3.072, ry=0.637
[val  ] loss=1.3693 (cls=0.1815 reg=0.0258 iou_l=0.3874) | acc=0.983 | mIoU=0.613 IoU@0.5=0.719 IoU@0.7=0.503
       per-class: vehicle P=0.99/R=0.99 | pedestrian P=0.96/R=0.95 | cyclist P=0.86/R=0.84
       box MAE (m): h=0.117, w=0.075, l=0.268, x=1.605, y=0.079, z=3.832, ry=0.724

=== Epoch 108/200 ===
  iter 10/93 | loss=0.9104 | grad_norm=10.497
  iter 20/93 | loss=0.9146 | grad_norm=9.810
  iter 30/93 | loss=0.9056 | grad_norm=13.889
  iter 40/93 | loss=0.8862 | grad_norm=11.082
  iter 50/93 | loss=0.9604 | grad_norm=8.468
  iter 60/93 | loss=0.8627 | grad_norm=9.993
  iter 70/93 | loss=1.0167 | grad_norm=9.511
  iter 80/93 | loss=0.8806 | grad_norm=6.157
  iter 90/93 | loss=0.9029 | grad_norm=10.606
  iter 93/93 | loss=0.9936 | grad_norm=5.430
  epoch_time=81.2s | samples/s=91.7 | lr=7.24e-04 | grad_norm_mean=9.980 | peak_gpu=23186 MB | nan_batches: train=0 val=0
[train] loss=0.9712 (cls=0.0262 reg=0.0211 iou_l=0.3080) | acc=0.993 | mIoU=0.692 IoU@0.5=0.833 IoU@0.7=0.651
       per-class: vehicle P=1.00/R=1.00 | pedestrian P=0.98/R=0.98 | cyclist P=0.87/R=0.96
       box MAE (m): h=0.091, w=0.056, l=0.196, x=1.118, y=0.063, z=2.938, ry=0.615
[val  ] loss=1.2934 (cls=0.1331 reg=0.0254 iou_l=0.3783) | acc=0.981 | mIoU=0.622 IoU@0.5=0.733 IoU@0.7=0.524
       per-class: vehicle P=0.99/R=0.99 | pedestrian P=0.97/R=0.92 | cyclist P=0.81/R=0.91
       box MAE (m): h=0.117, w=0.072, l=0.260, x=1.501, y=0.080, z=3.505, ry=0.699

=== Epoch 109/200 ===
  iter 10/93 | loss=0.9599 | grad_norm=10.835
  iter 20/93 | loss=0.9635 | grad_norm=10.265
  iter 30/93 | loss=0.9303 | grad_norm=9.100
  iter 40/93 | loss=1.0776 | grad_norm=9.891
  iter 50/93 | loss=0.9157 | grad_norm=8.204
  iter 60/93 | loss=1.0022 | grad_norm=12.242
  iter 70/93 | loss=0.9447 | grad_norm=6.904
  iter 80/93 | loss=1.0035 | grad_norm=16.611
  iter 90/93 | loss=0.8966 | grad_norm=8.471
  iter 93/93 | loss=0.8466 | grad_norm=8.211
  epoch_time=81.3s | samples/s=91.7 | lr=7.12e-04 | grad_norm_mean=10.257 | peak_gpu=23186 MB | nan_batches: train=0 val=0
[train] loss=0.9592 (cls=0.0226 reg=0.0211 iou_l=0.3052) | acc=0.992 | mIoU=0.695 IoU@0.5=0.831 IoU@0.7=0.654
       per-class: vehicle P=1.00/R=0.99 | pedestrian P=0.97/R=0.99 | cyclist P=0.90/R=0.99
       box MAE (m): h=0.089, w=0.057, l=0.197, x=1.081, y=0.061, z=2.857, ry=0.622
[val  ] loss=1.2915 (cls=0.1639 reg=0.0260 iou_l=0.3672) | acc=0.983 | mIoU=0.633 IoU@0.5=0.748 IoU@0.7=0.541
       per-class: vehicle P=0.99/R=0.99 | pedestrian P=0.95/R=0.97 | cyclist P=0.88/R=0.86
       box MAE (m): h=0.104, w=0.071, l=0.252, x=1.449, y=0.071, z=3.523, ry=0.730
  ** new best mean IoU on val: 0.6328 -> saved best_object_detection_model_run6_200epochs.pth

=== Epoch 110/200 ===
  iter 10/93 | loss=1.1316 | grad_norm=13.873
  iter 20/93 | loss=0.8900 | grad_norm=13.281
  iter 30/93 | loss=0.8780 | grad_norm=10.317
  iter 40/93 | loss=0.9390 | grad_norm=19.213
  iter 50/93 | loss=0.9494 | grad_norm=11.782
  iter 60/93 | loss=0.9160 | grad_norm=13.707
  iter 70/93 | loss=1.0932 | grad_norm=11.779
  iter 80/93 | loss=1.1083 | grad_norm=9.225
  iter 90/93 | loss=1.0979 | grad_norm=9.949
  iter 93/93 | loss=0.9271 | grad_norm=11.029
  epoch_time=81.1s | samples/s=91.8 | lr=7.00e-04 | grad_norm_mean=10.967 | peak_gpu=23186 MB | nan_batches: train=0 val=0
[train] loss=0.9445 (cls=0.0229 reg=0.0214 iou_l=0.3001) | acc=0.993 | mIoU=0.700 IoU@0.5=0.839 IoU@0.7=0.669
       per-class: vehicle P=1.00/R=0.99 | pedestrian P=0.97/R=0.99 | cyclist P=0.88/R=1.00
       box MAE (m): h=0.087, w=0.054, l=0.190, x=1.094, y=0.060, z=2.832, ry=0.644
[val  ] loss=1.2299 (cls=0.1188 reg=0.0254 iou_l=0.3619) | acc=0.987 | mIoU=0.638 IoU@0.5=0.762 IoU@0.7=0.554
       per-class: vehicle P=0.99/R=0.99 | pedestrian P=0.96/R=0.97 | cyclist P=0.90/R=0.88
       box MAE (m): h=0.103, w=0.066, l=0.235, x=1.452, y=0.070, z=3.467, ry=0.708
  ** new best mean IoU on val: 0.6381 -> saved best_object_detection_model_run6_200epochs.pth

=== Epoch 111/200 ===
  iter 10/93 | loss=0.9323 | grad_norm=9.868
  iter 20/93 | loss=0.8281 | grad_norm=13.715
  iter 30/93 | loss=0.9595 | grad_norm=8.344
  iter 40/93 | loss=1.1000 | grad_norm=9.157
  iter 50/93 | loss=1.1270 | grad_norm=7.893
  iter 60/93 | loss=0.9012 | grad_norm=11.643
  iter 70/93 | loss=1.1982 | grad_norm=11.699
  iter 80/93 | loss=1.6717 | grad_norm=10.852
  iter 90/93 | loss=0.8481 | grad_norm=11.216
  iter 93/93 | loss=1.0213 | grad_norm=7.332
  epoch_time=80.8s | samples/s=92.2 | lr=6.88e-04 | grad_norm_mean=10.131 | peak_gpu=23186 MB | nan_batches: train=0 val=0
[train] loss=0.9549 (cls=0.0276 reg=0.0212 iou_l=0.3020) | acc=0.993 | mIoU=0.698 IoU@0.5=0.837 IoU@0.7=0.665
       per-class: vehicle P=1.00/R=0.99 | pedestrian P=0.97/R=0.99 | cyclist P=0.90/R=0.96
       box MAE (m): h=0.089, w=0.055, l=0.189, x=1.070, y=0.063, z=2.871, ry=0.626
[val  ] loss=1.2245 (cls=0.1321 reg=0.0259 iou_l=0.3555) | acc=0.984 | mIoU=0.645 IoU@0.5=0.769 IoU@0.7=0.548
       per-class: vehicle P=0.99/R=0.99 | pedestrian P=0.96/R=0.96 | cyclist P=0.88/R=0.86
       box MAE (m): h=0.101, w=0.072, l=0.241, x=1.437, y=0.072, z=3.316, ry=0.755
  ** new best mean IoU on val: 0.6445 -> saved best_object_detection_model_run6_200epochs.pth

=== Epoch 112/200 ===
  iter 10/93 | loss=0.9569 | grad_norm=9.709
  iter 20/93 | loss=0.8416 | grad_norm=7.474
  iter 30/93 | loss=1.0118 | grad_norm=11.178
  iter 40/93 | loss=0.9372 | grad_norm=18.374
  iter 50/93 | loss=0.9053 | grad_norm=7.882
  iter 60/93 | loss=0.9403 | grad_norm=10.440
  iter 70/93 | loss=0.8992 | grad_norm=12.154
  iter 80/93 | loss=0.8921 | grad_norm=8.065
  iter 90/93 | loss=1.0364 | grad_norm=13.456
  iter 93/93 | loss=0.8907 | grad_norm=8.517
  epoch_time=81.8s | samples/s=91.1 | lr=6.76e-04 | grad_norm_mean=10.858 | peak_gpu=23186 MB | nan_batches: train=0 val=0
[train] loss=0.9373 (cls=0.0185 reg=0.0205 iou_l=0.2994) | acc=0.993 | mIoU=0.701 IoU@0.5=0.842 IoU@0.7=0.667
       per-class: vehicle P=1.00/R=0.99 | pedestrian P=0.98/R=0.99 | cyclist P=0.90/R=0.99
       box MAE (m): h=0.090, w=0.055, l=0.190, x=1.062, y=0.060, z=2.783, ry=0.618
[val  ] loss=1.2661 (cls=0.1483 reg=0.0258 iou_l=0.3640) | acc=0.989 | mIoU=0.636 IoU@0.5=0.752 IoU@0.7=0.538
       per-class: vehicle P=0.99/R=0.99 | pedestrian P=0.98/R=0.98 | cyclist P=0.90/R=0.86
       box MAE (m): h=0.117, w=0.070, l=0.254, x=1.409, y=0.070, z=3.643, ry=0.709

=== Epoch 113/200 ===
  iter 10/93 | loss=0.9769 | grad_norm=6.372
  iter 20/93 | loss=0.9557 | grad_norm=12.732
  iter 30/93 | loss=1.0343 | grad_norm=11.295
  iter 40/93 | loss=0.8583 | grad_norm=15.843
  iter 50/93 | loss=0.9042 | grad_norm=6.950
  iter 60/93 | loss=0.9994 | grad_norm=12.784
  iter 70/93 | loss=0.8868 | grad_norm=9.257
  iter 80/93 | loss=0.7877 | grad_norm=10.539
  iter 90/93 | loss=0.8191 | grad_norm=10.948
  iter 93/93 | loss=0.9484 | grad_norm=9.178
  epoch_time=81.0s | samples/s=92.0 | lr=6.63e-04 | grad_norm_mean=10.747 | peak_gpu=23186 MB | nan_batches: train=0 val=0
[train] loss=0.9414 (cls=0.0221 reg=0.0206 iou_l=0.2996) | acc=0.994 | mIoU=0.700 IoU@0.5=0.842 IoU@0.7=0.669
       per-class: vehicle P=1.00/R=0.99 | pedestrian P=0.98/R=0.99 | cyclist P=0.89/R=0.97
       box MAE (m): h=0.090, w=0.055, l=0.191, x=1.054, y=0.061, z=2.850, ry=0.625
[val  ] loss=1.2900 (cls=0.1714 reg=0.0258 iou_l=0.3643) | acc=0.983 | mIoU=0.636 IoU@0.5=0.755 IoU@0.7=0.558
       per-class: vehicle P=0.99/R=0.99 | pedestrian P=0.95/R=0.96 | cyclist P=0.90/R=0.86
       box MAE (m): h=0.109, w=0.070, l=0.245, x=1.447, y=0.069, z=3.476, ry=0.767

=== Epoch 114/200 ===
  iter 10/93 | loss=0.9458 | grad_norm=10.086
  iter 20/93 | loss=0.7654 | grad_norm=6.962
  iter 30/93 | loss=0.8227 | grad_norm=17.227
  iter 40/93 | loss=0.8070 | grad_norm=7.513
  iter 50/93 | loss=0.8884 | grad_norm=6.545
  iter 60/93 | loss=0.8254 | grad_norm=8.706
  iter 70/93 | loss=0.9412 | grad_norm=15.129
  iter 80/93 | loss=0.9081 | grad_norm=9.306
  iter 90/93 | loss=1.1144 | grad_norm=10.402
  iter 93/93 | loss=0.9749 | grad_norm=9.341
  epoch_time=80.8s | samples/s=92.2 | lr=6.51e-04 | grad_norm_mean=9.369 | peak_gpu=23186 MB | nan_batches: train=0 val=0
[train] loss=0.9170 (cls=0.0216 reg=0.0200 iou_l=0.2918) | acc=0.994 | mIoU=0.708 IoU@0.5=0.852 IoU@0.7=0.685
       per-class: vehicle P=1.00/R=0.99 | pedestrian P=0.98/R=0.99 | cyclist P=0.90/R=0.99
       box MAE (m): h=0.089, w=0.053, l=0.180, x=0.995, y=0.057, z=2.744, ry=0.616
[val  ] loss=1.1996 (cls=0.1120 reg=0.0253 iou_l=0.3541) | acc=0.985 | mIoU=0.646 IoU@0.5=0.767 IoU@0.7=0.559
       per-class: vehicle P=0.99/R=0.99 | pedestrian P=0.95/R=0.99 | cyclist P=0.88/R=0.81
       box MAE (m): h=0.103, w=0.069, l=0.236, x=1.429, y=0.068, z=3.235, ry=0.708
  ** new best mean IoU on val: 0.6459 -> saved best_object_detection_model_run6_200epochs.pth

=== Epoch 115/200 ===
  iter 10/93 | loss=0.8708 | grad_norm=12.942
  iter 20/93 | loss=1.0309 | grad_norm=9.133
  iter 30/93 | loss=0.9088 | grad_norm=6.982
  iter 40/93 | loss=0.9680 | grad_norm=6.417
  iter 50/93 | loss=0.8007 | grad_norm=11.589
  iter 60/93 | loss=0.8033 | grad_norm=10.259
  iter 70/93 | loss=0.9799 | grad_norm=9.195
  iter 80/93 | loss=1.0610 | grad_norm=9.508
  iter 90/93 | loss=0.8156 | grad_norm=9.143
  iter 93/93 | loss=0.9634 | grad_norm=7.459
  epoch_time=81.2s | samples/s=91.8 | lr=6.39e-04 | grad_norm_mean=11.022 | peak_gpu=23186 MB | nan_batches: train=0 val=0
[train] loss=0.9039 (cls=0.0166 reg=0.0201 iou_l=0.2891) | acc=0.993 | mIoU=0.711 IoU@0.5=0.854 IoU@0.7=0.694
       per-class: vehicle P=1.00/R=0.99 | pedestrian P=0.97/R=0.99 | cyclist P=0.90/R=0.99
       box MAE (m): h=0.088, w=0.052, l=0.180, x=1.010, y=0.059, z=2.679, ry=0.609
[val  ] loss=1.2303 (cls=0.1310 reg=0.0247 iou_l=0.3582) | acc=0.987 | mIoU=0.642 IoU@0.5=0.755 IoU@0.7=0.570
       per-class: vehicle P=0.99/R=0.99 | pedestrian P=0.97/R=0.97 | cyclist P=0.95/R=0.86
       box MAE (m): h=0.102, w=0.068, l=0.233, x=1.404, y=0.068, z=3.466, ry=0.704

=== Epoch 116/200 ===
  iter 10/93 | loss=0.7671 | grad_norm=12.856
  iter 20/93 | loss=0.9231 | grad_norm=11.122
  iter 30/93 | loss=0.8858 | grad_norm=11.276
  iter 40/93 | loss=0.9229 | grad_norm=14.300
  iter 50/93 | loss=1.0177 | grad_norm=15.113
  iter 60/93 | loss=0.8644 | grad_norm=11.499
  iter 70/93 | loss=0.8917 | grad_norm=8.618
  iter 80/93 | loss=0.9851 | grad_norm=11.251
  iter 90/93 | loss=1.0829 | grad_norm=10.224
  iter 93/93 | loss=0.9007 | grad_norm=14.612
  epoch_time=81.0s | samples/s=91.9 | lr=6.27e-04 | grad_norm_mean=11.796 | peak_gpu=23186 MB | nan_batches: train=0 val=0
[train] loss=0.9049 (cls=0.0207 reg=0.0201 iou_l=0.2880) | acc=0.994 | mIoU=0.712 IoU@0.5=0.854 IoU@0.7=0.689
       per-class: vehicle P=1.00/R=0.99 | pedestrian P=0.98/R=0.99 | cyclist P=0.89/R=0.97
       box MAE (m): h=0.086, w=0.053, l=0.179, x=1.003, y=0.055, z=2.697, ry=0.603
[val  ] loss=1.2615 (cls=0.1518 reg=0.0259 iou_l=0.3612) | acc=0.984 | mIoU=0.639 IoU@0.5=0.756 IoU@0.7=0.553
       per-class: vehicle P=0.99/R=0.99 | pedestrian P=0.95/R=0.96 | cyclist P=0.88/R=0.88
       box MAE (m): h=0.108, w=0.067, l=0.234, x=1.447, y=0.069, z=3.573, ry=0.732

=== Epoch 117/200 ===
  iter 10/93 | loss=0.9574 | grad_norm=7.000
  iter 20/93 | loss=0.9421 | grad_norm=10.137
  iter 30/93 | loss=0.9669 | grad_norm=8.873
  iter 40/93 | loss=0.9279 | grad_norm=11.485
  iter 50/93 | loss=0.6752 | grad_norm=11.236
  iter 60/93 | loss=0.8513 | grad_norm=7.648
  iter 70/93 | loss=0.7446 | grad_norm=7.030
  iter 80/93 | loss=0.7339 | grad_norm=10.672
  iter 90/93 | loss=0.8400 | grad_norm=6.889
  iter 93/93 | loss=0.9651 | grad_norm=7.901
  epoch_time=81.0s | samples/s=91.9 | lr=6.15e-04 | grad_norm_mean=10.635 | peak_gpu=23186 MB | nan_batches: train=0 val=0
[train] loss=0.8936 (cls=0.0190 reg=0.0199 iou_l=0.2849) | acc=0.993 | mIoU=0.715 IoU@0.5=0.854 IoU@0.7=0.703
       per-class: vehicle P=1.00/R=0.99 | pedestrian P=0.98/R=0.99 | cyclist P=0.89/R=0.98
       box MAE (m): h=0.086, w=0.052, l=0.179, x=0.991, y=0.055, z=2.705, ry=0.619
[val  ] loss=1.1984 (cls=0.1252 reg=0.0249 iou_l=0.3495) | acc=0.981 | mIoU=0.651 IoU@0.5=0.768 IoU@0.7=0.567
       per-class: vehicle P=0.99/R=0.99 | pedestrian P=0.96/R=0.94 | cyclist P=0.83/R=0.91
       box MAE (m): h=0.111, w=0.069, l=0.232, x=1.362, y=0.063, z=3.272, ry=0.725
  ** new best mean IoU on val: 0.6505 -> saved best_object_detection_model_run6_200epochs.pth

=== Epoch 118/200 ===
  iter 10/93 | loss=0.8184 | grad_norm=11.576
  iter 20/93 | loss=0.9118 | grad_norm=12.421
  iter 30/93 | loss=0.9085 | grad_norm=6.840
  iter 40/93 | loss=0.9436 | grad_norm=12.539
  iter 50/93 | loss=0.9146 | grad_norm=10.701
  iter 60/93 | loss=0.7570 | grad_norm=10.522
  iter 70/93 | loss=0.8469 | grad_norm=11.962
  iter 80/93 | loss=0.7825 | grad_norm=8.392
  iter 90/93 | loss=0.9177 | grad_norm=12.602
  iter 93/93 | loss=0.8728 | grad_norm=10.568
  epoch_time=81.1s | samples/s=91.9 | lr=6.03e-04 | grad_norm_mean=11.402 | peak_gpu=23186 MB | nan_batches: train=0 val=0
[train] loss=0.8678 (cls=0.0161 reg=0.0194 iou_l=0.2774) | acc=0.994 | mIoU=0.723 IoU@0.5=0.862 IoU@0.7=0.712
       per-class: vehicle P=1.00/R=1.00 | pedestrian P=0.98/R=0.99 | cyclist P=0.89/R=1.00
       box MAE (m): h=0.080, w=0.051, l=0.171, x=0.931, y=0.055, z=2.520, ry=0.612
[val  ] loss=1.2487 (cls=0.1601 reg=0.0250 iou_l=0.3545) | acc=0.987 | mIoU=0.646 IoU@0.5=0.772 IoU@0.7=0.558
       per-class: vehicle P=0.99/R=0.99 | pedestrian P=0.97/R=0.97 | cyclist P=0.90/R=0.86
       box MAE (m): h=0.107, w=0.075, l=0.225, x=1.363, y=0.067, z=3.378, ry=0.728

=== Epoch 119/200 ===
  iter 10/93 | loss=0.8073 | grad_norm=12.528
  iter 20/93 | loss=0.8716 | grad_norm=15.246
  iter 30/93 | loss=0.6403 | grad_norm=9.301
  iter 40/93 | loss=0.8035 | grad_norm=9.142
  iter 50/93 | loss=0.9129 | grad_norm=15.807
  iter 60/93 | loss=0.9318 | grad_norm=10.752
  iter 70/93 | loss=1.0114 | grad_norm=16.407
  iter 80/93 | loss=0.7916 | grad_norm=9.742
  iter 90/93 | loss=0.8872 | grad_norm=9.435
  iter 93/93 | loss=0.7206 | grad_norm=10.623
  epoch_time=80.8s | samples/s=92.2 | lr=5.90e-04 | grad_norm_mean=11.004 | peak_gpu=23186 MB | nan_batches: train=0 val=0
[train] loss=0.8672 (cls=0.0164 reg=0.0197 iou_l=0.2770) | acc=0.995 | mIoU=0.723 IoU@0.5=0.862 IoU@0.7=0.710
       per-class: vehicle P=1.00/R=1.00 | pedestrian P=0.99/R=0.99 | cyclist P=0.91/R=0.99
       box MAE (m): h=0.081, w=0.051, l=0.168, x=0.936, y=0.054, z=2.566, ry=0.615
[val  ] loss=1.2415 (cls=0.1823 reg=0.0245 iou_l=0.3449) | acc=0.986 | mIoU=0.655 IoU@0.5=0.781 IoU@0.7=0.560
       per-class: vehicle P=0.99/R=1.00 | pedestrian P=0.98/R=0.96 | cyclist P=0.90/R=0.84
       box MAE (m): h=0.092, w=0.066, l=0.222, x=1.256, y=0.065, z=3.233, ry=0.673
  ** new best mean IoU on val: 0.6551 -> saved best_object_detection_model_run6_200epochs.pth

=== Epoch 120/200 ===
  iter 10/93 | loss=0.7892 | grad_norm=10.844
  iter 20/93 | loss=0.7597 | grad_norm=9.052
  iter 30/93 | loss=0.9400 | grad_norm=8.083
  iter 40/93 | loss=0.7219 | grad_norm=14.932
  iter 50/93 | loss=1.0364 | grad_norm=11.415
  iter 60/93 | loss=0.8558 | grad_norm=8.115
  iter 70/93 | loss=0.7863 | grad_norm=13.073
  iter 80/93 | loss=1.0972 | grad_norm=8.298
  iter 90/93 | loss=0.9040 | grad_norm=14.625
  iter 93/93 | loss=0.8625 | grad_norm=10.396
  epoch_time=81.3s | samples/s=91.6 | lr=5.78e-04 | grad_norm_mean=10.596 | peak_gpu=23186 MB | nan_batches: train=0 val=0
[train] loss=0.8592 (cls=0.0168 reg=0.0196 iou_l=0.2742) | acc=0.994 | mIoU=0.726 IoU@0.5=0.866 IoU@0.7=0.715
       per-class: vehicle P=1.00/R=0.99 | pedestrian P=0.98/R=0.99 | cyclist P=0.90/R=0.99
       box MAE (m): h=0.083, w=0.050, l=0.169, x=0.947, y=0.053, z=2.504, ry=0.589
[val  ] loss=1.2022 (cls=0.1329 reg=0.0244 iou_l=0.3483) | acc=0.983 | mIoU=0.652 IoU@0.5=0.767 IoU@0.7=0.578
       per-class: vehicle P=0.99/R=0.99 | pedestrian P=0.95/R=0.96 | cyclist P=0.86/R=0.88
       box MAE (m): h=0.108, w=0.070, l=0.227, x=1.334, y=0.067, z=3.297, ry=0.686

=== Epoch 121/200 ===
  iter 10/93 | loss=0.6240 | grad_norm=10.956
  iter 20/93 | loss=0.8674 | grad_norm=17.992
  iter 30/93 | loss=0.9179 | grad_norm=14.549
  iter 40/93 | loss=0.9934 | grad_norm=11.526
  iter 50/93 | loss=0.8846 | grad_norm=10.433
  iter 60/93 | loss=0.8886 | grad_norm=19.664
  iter 70/93 | loss=0.9606 | grad_norm=8.782
  iter 80/93 | loss=1.0989 | grad_norm=16.088
  iter 90/93 | loss=0.8483 | grad_norm=8.123
  iter 93/93 | loss=0.9232 | grad_norm=9.429
  epoch_time=81.1s | samples/s=91.8 | lr=5.66e-04 | grad_norm_mean=11.034 | peak_gpu=23186 MB | nan_batches: train=0 val=0
[train] loss=0.8719 (cls=0.0171 reg=0.0197 iou_l=0.2784) | acc=0.995 | mIoU=0.722 IoU@0.5=0.863 IoU@0.7=0.713
       per-class: vehicle P=1.00/R=1.00 | pedestrian P=0.98/R=0.99 | cyclist P=0.90/R=0.98
       box MAE (m): h=0.081, w=0.051, l=0.172, x=0.965, y=0.054, z=2.568, ry=0.625
[val  ] loss=1.2391 (cls=0.1826 reg=0.0247 iou_l=0.3439) | acc=0.985 | mIoU=0.656 IoU@0.5=0.777 IoU@0.7=0.591
       per-class: vehicle P=0.99/R=0.99 | pedestrian P=0.95/R=0.96 | cyclist P=0.93/R=0.86
       box MAE (m): h=0.097, w=0.066, l=0.233, x=1.341, y=0.066, z=3.342, ry=0.720
  ** new best mean IoU on val: 0.6561 -> saved best_object_detection_model_run6_200epochs.pth

=== Epoch 122/200 ===
  iter 10/93 | loss=0.7854 | grad_norm=7.766
  iter 20/93 | loss=0.7703 | grad_norm=10.589
  iter 30/93 | loss=0.7645 | grad_norm=12.233
  iter 40/93 | loss=0.8663 | grad_norm=8.096
  iter 50/93 | loss=1.1465 | grad_norm=12.795
  iter 60/93 | loss=0.8462 | grad_norm=14.582
  iter 70/93 | loss=1.0088 | grad_norm=8.404
  iter 80/93 | loss=0.7899 | grad_norm=10.910
  iter 90/93 | loss=0.9730 | grad_norm=10.126
  iter 93/93 | loss=0.8904 | grad_norm=11.141
  epoch_time=80.5s | samples/s=92.5 | lr=5.54e-04 | grad_norm_mean=10.930 | peak_gpu=23186 MB | nan_batches: train=0 val=0
[train] loss=0.8447 (cls=0.0130 reg=0.0192 iou_l=0.2708) | acc=0.995 | mIoU=0.729 IoU@0.5=0.865 IoU@0.7=0.724
       per-class: vehicle P=1.00/R=1.00 | pedestrian P=0.98/R=0.99 | cyclist P=0.90/R=0.99
       box MAE (m): h=0.079, w=0.049, l=0.167, x=0.933, y=0.052, z=2.511, ry=0.602
[val  ] loss=1.2135 (cls=0.1590 reg=0.0245 iou_l=0.3433) | acc=0.988 | mIoU=0.657 IoU@0.5=0.779 IoU@0.7=0.587
       per-class: vehicle P=0.99/R=0.99 | pedestrian P=0.97/R=0.97 | cyclist P=0.95/R=0.86
       box MAE (m): h=0.098, w=0.067, l=0.218, x=1.327, y=0.064, z=3.234, ry=0.703
  ** new best mean IoU on val: 0.6567 -> saved best_object_detection_model_run6_200epochs.pth

=== Epoch 123/200 ===
  iter 10/93 | loss=0.6761 | grad_norm=8.394
  iter 20/93 | loss=0.9052 | grad_norm=7.761
  iter 30/93 | loss=0.8198 | grad_norm=9.891
  iter 40/93 | loss=0.7964 | grad_norm=9.026
  iter 50/93 | loss=0.7361 | grad_norm=14.040
  iter 60/93 | loss=0.8117 | grad_norm=6.640
  iter 70/93 | loss=0.9874 | grad_norm=9.893
  iter 80/93 | loss=0.7860 | grad_norm=10.517
  iter 90/93 | loss=0.9443 | grad_norm=9.075
  iter 93/93 | loss=0.9677 | grad_norm=8.209
  epoch_time=81.1s | samples/s=91.9 | lr=5.43e-04 | grad_norm_mean=10.620 | peak_gpu=23186 MB | nan_batches: train=0 val=0
[train] loss=0.8355 (cls=0.0137 reg=0.0190 iou_l=0.2676) | acc=0.995 | mIoU=0.732 IoU@0.5=0.874 IoU@0.7=0.726
       per-class: vehicle P=1.00/R=1.00 | pedestrian P=0.98/R=0.99 | cyclist P=0.91/R=0.98
       box MAE (m): h=0.077, w=0.049, l=0.161, x=0.906, y=0.053, z=2.440, ry=0.583
[val  ] loss=1.2361 (cls=0.1663 reg=0.0236 iou_l=0.3487) | acc=0.983 | mIoU=0.651 IoU@0.5=0.777 IoU@0.7=0.568
       per-class: vehicle P=0.99/R=0.99 | pedestrian P=0.97/R=0.95 | cyclist P=0.86/R=0.84
       box MAE (m): h=0.093, w=0.065, l=0.218, x=1.338, y=0.065, z=3.408, ry=0.672

=== Epoch 124/200 ===
  iter 10/93 | loss=0.9563 | grad_norm=12.663
  iter 20/93 | loss=0.6666 | grad_norm=19.048
  iter 30/93 | loss=1.0203 | grad_norm=9.221
  iter 40/93 | loss=0.9497 | grad_norm=10.694
  iter 50/93 | loss=0.8948 | grad_norm=8.551
  iter 60/93 | loss=0.7731 | grad_norm=17.425
  iter 70/93 | loss=0.6970 | grad_norm=13.480
  iter 80/93 | loss=0.9470 | grad_norm=7.791
  iter 90/93 | loss=0.9850 | grad_norm=11.632
  iter 93/93 | loss=0.8338 | grad_norm=14.139
  epoch_time=81.3s | samples/s=91.7 | lr=5.31e-04 | grad_norm_mean=12.070 | peak_gpu=23186 MB | nan_batches: train=0 val=0
[train] loss=0.8501 (cls=0.0198 reg=0.0186 iou_l=0.2705) | acc=0.994 | mIoU=0.729 IoU@0.5=0.872 IoU@0.7=0.716
       per-class: vehicle P=1.00/R=0.99 | pedestrian P=0.98/R=0.99 | cyclist P=0.90/R=0.99
       box MAE (m): h=0.078, w=0.050, l=0.166, x=0.867, y=0.054, z=2.468, ry=0.563
[val  ] loss=1.2382 (cls=0.1739 reg=0.0249 iou_l=0.3465) | acc=0.983 | mIoU=0.654 IoU@0.5=0.779 IoU@0.7=0.561
       per-class: vehicle P=0.99/R=0.99 | pedestrian P=0.95/R=0.98 | cyclist P=0.90/R=0.81
       box MAE (m): h=0.106, w=0.068, l=0.226, x=1.356, y=0.067, z=3.188, ry=0.722

=== Epoch 125/200 ===
  iter 10/93 | loss=0.8767 | grad_norm=7.914
  iter 20/93 | loss=0.9368 | grad_norm=11.964
  iter 30/93 | loss=1.0357 | grad_norm=10.515
  iter 40/93 | loss=0.9301 | grad_norm=11.621
  iter 50/93 | loss=0.7929 | grad_norm=17.962
  iter 60/93 | loss=0.7409 | grad_norm=7.267
  iter 70/93 | loss=0.8567 | grad_norm=12.077
  iter 80/93 | loss=0.8681 | grad_norm=9.746
  iter 90/93 | loss=0.9001 | grad_norm=7.764
  iter 93/93 | loss=0.8414 | grad_norm=11.263
  epoch_time=80.9s | samples/s=92.0 | lr=5.19e-04 | grad_norm_mean=10.755 | peak_gpu=23186 MB | nan_batches: train=0 val=0
[train] loss=0.8361 (cls=0.0188 reg=0.0190 iou_l=0.2661) | acc=0.993 | mIoU=0.734 IoU@0.5=0.872 IoU@0.7=0.727
       per-class: vehicle P=1.00/R=0.99 | pedestrian P=0.98/R=0.99 | cyclist P=0.89/R=0.97
       box MAE (m): h=0.077, w=0.049, l=0.162, x=0.892, y=0.052, z=2.393, ry=0.600
[val  ] loss=1.1583 (cls=0.1094 reg=0.0244 iou_l=0.3415) | acc=0.988 | mIoU=0.658 IoU@0.5=0.788 IoU@0.7=0.581
       per-class: vehicle P=0.99/R=0.99 | pedestrian P=0.98/R=0.97 | cyclist P=0.85/R=0.91
       box MAE (m): h=0.093, w=0.062, l=0.207, x=1.302, y=0.069, z=3.256, ry=0.718
  ** new best mean IoU on val: 0.6585 -> saved best_object_detection_model_run6_200epochs.pth

=== Epoch 126/200 ===
  iter 10/93 | loss=0.8447 | grad_norm=11.886
  iter 20/93 | loss=0.8800 | grad_norm=8.048
  iter 30/93 | loss=0.6643 | grad_norm=11.225
  iter 40/93 | loss=0.8453 | grad_norm=11.017
  iter 50/93 | loss=0.7138 | grad_norm=8.502
  iter 60/93 | loss=0.8394 | grad_norm=10.641
  iter 70/93 | loss=0.8033 | grad_norm=14.071
  iter 80/93 | loss=0.7333 | grad_norm=10.458
  iter 90/93 | loss=0.7614 | grad_norm=9.670
  iter 93/93 | loss=0.8098 | grad_norm=9.839
  epoch_time=81.0s | samples/s=92.0 | lr=5.07e-04 | grad_norm_mean=9.832 | peak_gpu=23186 MB | nan_batches: train=0 val=0
[train] loss=0.8218 (cls=0.0190 reg=0.0189 iou_l=0.2613) | acc=0.995 | mIoU=0.739 IoU@0.5=0.875 IoU@0.7=0.734
       per-class: vehicle P=1.00/R=1.00 | pedestrian P=0.99/R=0.99 | cyclist P=0.90/R=0.99
       box MAE (m): h=0.074, w=0.047, l=0.159, x=0.869, y=0.051, z=2.331, ry=0.600
[val  ] loss=1.1504 (cls=0.1090 reg=0.0250 iou_l=0.3388) | acc=0.983 | mIoU=0.661 IoU@0.5=0.783 IoU@0.7=0.589
       per-class: vehicle P=0.99/R=0.99 | pedestrian P=0.96/R=0.94 | cyclist P=0.83/R=0.91
       box MAE (m): h=0.090, w=0.064, l=0.225, x=1.331, y=0.070, z=3.237, ry=0.745
  ** new best mean IoU on val: 0.6612 -> saved best_object_detection_model_run6_200epochs.pth

=== Epoch 127/200 ===
  iter 10/93 | loss=0.7283 | grad_norm=10.996
  iter 20/93 | loss=0.6763 | grad_norm=5.515
  iter 30/93 | loss=0.7963 | grad_norm=8.736
  iter 40/93 | loss=0.7892 | grad_norm=15.244
  iter 50/93 | loss=0.7093 | grad_norm=7.668
  iter 60/93 | loss=0.9310 | grad_norm=9.044
  iter 70/93 | loss=1.0541 | grad_norm=9.480
  iter 80/93 | loss=0.7478 | grad_norm=9.324
  iter 90/93 | loss=0.6771 | grad_norm=10.413
  iter 93/93 | loss=0.8333 | grad_norm=7.654
  epoch_time=80.9s | samples/s=92.1 | lr=4.95e-04 | grad_norm_mean=10.380 | peak_gpu=23186 MB | nan_batches: train=0 val=0
[train] loss=0.8130 (cls=0.0164 reg=0.0184 iou_l=0.2594) | acc=0.995 | mIoU=0.741 IoU@0.5=0.881 IoU@0.7=0.738
       per-class: vehicle P=1.00/R=1.00 | pedestrian P=0.99/R=0.99 | cyclist P=0.88/R=0.99
       box MAE (m): h=0.075, w=0.047, l=0.157, x=0.847, y=0.051, z=2.337, ry=0.591
[val  ] loss=1.1674 (cls=0.1470 reg=0.0249 iou_l=0.3318) | acc=0.983 | mIoU=0.668 IoU@0.5=0.792 IoU@0.7=0.596
       per-class: vehicle P=0.99/R=0.99 | pedestrian P=0.96/R=0.95 | cyclist P=0.90/R=0.84
       box MAE (m): h=0.092, w=0.067, l=0.212, x=1.295, y=0.065, z=3.132, ry=0.730
  ** new best mean IoU on val: 0.6682 -> saved best_object_detection_model_run6_200epochs.pth

=== Epoch 128/200 ===
  iter 10/93 | loss=0.8902 | grad_norm=6.101
  iter 20/93 | loss=0.8520 | grad_norm=15.345
  iter 30/93 | loss=0.8791 | grad_norm=8.030
  iter 40/93 | loss=0.8364 | grad_norm=13.521
  iter 50/93 | loss=0.6866 | grad_norm=12.494
  iter 60/93 | loss=1.0129 | grad_norm=16.970
  iter 70/93 | loss=0.8488 | grad_norm=11.469
  iter 80/93 | loss=0.7449 | grad_norm=11.258
  iter 90/93 | loss=0.7710 | grad_norm=17.960
  iter 93/93 | loss=0.7786 | grad_norm=5.610
  epoch_time=81.1s | samples/s=91.9 | lr=4.84e-04 | grad_norm_mean=11.142 | peak_gpu=23186 MB | nan_batches: train=0 val=0
[train] loss=0.8047 (cls=0.0161 reg=0.0185 iou_l=0.2567) | acc=0.995 | mIoU=0.743 IoU@0.5=0.884 IoU@0.7=0.746
       per-class: vehicle P=1.00/R=1.00 | pedestrian P=0.98/R=0.99 | cyclist P=0.91/R=0.99
       box MAE (m): h=0.073, w=0.047, l=0.154, x=0.833, y=0.050, z=2.348, ry=0.599
[val  ] loss=1.1288 (cls=0.1106 reg=0.0243 iou_l=0.3313) | acc=0.988 | mIoU=0.669 IoU@0.5=0.791 IoU@0.7=0.605
       per-class: vehicle P=0.99/R=0.99 | pedestrian P=0.95/R=0.98 | cyclist P=0.97/R=0.88
       box MAE (m): h=0.088, w=0.062, l=0.212, x=1.274, y=0.064, z=3.059, ry=0.699
  ** new best mean IoU on val: 0.6687 -> saved best_object_detection_model_run6_200epochs.pth

=== Epoch 129/200 ===
  iter 10/93 | loss=0.7316 | grad_norm=8.490
  iter 20/93 | loss=0.7257 | grad_norm=14.191
  iter 30/93 | loss=0.9762 | grad_norm=8.178
  iter 40/93 | loss=0.7124 | grad_norm=12.420
  iter 50/93 | loss=0.8365 | grad_norm=8.175
  iter 60/93 | loss=0.6925 | grad_norm=12.416
  iter 70/93 | loss=0.9448 | grad_norm=11.768
  iter 80/93 | loss=0.9645 | grad_norm=7.266
  iter 90/93 | loss=0.6336 | grad_norm=8.749
  iter 93/93 | loss=0.7799 | grad_norm=12.588
  epoch_time=81.3s | samples/s=91.6 | lr=4.72e-04 | grad_norm_mean=11.355 | peak_gpu=23186 MB | nan_batches: train=0 val=0
[train] loss=0.8041 (cls=0.0138 reg=0.0181 iou_l=0.2574) | acc=0.995 | mIoU=0.743 IoU@0.5=0.880 IoU@0.7=0.742
       per-class: vehicle P=1.00/R=1.00 | pedestrian P=0.99/R=0.99 | cyclist P=0.89/R=1.00
       box MAE (m): h=0.073, w=0.046, l=0.153, x=0.837, y=0.051, z=2.360, ry=0.596
[val  ] loss=1.1920 (cls=0.1624 reg=0.0250 iou_l=0.3349) | acc=0.983 | mIoU=0.665 IoU@0.5=0.784 IoU@0.7=0.603
       per-class: vehicle P=0.99/R=0.99 | pedestrian P=0.95/R=0.98 | cyclist P=0.91/R=0.74
       box MAE (m): h=0.091, w=0.067, l=0.207, x=1.343, y=0.064, z=3.138, ry=0.710

=== Epoch 130/200 ===
  iter 10/93 | loss=0.7547 | grad_norm=14.832
  iter 20/93 | loss=0.7902 | grad_norm=11.709
  iter 30/93 | loss=0.8409 | grad_norm=9.633
  iter 40/93 | loss=0.8614 | grad_norm=10.984
  iter 50/93 | loss=0.8579 | grad_norm=8.019
  iter 60/93 | loss=0.8472 | grad_norm=14.000
  iter 70/93 | loss=0.6706 | grad_norm=9.815
  iter 80/93 | loss=0.9129 | grad_norm=18.755
  iter 90/93 | loss=0.8568 | grad_norm=10.780
  iter 93/93 | loss=0.7271 | grad_norm=11.020
  epoch_time=81.0s | samples/s=91.9 | lr=4.61e-04 | grad_norm_mean=11.176 | peak_gpu=23186 MB | nan_batches: train=0 val=0
[train] loss=0.8186 (cls=0.0229 reg=0.0186 iou_l=0.2590) | acc=0.994 | mIoU=0.741 IoU@0.5=0.879 IoU@0.7=0.747
       per-class: vehicle P=1.00/R=0.99 | pedestrian P=0.98/R=0.99 | cyclist P=0.90/R=0.96
       box MAE (m): h=0.072, w=0.048, l=0.155, x=0.869, y=0.050, z=2.360, ry=0.611
[val  ] loss=1.1823 (cls=0.1365 reg=0.0257 iou_l=0.3400) | acc=0.985 | mIoU=0.660 IoU@0.5=0.790 IoU@0.7=0.595
       per-class: vehicle P=0.99/R=0.99 | pedestrian P=0.95/R=0.97 | cyclist P=0.86/R=0.88
       box MAE (m): h=0.089, w=0.064, l=0.205, x=1.375, y=0.069, z=3.331, ry=0.735

=== Epoch 131/200 ===
  iter 10/93 | loss=0.7188 | grad_norm=11.822
  iter 20/93 | loss=0.8477 | grad_norm=14.102
  iter 30/93 | loss=0.8348 | grad_norm=7.954
  iter 40/93 | loss=0.7504 | grad_norm=10.349
  iter 50/93 | loss=0.7495 | grad_norm=9.488
  iter 60/93 | loss=0.7250 | grad_norm=13.087
  iter 70/93 | loss=0.7044 | grad_norm=14.616
  iter 80/93 | loss=0.7563 | grad_norm=9.305
  iter 90/93 | loss=0.9150 | grad_norm=8.875
  iter 93/93 | loss=0.7163 | grad_norm=12.904
  epoch_time=81.0s | samples/s=92.0 | lr=4.49e-04 | grad_norm_mean=11.021 | peak_gpu=23186 MB | nan_batches: train=0 val=0
[train] loss=0.8102 (cls=0.0177 reg=0.0185 iou_l=0.2580) | acc=0.994 | mIoU=0.742 IoU@0.5=0.879 IoU@0.7=0.739
       per-class: vehicle P=1.00/R=0.99 | pedestrian P=0.98/R=0.99 | cyclist P=0.88/R=0.99
       box MAE (m): h=0.073, w=0.048, l=0.154, x=0.857, y=0.050, z=2.343, ry=0.596
[val  ] loss=1.1617 (cls=0.1360 reg=0.0257 iou_l=0.3333) | acc=0.983 | mIoU=0.667 IoU@0.5=0.789 IoU@0.7=0.593
       per-class: vehicle P=0.99/R=0.99 | pedestrian P=0.95/R=0.96 | cyclist P=0.90/R=0.86
       box MAE (m): h=0.094, w=0.063, l=0.214, x=1.395, y=0.065, z=3.316, ry=0.743

=== Epoch 132/200 ===
  iter 10/93 | loss=0.6765 | grad_norm=6.820
  iter 20/93 | loss=0.6739 | grad_norm=10.428
  iter 30/93 | loss=0.8339 | grad_norm=11.088
  iter 40/93 | loss=1.0014 | grad_norm=11.673
  iter 50/93 | loss=0.7589 | grad_norm=12.290
  iter 60/93 | loss=0.8635 | grad_norm=11.305
  iter 70/93 | loss=0.8451 | grad_norm=10.785
  iter 80/93 | loss=0.8630 | grad_norm=11.224
  iter 90/93 | loss=0.8732 | grad_norm=7.385
  iter 93/93 | loss=0.8405 | grad_norm=7.613
  epoch_time=81.0s | samples/s=92.0 | lr=4.38e-04 | grad_norm_mean=10.774 | peak_gpu=23186 MB | nan_batches: train=0 val=0
[train] loss=0.7877 (cls=0.0158 reg=0.0180 iou_l=0.2513) | acc=0.995 | mIoU=0.749 IoU@0.5=0.884 IoU@0.7=0.760
       per-class: vehicle P=1.00/R=1.00 | pedestrian P=0.98/R=0.99 | cyclist P=0.91/R=0.99
       box MAE (m): h=0.072, w=0.045, l=0.150, x=0.845, y=0.048, z=2.218, ry=0.577
[val  ] loss=1.1806 (cls=0.1543 reg=0.0246 iou_l=0.3339) | acc=0.983 | mIoU=0.666 IoU@0.5=0.780 IoU@0.7=0.614
       per-class: vehicle P=0.99/R=0.99 | pedestrian P=0.96/R=0.95 | cyclist P=0.88/R=0.84
       box MAE (m): h=0.088, w=0.064, l=0.212, x=1.313, y=0.063, z=3.149, ry=0.687

=== Epoch 133/200 ===
  iter 10/93 | loss=0.7795 | grad_norm=12.524
  iter 20/93 | loss=0.7353 | grad_norm=8.568
  iter 30/93 | loss=0.7256 | grad_norm=13.404
  iter 40/93 | loss=0.8444 | grad_norm=11.154
  iter 50/93 | loss=0.7583 | grad_norm=11.455
  iter 60/93 | loss=0.8426 | grad_norm=8.659
  iter 70/93 | loss=0.7141 | grad_norm=8.666
  iter 80/93 | loss=0.8668 | grad_norm=12.186
  iter 90/93 | loss=0.8193 | grad_norm=9.966
  iter 93/93 | loss=0.8530 | grad_norm=8.975
  epoch_time=81.0s | samples/s=92.0 | lr=4.26e-04 | grad_norm_mean=10.593 | peak_gpu=23186 MB | nan_batches: train=0 val=0
[train] loss=0.7775 (cls=0.0133 reg=0.0180 iou_l=0.2487) | acc=0.995 | mIoU=0.751 IoU@0.5=0.885 IoU@0.7=0.757
       per-class: vehicle P=1.00/R=0.99 | pedestrian P=0.98/R=1.00 | cyclist P=0.92/R=1.00
       box MAE (m): h=0.071, w=0.045, l=0.147, x=0.815, y=0.048, z=2.222, ry=0.574
[val  ] loss=1.1818 (cls=0.1454 reg=0.0243 iou_l=0.3374) | acc=0.986 | mIoU=0.663 IoU@0.5=0.783 IoU@0.7=0.604
       per-class: vehicle P=0.99/R=0.99 | pedestrian P=0.97/R=0.97 | cyclist P=0.86/R=0.86
       box MAE (m): h=0.087, w=0.063, l=0.203, x=1.340, y=0.064, z=3.338, ry=0.718

=== Epoch 134/200 ===
  iter 10/93 | loss=0.9001 | grad_norm=8.023
  iter 20/93 | loss=0.7940 | grad_norm=6.455
  iter 30/93 | loss=0.7244 | grad_norm=11.442
  iter 40/93 | loss=1.0045 | grad_norm=11.567
  iter 50/93 | loss=0.7190 | grad_norm=7.883
  iter 60/93 | loss=0.8831 | grad_norm=11.288
  iter 70/93 | loss=0.6868 | grad_norm=8.210
  iter 80/93 | loss=0.7649 | grad_norm=14.874
  iter 90/93 | loss=1.0110 | grad_norm=13.281
  iter 93/93 | loss=0.6348 | grad_norm=11.310
  epoch_time=81.2s | samples/s=91.7 | lr=4.15e-04 | grad_norm_mean=10.626 | peak_gpu=23186 MB | nan_batches: train=0 val=0
[train] loss=0.7773 (cls=0.0147 reg=0.0181 iou_l=0.2482) | acc=0.995 | mIoU=0.752 IoU@0.5=0.884 IoU@0.7=0.761
       per-class: vehicle P=1.00/R=1.00 | pedestrian P=0.99/R=0.99 | cyclist P=0.91/R=0.99
       box MAE (m): h=0.073, w=0.044, l=0.148, x=0.814, y=0.047, z=2.217, ry=0.575
[val  ] loss=1.1357 (cls=0.1344 reg=0.0240 iou_l=0.3258) | acc=0.987 | mIoU=0.674 IoU@0.5=0.792 IoU@0.7=0.618
       per-class: vehicle P=0.99/R=0.99 | pedestrian P=0.96/R=0.96 | cyclist P=0.91/R=0.91
       box MAE (m): h=0.089, w=0.063, l=0.207, x=1.221, y=0.059, z=3.294, ry=0.676
  ** new best mean IoU on val: 0.6742 -> saved best_object_detection_model_run6_200epochs.pth

=== Epoch 135/200 ===
  iter 10/93 | loss=0.6984 | grad_norm=14.958
  iter 20/93 | loss=0.8205 | grad_norm=6.850
  iter 30/93 | loss=0.7002 | grad_norm=11.896
  iter 40/93 | loss=0.8086 | grad_norm=9.545
  iter 50/93 | loss=0.6453 | grad_norm=16.617
  iter 60/93 | loss=0.7862 | grad_norm=11.734
  iter 70/93 | loss=0.6343 | grad_norm=16.370
  iter 80/93 | loss=0.8249 | grad_norm=7.137
  iter 90/93 | loss=0.9647 | grad_norm=17.057
  iter 93/93 | loss=0.6987 | grad_norm=9.901
  epoch_time=81.0s | samples/s=92.0 | lr=4.04e-04 | grad_norm_mean=11.750 | peak_gpu=23186 MB | nan_batches: train=0 val=0
[train] loss=0.7604 (cls=0.0147 reg=0.0179 iou_l=0.2426) | acc=0.994 | mIoU=0.757 IoU@0.5=0.891 IoU@0.7=0.768
       per-class: vehicle P=1.00/R=0.99 | pedestrian P=0.98/R=0.99 | cyclist P=0.91/R=1.00
       box MAE (m): h=0.068, w=0.045, l=0.146, x=0.794, y=0.047, z=2.181, ry=0.566
[val  ] loss=1.1481 (cls=0.1564 reg=0.0233 iou_l=0.3228) | acc=0.985 | mIoU=0.677 IoU@0.5=0.795 IoU@0.7=0.629
       per-class: vehicle P=0.99/R=0.99 | pedestrian P=0.96/R=0.97 | cyclist P=0.86/R=0.86
       box MAE (m): h=0.089, w=0.062, l=0.202, x=1.285, y=0.060, z=3.011, ry=0.693
  ** new best mean IoU on val: 0.6772 -> saved best_object_detection_model_run6_200epochs.pth

=== Epoch 136/200 ===
  iter 10/93 | loss=0.6597 | grad_norm=10.062
  iter 20/93 | loss=0.6491 | grad_norm=11.596
  iter 30/93 | loss=0.8408 | grad_norm=11.731
  iter 40/93 | loss=0.6738 | grad_norm=8.830
  iter 50/93 | loss=0.6888 | grad_norm=11.602
  iter 60/93 | loss=0.7051 | grad_norm=20.328
  iter 70/93 | loss=0.6916 | grad_norm=14.288
  iter 80/93 | loss=0.7547 | grad_norm=11.074
  iter 90/93 | loss=0.6910 | grad_norm=9.844
  iter 93/93 | loss=0.7133 | grad_norm=8.211
  epoch_time=80.9s | samples/s=92.1 | lr=3.93e-04 | grad_norm_mean=11.623 | peak_gpu=23186 MB | nan_batches: train=0 val=0
[train] loss=0.7580 (cls=0.0194 reg=0.0177 iou_l=0.2403) | acc=0.994 | mIoU=0.760 IoU@0.5=0.892 IoU@0.7=0.777
       per-class: vehicle P=1.00/R=1.00 | pedestrian P=0.98/R=0.99 | cyclist P=0.89/R=0.96
       box MAE (m): h=0.069, w=0.045, l=0.145, x=0.800, y=0.045, z=2.121, ry=0.583
[val  ] loss=1.1084 (cls=0.1295 reg=0.0236 iou_l=0.3184) | acc=0.985 | mIoU=0.682 IoU@0.5=0.808 IoU@0.7=0.623
       per-class: vehicle P=0.99/R=0.99 | pedestrian P=0.96/R=0.97 | cyclist P=0.86/R=0.86
       box MAE (m): h=0.086, w=0.060, l=0.196, x=1.226, y=0.058, z=2.988, ry=0.678
  ** new best mean IoU on val: 0.6816 -> saved best_object_detection_model_run6_200epochs.pth

=== Epoch 137/200 ===
  iter 10/93 | loss=0.6845 | grad_norm=9.265
  iter 20/93 | loss=0.8665 | grad_norm=6.815
  iter 30/93 | loss=0.7262 | grad_norm=9.617
  iter 40/93 | loss=0.7927 | grad_norm=8.452
  iter 50/93 | loss=0.6296 | grad_norm=13.322
  iter 60/93 | loss=0.6601 | grad_norm=14.196
  iter 70/93 | loss=0.5874 | grad_norm=8.059
  iter 80/93 | loss=0.8026 | grad_norm=10.229
  iter 90/93 | loss=0.9335 | grad_norm=9.757
  iter 93/93 | loss=0.8678 | grad_norm=10.927
  epoch_time=81.1s | samples/s=91.9 | lr=3.82e-04 | grad_norm_mean=11.092 | peak_gpu=23186 MB | nan_batches: train=0 val=0
[train] loss=0.7410 (cls=0.0131 reg=0.0174 iou_l=0.2368) | acc=0.995 | mIoU=0.763 IoU@0.5=0.894 IoU@0.7=0.780
       per-class: vehicle P=1.00/R=1.00 | pedestrian P=0.98/R=0.99 | cyclist P=0.90/R=0.99
       box MAE (m): h=0.068, w=0.043, l=0.140, x=0.762, y=0.045, z=2.160, ry=0.564
[val  ] loss=1.0983 (cls=0.1201 reg=0.0232 iou_l=0.3183) | acc=0.987 | mIoU=0.682 IoU@0.5=0.814 IoU@0.7=0.618
       per-class: vehicle P=0.99/R=0.99 | pedestrian P=0.97/R=0.97 | cyclist P=0.86/R=0.88
       box MAE (m): h=0.083, w=0.056, l=0.188, x=1.203, y=0.061, z=3.024, ry=0.679
  ** new best mean IoU on val: 0.6817 -> saved best_object_detection_model_run6_200epochs.pth

=== Epoch 138/200 ===
  iter 10/93 | loss=0.6581 | grad_norm=12.423
  iter 20/93 | loss=0.6665 | grad_norm=11.589
  iter 30/93 | loss=0.7225 | grad_norm=12.642
  iter 40/93 | loss=0.7171 | grad_norm=12.398
  iter 50/93 | loss=0.6224 | grad_norm=12.799
  iter 60/93 | loss=0.6423 | grad_norm=10.656
  iter 70/93 | loss=0.8317 | grad_norm=10.307
  iter 80/93 | loss=0.6493 | grad_norm=13.957
  iter 90/93 | loss=0.7679 | grad_norm=12.611
  iter 93/93 | loss=0.7851 | grad_norm=13.678
  epoch_time=80.8s | samples/s=92.1 | lr=3.71e-04 | grad_norm_mean=10.844 | peak_gpu=23186 MB | nan_batches: train=0 val=0
[train] loss=0.7363 (cls=0.0113 reg=0.0174 iou_l=0.2359) | acc=0.996 | mIoU=0.764 IoU@0.5=0.895 IoU@0.7=0.782
       per-class: vehicle P=1.00/R=1.00 | pedestrian P=0.99/R=0.99 | cyclist P=0.92/R=0.99
       box MAE (m): h=0.067, w=0.044, l=0.141, x=0.772, y=0.046, z=2.122, ry=0.574
[val  ] loss=1.1262 (cls=0.1367 reg=0.0245 iou_l=0.3217) | acc=0.984 | mIoU=0.678 IoU@0.5=0.804 IoU@0.7=0.627
       per-class: vehicle P=0.99/R=0.99 | pedestrian P=0.97/R=0.96 | cyclist P=0.84/R=0.86
       box MAE (m): h=0.088, w=0.061, l=0.198, x=1.172, y=0.064, z=3.163, ry=0.677

=== Epoch 139/200 ===
  iter 10/93 | loss=0.7382 | grad_norm=13.748
  iter 20/93 | loss=0.8106 | grad_norm=12.249
  iter 30/93 | loss=0.7751 | grad_norm=18.326
  iter 40/93 | loss=0.6792 | grad_norm=12.996
  iter 50/93 | loss=0.6313 | grad_norm=8.474
  iter 60/93 | loss=0.6507 | grad_norm=15.301
  iter 70/93 | loss=0.8276 | grad_norm=11.943
  iter 80/93 | loss=0.6253 | grad_norm=20.623
  iter 90/93 | loss=0.7561 | grad_norm=7.707
  iter 93/93 | loss=0.6888 | grad_norm=9.411
  epoch_time=80.8s | samples/s=92.2 | lr=3.61e-04 | grad_norm_mean=11.446 | peak_gpu=23186 MB | nan_batches: train=0 val=0
[train] loss=0.7333 (cls=0.0105 reg=0.0172 iou_l=0.2352) | acc=0.996 | mIoU=0.765 IoU@0.5=0.898 IoU@0.7=0.784
       per-class: vehicle P=1.00/R=1.00 | pedestrian P=0.99/R=1.00 | cyclist P=0.91/R=0.99
       box MAE (m): h=0.065, w=0.043, l=0.136, x=0.784, y=0.046, z=2.109, ry=0.583
[val  ] loss=1.1408 (cls=0.1543 reg=0.0233 iou_l=0.3211) | acc=0.987 | mIoU=0.679 IoU@0.5=0.803 IoU@0.7=0.610
       per-class: vehicle P=0.99/R=0.99 | pedestrian P=0.97/R=0.97 | cyclist P=0.87/R=0.91
       box MAE (m): h=0.084, w=0.060, l=0.197, x=1.263, y=0.062, z=3.012, ry=0.675

=== Epoch 140/200 ===
  iter 10/93 | loss=0.6980 | grad_norm=9.251
  iter 20/93 | loss=0.8113 | grad_norm=9.355
  iter 30/93 | loss=0.7985 | grad_norm=16.567
  iter 40/93 | loss=0.8169 | grad_norm=10.007
  iter 50/93 | loss=0.7599 | grad_norm=10.998
  iter 60/93 | loss=0.7033 | grad_norm=13.984
  iter 70/93 | loss=0.6590 | grad_norm=14.220
  iter 80/93 | loss=0.7026 | grad_norm=14.866
  iter 90/93 | loss=0.6420 | grad_norm=7.987
  iter 93/93 | loss=0.7452 | grad_norm=13.761
  epoch_time=81.3s | samples/s=91.6 | lr=3.50e-04 | grad_norm_mean=11.040 | peak_gpu=23186 MB | nan_batches: train=0 val=0
[train] loss=0.7388 (cls=0.0174 reg=0.0174 iou_l=0.2347) | acc=0.994 | mIoU=0.765 IoU@0.5=0.898 IoU@0.7=0.788
       per-class: vehicle P=1.00/R=1.00 | pedestrian P=0.98/R=0.99 | cyclist P=0.91/R=0.98
       box MAE (m): h=0.065, w=0.045, l=0.143, x=0.786, y=0.046, z=2.101, ry=0.573
[val  ] loss=1.1541 (cls=0.1707 reg=0.0244 iou_l=0.3197) | acc=0.985 | mIoU=0.680 IoU@0.5=0.798 IoU@0.7=0.627
       per-class: vehicle P=0.99/R=0.99 | pedestrian P=0.95/R=0.98 | cyclist P=0.86/R=0.86
       box MAE (m): h=0.083, w=0.062, l=0.206, x=1.235, y=0.060, z=2.989, ry=0.675

=== Epoch 141/200 ===
  iter 10/93 | loss=0.7147 | grad_norm=8.614
  iter 20/93 | loss=0.7307 | grad_norm=11.738
  iter 30/93 | loss=0.8707 | grad_norm=9.030
  iter 40/93 | loss=0.7482 | grad_norm=9.919
  iter 50/93 | loss=0.7298 | grad_norm=8.954
  iter 60/93 | loss=0.5468 | grad_norm=13.082
  iter 70/93 | loss=0.6869 | grad_norm=10.324
  iter 80/93 | loss=0.7096 | grad_norm=10.475
  iter 90/93 | loss=0.6565 | grad_norm=8.912
  iter 93/93 | loss=0.8967 | grad_norm=11.649
  epoch_time=81.1s | samples/s=91.8 | lr=3.39e-04 | grad_norm_mean=10.143 | peak_gpu=23186 MB | nan_batches: train=0 val=0
[train] loss=0.7331 (cls=0.0127 reg=0.0173 iou_l=0.2344) | acc=0.995 | mIoU=0.766 IoU@0.5=0.898 IoU@0.7=0.782
       per-class: vehicle P=1.00/R=1.00 | pedestrian P=0.98/R=0.99 | cyclist P=0.92/R=1.00
       box MAE (m): h=0.066, w=0.043, l=0.142, x=0.764, y=0.044, z=2.107, ry=0.581
[val  ] loss=1.1626 (cls=0.1777 reg=0.0239 iou_l=0.3203) | acc=0.984 | mIoU=0.680 IoU@0.5=0.800 IoU@0.7=0.613
       per-class: vehicle P=0.99/R=0.99 | pedestrian P=0.97/R=0.96 | cyclist P=0.90/R=0.81
       box MAE (m): h=0.089, w=0.065, l=0.206, x=1.275, y=0.061, z=3.018, ry=0.692

=== Epoch 142/200 ===
  iter 10/93 | loss=0.7215 | grad_norm=10.209
  iter 20/93 | loss=0.7504 | grad_norm=10.432
  iter 30/93 | loss=0.9328 | grad_norm=7.065
  iter 40/93 | loss=0.6894 | grad_norm=6.502
  iter 50/93 | loss=0.7513 | grad_norm=6.555
  iter 60/93 | loss=0.6024 | grad_norm=9.850
  iter 70/93 | loss=0.7138 | grad_norm=15.951
  iter 80/93 | loss=0.6884 | grad_norm=9.530
  iter 90/93 | loss=0.6813 | grad_norm=8.848
  iter 93/93 | loss=0.6741 | grad_norm=10.313
  epoch_time=81.0s | samples/s=91.9 | lr=3.29e-04 | grad_norm_mean=10.702 | peak_gpu=23186 MB | nan_batches: train=0 val=0
[train] loss=0.7283 (cls=0.0102 reg=0.0174 iou_l=0.2336) | acc=0.996 | mIoU=0.766 IoU@0.5=0.898 IoU@0.7=0.788
       per-class: vehicle P=1.00/R=1.00 | pedestrian P=0.99/R=1.00 | cyclist P=0.93/R=1.00
       box MAE (m): h=0.063, w=0.042, l=0.139, x=0.770, y=0.045, z=2.104, ry=0.566
[val  ] loss=1.0886 (cls=0.1460 reg=0.0231 iou_l=0.3065) | acc=0.984 | mIoU=0.694 IoU@0.5=0.818 IoU@0.7=0.646
       per-class: vehicle P=0.99/R=0.99 | pedestrian P=0.95/R=0.96 | cyclist P=0.90/R=0.86
       box MAE (m): h=0.085, w=0.060, l=0.197, x=1.200, y=0.058, z=2.821, ry=0.692
  ** new best mean IoU on val: 0.6935 -> saved best_object_detection_model_run6_200epochs.pth

=== Epoch 143/200 ===
  iter 10/93 | loss=0.7233 | grad_norm=17.156
  iter 20/93 | loss=0.6382 | grad_norm=6.152
  iter 30/93 | loss=0.8056 | grad_norm=7.380
  iter 40/93 | loss=0.7493 | grad_norm=9.408
  iter 50/93 | loss=0.6748 | grad_norm=8.594
  iter 60/93 | loss=0.8166 | grad_norm=13.127
  iter 70/93 | loss=0.8243 | grad_norm=9.827
  iter 80/93 | loss=0.5720 | grad_norm=9.325
  iter 90/93 | loss=0.7155 | grad_norm=6.787
  iter 93/93 | loss=0.7254 | grad_norm=12.873
  epoch_time=81.0s | samples/s=91.9 | lr=3.19e-04 | grad_norm_mean=10.768 | peak_gpu=23186 MB | nan_batches: train=0 val=0
[train] loss=0.7087 (cls=0.0095 reg=0.0174 iou_l=0.2273) | acc=0.996 | mIoU=0.773 IoU@0.5=0.901 IoU@0.7=0.801
       per-class: vehicle P=1.00/R=1.00 | pedestrian P=0.99/R=0.99 | cyclist P=0.91/R=1.00
       box MAE (m): h=0.063, w=0.042, l=0.138, x=0.769, y=0.044, z=2.023, ry=0.562
[val  ] loss=1.1391 (cls=0.1784 reg=0.0232 iou_l=0.3125) | acc=0.987 | mIoU=0.687 IoU@0.5=0.810 IoU@0.7=0.647
       per-class: vehicle P=0.99/R=0.99 | pedestrian P=0.97/R=0.98 | cyclist P=0.86/R=0.84
       box MAE (m): h=0.080, w=0.060, l=0.201, x=1.207, y=0.059, z=2.937, ry=0.691

=== Epoch 144/200 ===
  iter 10/93 | loss=0.6927 | grad_norm=9.364
  iter 20/93 | loss=0.8369 | grad_norm=5.361
  iter 30/93 | loss=0.7296 | grad_norm=10.778
  iter 40/93 | loss=0.6472 | grad_norm=9.384
  iter 50/93 | loss=0.7623 | grad_norm=15.276
  iter 60/93 | loss=0.6368 | grad_norm=14.605
  iter 70/93 | loss=0.5931 | grad_norm=9.275
  iter 80/93 | loss=0.7358 | grad_norm=8.509
  iter 90/93 | loss=0.6875 | grad_norm=9.117
  iter 93/93 | loss=0.7726 | grad_norm=12.210
  epoch_time=81.0s | samples/s=92.0 | lr=3.09e-04 | grad_norm_mean=10.488 | peak_gpu=23186 MB | nan_batches: train=0 val=0
[train] loss=0.7163 (cls=0.0109 reg=0.0170 iou_l=0.2295) | acc=0.996 | mIoU=0.771 IoU@0.5=0.902 IoU@0.7=0.790
       per-class: vehicle P=1.00/R=1.00 | pedestrian P=0.99/R=1.00 | cyclist P=0.93/R=0.99
       box MAE (m): h=0.064, w=0.042, l=0.136, x=0.731, y=0.044, z=2.070, ry=0.558
[val  ] loss=1.0903 (cls=0.1399 reg=0.0236 iou_l=0.3089) | acc=0.985 | mIoU=0.691 IoU@0.5=0.820 IoU@0.7=0.645
       per-class: vehicle P=0.99/R=0.99 | pedestrian P=0.96/R=0.96 | cyclist P=0.92/R=0.84
       box MAE (m): h=0.087, w=0.060, l=0.200, x=1.195, y=0.059, z=2.984, ry=0.687

=== Epoch 145/200 ===
  iter 10/93 | loss=0.6019 | grad_norm=12.745
  iter 20/93 | loss=0.7316 | grad_norm=7.620
  iter 30/93 | loss=0.7166 | grad_norm=12.491
  iter 40/93 | loss=0.7347 | grad_norm=10.635
  iter 50/93 | loss=0.7151 | grad_norm=11.786
  iter 60/93 | loss=0.6781 | grad_norm=6.490
  iter 70/93 | loss=0.6101 | grad_norm=11.471
  iter 80/93 | loss=0.4802 | grad_norm=14.501
  iter 90/93 | loss=0.7392 | grad_norm=13.138
  iter 93/93 | loss=0.6333 | grad_norm=10.027
  epoch_time=81.1s | samples/s=91.9 | lr=2.98e-04 | grad_norm_mean=11.101 | peak_gpu=23186 MB | nan_batches: train=0 val=0
[train] loss=0.7048 (cls=0.0111 reg=0.0169 iou_l=0.2256) | acc=0.996 | mIoU=0.774 IoU@0.5=0.903 IoU@0.7=0.799
       per-class: vehicle P=1.00/R=1.00 | pedestrian P=0.99/R=0.99 | cyclist P=0.92/R=0.99
       box MAE (m): h=0.064, w=0.042, l=0.136, x=0.742, y=0.042, z=1.999, ry=0.574
[val  ] loss=1.1061 (cls=0.1513 reg=0.0234 iou_l=0.3104) | acc=0.985 | mIoU=0.690 IoU@0.5=0.814 IoU@0.7=0.652
       per-class: vehicle P=0.99/R=0.99 | pedestrian P=0.95/R=0.97 | cyclist P=0.90/R=0.86
       box MAE (m): h=0.081, w=0.060, l=0.190, x=1.215, y=0.059, z=2.983, ry=0.691

=== Epoch 146/200 ===
  iter 10/93 | loss=0.8353 | grad_norm=12.535
  iter 20/93 | loss=0.5961 | grad_norm=11.344
  iter 30/93 | loss=0.6261 | grad_norm=13.943
  iter 40/93 | loss=0.7342 | grad_norm=8.226
  iter 50/93 | loss=0.7258 | grad_norm=8.106
  iter 60/93 | loss=0.8276 | grad_norm=10.411
  iter 70/93 | loss=0.6574 | grad_norm=7.075
  iter 80/93 | loss=0.6971 | grad_norm=7.031
  iter 90/93 | loss=0.7326 | grad_norm=10.914
  iter 93/93 | loss=0.6935 | grad_norm=10.988
  epoch_time=81.3s | samples/s=91.6 | lr=2.89e-04 | grad_norm_mean=10.489 | peak_gpu=23186 MB | nan_batches: train=0 val=0
[train] loss=0.6957 (cls=0.0109 reg=0.0168 iou_l=0.2226) | acc=0.996 | mIoU=0.777 IoU@0.5=0.907 IoU@0.7=0.807
       per-class: vehicle P=1.00/R=1.00 | pedestrian P=0.99/R=1.00 | cyclist P=0.91/R=1.00
       box MAE (m): h=0.062, w=0.041, l=0.131, x=0.725, y=0.042, z=1.957, ry=0.548
[val  ] loss=1.1781 (cls=0.2006 reg=0.0241 iou_l=0.3178) | acc=0.984 | mIoU=0.682 IoU@0.5=0.806 IoU@0.7=0.634
       per-class: vehicle P=0.99/R=0.99 | pedestrian P=0.95/R=0.97 | cyclist P=0.92/R=0.79
       box MAE (m): h=0.089, w=0.060, l=0.197, x=1.242, y=0.061, z=3.029, ry=0.681

=== Epoch 147/200 ===
  iter 10/93 | loss=0.6702 | grad_norm=15.471
  iter 20/93 | loss=0.5242 | grad_norm=5.739
  iter 30/93 | loss=0.5873 | grad_norm=9.969
  iter 40/93 | loss=0.6633 | grad_norm=7.140
  iter 50/93 | loss=0.9232 | grad_norm=13.625
  iter 60/93 | loss=0.8147 | grad_norm=9.400
  iter 70/93 | loss=0.6097 | grad_norm=13.260
  iter 80/93 | loss=0.4761 | grad_norm=12.393
  iter 90/93 | loss=0.6841 | grad_norm=10.696
  iter 93/93 | loss=0.6879 | grad_norm=11.341
  epoch_time=81.1s | samples/s=91.9 | lr=2.79e-04 | grad_norm_mean=11.112 | peak_gpu=23186 MB | nan_batches: train=0 val=0
[train] loss=0.6935 (cls=0.0113 reg=0.0168 iou_l=0.2218) | acc=0.996 | mIoU=0.778 IoU@0.5=0.906 IoU@0.7=0.805
       per-class: vehicle P=1.00/R=1.00 | pedestrian P=0.98/R=0.99 | cyclist P=0.93/R=1.00
       box MAE (m): h=0.061, w=0.041, l=0.131, x=0.707, y=0.042, z=2.013, ry=0.553
[val  ] loss=1.1532 (cls=0.1938 reg=0.0234 iou_l=0.3120) | acc=0.987 | mIoU=0.688 IoU@0.5=0.811 IoU@0.7=0.641
       per-class: vehicle P=0.99/R=1.00 | pedestrian P=0.98/R=0.96 | cyclist P=0.93/R=0.86
       box MAE (m): h=0.082, w=0.059, l=0.196, x=1.188, y=0.061, z=3.004, ry=0.690

=== Epoch 148/200 ===
  iter 10/93 | loss=0.6203 | grad_norm=12.113
  iter 20/93 | loss=0.6189 | grad_norm=15.477
  iter 30/93 | loss=0.6436 | grad_norm=9.644
  iter 40/93 | loss=0.6318 | grad_norm=10.683
  iter 50/93 | loss=0.8013 | grad_norm=9.928
  iter 60/93 | loss=0.6126 | grad_norm=11.778
  iter 70/93 | loss=0.6852 | grad_norm=14.726
  iter 80/93 | loss=0.7288 | grad_norm=11.598
  iter 90/93 | loss=0.6626 | grad_norm=12.636
  iter 93/93 | loss=0.8750 | grad_norm=10.714
  epoch_time=81.0s | samples/s=91.9 | lr=2.69e-04 | grad_norm_mean=11.516 | peak_gpu=23186 MB | nan_batches: train=0 val=0
[train] loss=0.7012 (cls=0.0116 reg=0.0165 iou_l=0.2244) | acc=0.995 | mIoU=0.776 IoU@0.5=0.903 IoU@0.7=0.803
       per-class: vehicle P=1.00/R=1.00 | pedestrian P=0.99/R=0.99 | cyclist P=0.89/R=0.99
       box MAE (m): h=0.061, w=0.041, l=0.132, x=0.723, y=0.044, z=2.001, ry=0.554
[val  ] loss=1.1476 (cls=0.1766 reg=0.0232 iou_l=0.3160) | acc=0.988 | mIoU=0.684 IoU@0.5=0.805 IoU@0.7=0.631
       per-class: vehicle P=0.99/R=1.00 | pedestrian P=0.98/R=0.98 | cyclist P=0.92/R=0.81
       box MAE (m): h=0.083, w=0.057, l=0.189, x=1.182, y=0.060, z=3.040, ry=0.700

=== Epoch 149/200 ===
  iter 10/93 | loss=0.6525 | grad_norm=13.631
  iter 20/93 | loss=0.5948 | grad_norm=11.446
  iter 30/93 | loss=0.6461 | grad_norm=7.902
  iter 40/93 | loss=0.7075 | grad_norm=11.215
  iter 50/93 | loss=0.5628 | grad_norm=10.667
  iter 60/93 | loss=0.7529 | grad_norm=12.852
  iter 70/93 | loss=0.6772 | grad_norm=9.618
  iter 80/93 | loss=0.9133 | grad_norm=21.024
  iter 90/93 | loss=0.7058 | grad_norm=13.779
  iter 93/93 | loss=0.6651 | grad_norm=10.282
  epoch_time=81.1s | samples/s=91.9 | lr=2.59e-04 | grad_norm_mean=11.317 | peak_gpu=23186 MB | nan_batches: train=0 val=0
[train] loss=0.6867 (cls=0.0122 reg=0.0167 iou_l=0.2193) | acc=0.995 | mIoU=0.781 IoU@0.5=0.910 IoU@0.7=0.805
       per-class: vehicle P=1.00/R=1.00 | pedestrian P=0.98/R=0.99 | cyclist P=0.92/R=0.99
       box MAE (m): h=0.062, w=0.041, l=0.133, x=0.706, y=0.042, z=1.944, ry=0.584
[val  ] loss=1.0880 (cls=0.1545 reg=0.0232 iou_l=0.3034) | acc=0.986 | mIoU=0.697 IoU@0.5=0.825 IoU@0.7=0.657
       per-class: vehicle P=0.99/R=1.00 | pedestrian P=0.98/R=0.96 | cyclist P=0.88/R=0.84
       box MAE (m): h=0.080, w=0.058, l=0.187, x=1.133, y=0.057, z=2.965, ry=0.705
  ** new best mean IoU on val: 0.6966 -> saved best_object_detection_model_run6_200epochs.pth

=== Epoch 150/200 ===
  iter 10/93 | loss=0.6692 | grad_norm=7.315
  iter 20/93 | loss=0.6579 | grad_norm=11.015
  iter 30/93 | loss=0.7574 | grad_norm=8.815
  iter 40/93 | loss=0.5276 | grad_norm=11.456
  iter 50/93 | loss=0.6054 | grad_norm=14.781
  iter 60/93 | loss=0.8414 | grad_norm=8.583
  iter 70/93 | loss=0.6505 | grad_norm=14.542
  iter 80/93 | loss=0.7815 | grad_norm=11.277
  iter 90/93 | loss=0.7091 | grad_norm=11.105
  iter 93/93 | loss=0.8697 | grad_norm=16.042
  epoch_time=80.9s | samples/s=92.1 | lr=2.50e-04 | grad_norm_mean=11.183 | peak_gpu=23186 MB | nan_batches: train=0 val=0
[train] loss=0.6790 (cls=0.0094 reg=0.0166 iou_l=0.2177) | acc=0.996 | mIoU=0.782 IoU@0.5=0.907 IoU@0.7=0.811
       per-class: vehicle P=1.00/R=1.00 | pedestrian P=0.99/R=1.00 | cyclist P=0.93/R=0.99
       box MAE (m): h=0.061, w=0.040, l=0.127, x=0.722, y=0.041, z=2.013, ry=0.566
[val  ] loss=1.1168 (cls=0.1889 reg=0.0225 iou_l=0.3018) | acc=0.987 | mIoU=0.698 IoU@0.5=0.828 IoU@0.7=0.650
       per-class: vehicle P=0.99/R=0.99 | pedestrian P=0.98/R=0.98 | cyclist P=0.86/R=0.84
       box MAE (m): h=0.083, w=0.059, l=0.194, x=1.150, y=0.054, z=2.748, ry=0.650
  ** new best mean IoU on val: 0.6982 -> saved best_object_detection_model_run6_200epochs.pth

=== Epoch 151/200 ===
  iter 10/93 | loss=0.7293 | grad_norm=13.606
  iter 20/93 | loss=0.5873 | grad_norm=10.779
  iter 30/93 | loss=0.6396 | grad_norm=8.198
  iter 40/93 | loss=0.7069 | grad_norm=9.122
  iter 50/93 | loss=0.7906 | grad_norm=9.242
  iter 60/93 | loss=0.5316 | grad_norm=8.304
  iter 70/93 | loss=0.7147 | grad_norm=9.283
  iter 80/93 | loss=0.8132 | grad_norm=9.397
  iter 90/93 | loss=0.5277 | grad_norm=7.407
  iter 93/93 | loss=0.6013 | grad_norm=15.065
  epoch_time=80.7s | samples/s=92.3 | lr=2.41e-04 | grad_norm_mean=10.872 | peak_gpu=23186 MB | nan_batches: train=0 val=0
[train] loss=0.6804 (cls=0.0146 reg=0.0167 iou_l=0.2163) | acc=0.995 | mIoU=0.784 IoU@0.5=0.910 IoU@0.7=0.816
       per-class: vehicle P=1.00/R=1.00 | pedestrian P=0.98/R=0.99 | cyclist P=0.91/R=0.99
       box MAE (m): h=0.060, w=0.040, l=0.126, x=0.712, y=0.041, z=1.945, ry=0.569
[val  ] loss=1.0891 (cls=0.1423 reg=0.0235 iou_l=0.3078) | acc=0.986 | mIoU=0.692 IoU@0.5=0.818 IoU@0.7=0.637
       per-class: vehicle P=0.99/R=0.99 | pedestrian P=0.95/R=0.98 | cyclist P=0.90/R=0.88
       box MAE (m): h=0.081, w=0.058, l=0.196, x=1.174, y=0.057, z=2.790, ry=0.697

=== Epoch 152/200 ===
  iter 10/93 | loss=0.6737 | grad_norm=9.005
  iter 20/93 | loss=0.7182 | grad_norm=8.643
  iter 30/93 | loss=0.6045 | grad_norm=10.011
  iter 40/93 | loss=0.6497 | grad_norm=14.306
  iter 50/93 | loss=0.7322 | grad_norm=7.872
  iter 60/93 | loss=0.5126 | grad_norm=11.020
  iter 70/93 | loss=0.6886 | grad_norm=8.019
  iter 80/93 | loss=0.6327 | grad_norm=11.089
  iter 90/93 | loss=0.6528 | grad_norm=7.989
  iter 93/93 | loss=0.4754 | grad_norm=10.309
  epoch_time=80.9s | samples/s=92.1 | lr=2.32e-04 | grad_norm_mean=10.129 | peak_gpu=23186 MB | nan_batches: train=0 val=0
[train] loss=0.6721 (cls=0.0083 reg=0.0163 iou_l=0.2158) | acc=0.997 | mIoU=0.784 IoU@0.5=0.906 IoU@0.7=0.814
       per-class: vehicle P=1.00/R=1.00 | pedestrian P=0.99/R=1.00 | cyclist P=0.93/R=1.00
       box MAE (m): h=0.060, w=0.039, l=0.122, x=0.697, y=0.040, z=1.919, ry=0.554
[val  ] loss=1.1161 (cls=0.1834 reg=0.0217 iou_l=0.3037) | acc=0.984 | mIoU=0.696 IoU@0.5=0.819 IoU@0.7=0.652
       per-class: vehicle P=0.99/R=0.99 | pedestrian P=0.97/R=0.96 | cyclist P=0.85/R=0.81
       box MAE (m): h=0.080, w=0.056, l=0.183, x=1.103, y=0.057, z=2.867, ry=0.632

=== Epoch 153/200 ===
  iter 10/93 | loss=0.6927 | grad_norm=14.240
  iter 20/93 | loss=0.7736 | grad_norm=11.176
  iter 30/93 | loss=0.7225 | grad_norm=9.005
  iter 40/93 | loss=0.7758 | grad_norm=10.939
  iter 50/93 | loss=0.5110 | grad_norm=13.008
  iter 60/93 | loss=0.6359 | grad_norm=12.469
  iter 70/93 | loss=0.8814 | grad_norm=11.222
  iter 80/93 | loss=0.8624 | grad_norm=16.576
  iter 90/93 | loss=0.5447 | grad_norm=10.645
  iter 93/93 | loss=0.6568 | grad_norm=10.343
  epoch_time=80.8s | samples/s=92.2 | lr=2.23e-04 | grad_norm_mean=11.630 | peak_gpu=23186 MB | nan_batches: train=0 val=0
[train] loss=0.6732 (cls=0.0103 reg=0.0165 iou_l=0.2155) | acc=0.996 | mIoU=0.785 IoU@0.5=0.909 IoU@0.7=0.821
       per-class: vehicle P=1.00/R=1.00 | pedestrian P=0.99/R=1.00 | cyclist P=0.93/R=0.99
       box MAE (m): h=0.059, w=0.039, l=0.125, x=0.706, y=0.041, z=1.926, ry=0.556
[val  ] loss=1.0983 (cls=0.1628 reg=0.0228 iou_l=0.3043) | acc=0.985 | mIoU=0.696 IoU@0.5=0.811 IoU@0.7=0.663
       per-class: vehicle P=0.99/R=0.99 | pedestrian P=0.96/R=0.97 | cyclist P=0.90/R=0.84
       box MAE (m): h=0.079, w=0.057, l=0.187, x=1.222, y=0.058, z=2.849, ry=0.661

=== Epoch 154/200 ===
  iter 10/93 | loss=0.7482 | grad_norm=10.845
  iter 20/93 | loss=0.8335 | grad_norm=9.507
  iter 30/93 | loss=0.6173 | grad_norm=10.750
  iter 40/93 | loss=0.9218 | grad_norm=15.034
  iter 50/93 | loss=0.6909 | grad_norm=12.362
  iter 60/93 | loss=0.6987 | grad_norm=6.382
  iter 70/93 | loss=0.6008 | grad_norm=9.587
  iter 80/93 | loss=0.7032 | grad_norm=10.964
  iter 90/93 | loss=0.7446 | grad_norm=9.169
  iter 93/93 | loss=0.6167 | grad_norm=15.633
  epoch_time=81.0s | samples/s=92.0 | lr=2.14e-04 | grad_norm_mean=10.253 | peak_gpu=23186 MB | nan_batches: train=0 val=0
[train] loss=0.6653 (cls=0.0138 reg=0.0165 iou_l=0.2117) | acc=0.995 | mIoU=0.788 IoU@0.5=0.909 IoU@0.7=0.825
       per-class: vehicle P=1.00/R=1.00 | pedestrian P=0.99/R=0.99 | cyclist P=0.91/R=0.98
       box MAE (m): h=0.059, w=0.039, l=0.127, x=0.686, y=0.040, z=1.906, ry=0.556
[val  ] loss=1.1067 (cls=0.1801 reg=0.0231 iou_l=0.3012) | acc=0.984 | mIoU=0.699 IoU@0.5=0.820 IoU@0.7=0.666
       per-class: vehicle P=0.99/R=0.99 | pedestrian P=0.96/R=0.97 | cyclist P=0.90/R=0.84
       box MAE (m): h=0.080, w=0.058, l=0.187, x=1.119, y=0.056, z=2.778, ry=0.665
  ** new best mean IoU on val: 0.6988 -> saved best_object_detection_model_run6_200epochs.pth

=== Epoch 155/200 ===
  iter 10/93 | loss=0.5613 | grad_norm=10.359
  iter 20/93 | loss=0.7049 | grad_norm=7.024
  iter 30/93 | loss=0.7143 | grad_norm=11.889
  iter 40/93 | loss=0.7193 | grad_norm=9.720
  iter 50/93 | loss=0.5088 | grad_norm=8.532
  iter 60/93 | loss=0.5330 | grad_norm=18.578
  iter 70/93 | loss=0.7063 | grad_norm=8.538
  iter 80/93 | loss=0.5751 | grad_norm=15.750
  iter 90/93 | loss=0.9094 | grad_norm=7.330
  iter 93/93 | loss=0.7465 | grad_norm=11.172
  epoch_time=81.1s | samples/s=91.9 | lr=2.05e-04 | grad_norm_mean=10.803 | peak_gpu=23186 MB | nan_batches: train=0 val=0
[train] loss=0.6632 (cls=0.0118 reg=0.0163 iou_l=0.2117) | acc=0.995 | mIoU=0.788 IoU@0.5=0.912 IoU@0.7=0.823
       per-class: vehicle P=1.00/R=1.00 | pedestrian P=0.98/R=1.00 | cyclist P=0.91/R=0.99
       box MAE (m): h=0.060, w=0.039, l=0.125, x=0.670, y=0.040, z=1.910, ry=0.563
[val  ] loss=1.1255 (cls=0.1937 reg=0.0226 iou_l=0.3031) | acc=0.984 | mIoU=0.697 IoU@0.5=0.819 IoU@0.7=0.650
       per-class: vehicle P=0.99/R=0.99 | pedestrian P=0.96/R=0.97 | cyclist P=0.92/R=0.81
       box MAE (m): h=0.079, w=0.059, l=0.191, x=1.184, y=0.055, z=2.672, ry=0.662

=== Epoch 156/200 ===
  iter 10/93 | loss=0.5670 | grad_norm=10.427
  iter 20/93 | loss=0.6685 | grad_norm=14.091
  iter 30/93 | loss=0.6750 | grad_norm=9.391
  iter 40/93 | loss=0.7617 | grad_norm=12.410
  iter 50/93 | loss=0.6577 | grad_norm=12.781
  iter 60/93 | loss=0.7575 | grad_norm=7.321
  iter 70/93 | loss=0.8531 | grad_norm=7.617
  iter 80/93 | loss=0.7404 | grad_norm=11.064
  iter 90/93 | loss=0.6368 | grad_norm=12.198
  iter 93/93 | loss=0.6057 | grad_norm=12.884
  epoch_time=81.0s | samples/s=92.0 | lr=1.96e-04 | grad_norm_mean=11.114 | peak_gpu=23186 MB | nan_batches: train=0 val=0
[train] loss=0.6555 (cls=0.0095 reg=0.0162 iou_l=0.2100) | acc=0.996 | mIoU=0.790 IoU@0.5=0.909 IoU@0.7=0.820
       per-class: vehicle P=1.00/R=1.00 | pedestrian P=0.98/R=0.99 | cyclist P=0.94/R=1.00
       box MAE (m): h=0.060, w=0.039, l=0.124, x=0.684, y=0.039, z=1.852, ry=0.552
[val  ] loss=1.0942 (cls=0.1671 reg=0.0230 iou_l=0.3014) | acc=0.987 | mIoU=0.699 IoU@0.5=0.820 IoU@0.7=0.654
       per-class: vehicle P=0.99/R=0.99 | pedestrian P=0.96/R=0.97 | cyclist P=0.93/R=0.86
       box MAE (m): h=0.082, w=0.058, l=0.197, x=1.163, y=0.057, z=2.787, ry=0.724

=== Epoch 157/200 ===
  iter 10/93 | loss=0.5555 | grad_norm=12.920
  iter 20/93 | loss=0.6480 | grad_norm=8.969
  iter 30/93 | loss=0.6784 | grad_norm=16.365
  iter 40/93 | loss=0.6540 | grad_norm=11.727
  iter 50/93 | loss=0.5725 | grad_norm=9.870
  iter 60/93 | loss=0.5973 | grad_norm=11.156
  iter 70/93 | loss=0.7710 | grad_norm=13.056
  iter 80/93 | loss=0.5885 | grad_norm=10.108
  iter 90/93 | loss=0.7624 | grad_norm=10.029
  iter 93/93 | loss=0.6001 | grad_norm=6.950
  epoch_time=80.8s | samples/s=92.2 | lr=1.88e-04 | grad_norm_mean=11.100 | peak_gpu=23186 MB | nan_batches: train=0 val=0
[train] loss=0.6480 (cls=0.0101 reg=0.0159 iou_l=0.2073) | acc=0.996 | mIoU=0.793 IoU@0.5=0.915 IoU@0.7=0.825
       per-class: vehicle P=1.00/R=1.00 | pedestrian P=0.99/R=0.99 | cyclist P=0.92/R=1.00
       box MAE (m): h=0.059, w=0.039, l=0.122, x=0.656, y=0.040, z=1.819, ry=0.549
[val  ] loss=1.0309 (cls=0.1267 reg=0.0222 iou_l=0.2940) | acc=0.988 | mIoU=0.706 IoU@0.5=0.828 IoU@0.7=0.669
       per-class: vehicle P=0.99/R=0.99 | pedestrian P=0.98/R=0.98 | cyclist P=0.90/R=0.84
       box MAE (m): h=0.079, w=0.057, l=0.187, x=1.087, y=0.055, z=2.741, ry=0.678
  ** new best mean IoU on val: 0.7060 -> saved best_object_detection_model_run6_200epochs.pth

=== Epoch 158/200 ===
  iter 10/93 | loss=0.7135 | grad_norm=15.648
  iter 20/93 | loss=0.6016 | grad_norm=14.143
  iter 30/93 | loss=0.5766 | grad_norm=11.252
  iter 40/93 | loss=0.6907 | grad_norm=7.990
  iter 50/93 | loss=0.6559 | grad_norm=8.384
  iter 60/93 | loss=0.7360 | grad_norm=10.309
  iter 70/93 | loss=0.7214 | grad_norm=4.766
  iter 80/93 | loss=0.7347 | grad_norm=10.710
  iter 90/93 | loss=0.5669 | grad_norm=13.342
  iter 93/93 | loss=0.8051 | grad_norm=9.023
  epoch_time=80.8s | samples/s=92.2 | lr=1.80e-04 | grad_norm_mean=11.200 | peak_gpu=23186 MB | nan_batches: train=0 val=0
[train] loss=0.6457 (cls=0.0082 reg=0.0160 iou_l=0.2072) | acc=0.996 | mIoU=0.793 IoU@0.5=0.914 IoU@0.7=0.828
       per-class: vehicle P=1.00/R=1.00 | pedestrian P=0.98/R=1.00 | cyclist P=0.92/R=1.00
       box MAE (m): h=0.057, w=0.039, l=0.121, x=0.668, y=0.039, z=1.787, ry=0.565
[val  ] loss=1.0644 (cls=0.1690 reg=0.0221 iou_l=0.2911) | acc=0.987 | mIoU=0.709 IoU@0.5=0.828 IoU@0.7=0.670
       per-class: vehicle P=0.99/R=1.00 | pedestrian P=0.98/R=0.96 | cyclist P=0.93/R=0.86
       box MAE (m): h=0.079, w=0.056, l=0.183, x=1.079, y=0.054, z=2.711, ry=0.638
  ** new best mean IoU on val: 0.7089 -> saved best_object_detection_model_run6_200epochs.pth

=== Epoch 159/200 ===
  iter 10/93 | loss=0.4684 | grad_norm=8.836
  iter 20/93 | loss=0.4560 | grad_norm=19.635
  iter 30/93 | loss=0.5616 | grad_norm=11.234
  iter 40/93 | loss=0.5179 | grad_norm=14.054
  iter 50/93 | loss=0.8120 | grad_norm=5.923
  iter 60/93 | loss=0.6217 | grad_norm=13.898
  iter 70/93 | loss=0.7006 | grad_norm=13.732
  iter 80/93 | loss=0.6650 | grad_norm=7.487
  iter 90/93 | loss=0.5430 | grad_norm=10.203
  iter 93/93 | loss=0.7055 | grad_norm=7.534
  epoch_time=80.9s | samples/s=92.1 | lr=1.72e-04 | grad_norm_mean=10.355 | peak_gpu=23186 MB | nan_batches: train=0 val=0
[train] loss=0.6358 (cls=0.0105 reg=0.0159 iou_l=0.2031) | acc=0.997 | mIoU=0.797 IoU@0.5=0.917 IoU@0.7=0.834
       per-class: vehicle P=1.00/R=1.00 | pedestrian P=0.99/R=1.00 | cyclist P=0.94/R=0.99
       box MAE (m): h=0.057, w=0.038, l=0.119, x=0.656, y=0.038, z=1.785, ry=0.555
[val  ] loss=1.0733 (cls=0.1703 reg=0.0214 iou_l=0.2939) | acc=0.987 | mIoU=0.706 IoU@0.5=0.825 IoU@0.7=0.668
       per-class: vehicle P=0.99/R=0.99 | pedestrian P=0.98/R=0.97 | cyclist P=0.86/R=0.86
       box MAE (m): h=0.076, w=0.055, l=0.180, x=1.034, y=0.053, z=2.762, ry=0.647

=== Epoch 160/200 ===
  iter 10/93 | loss=0.4701 | grad_norm=11.731
  iter 20/93 | loss=0.5168 | grad_norm=10.553
  iter 30/93 | loss=0.6679 | grad_norm=11.228
  iter 40/93 | loss=0.7022 | grad_norm=10.589
  iter 50/93 | loss=0.5375 | grad_norm=7.806
  iter 60/93 | loss=0.6785 | grad_norm=7.333
  iter 70/93 | loss=0.7914 | grad_norm=11.511
  iter 80/93 | loss=0.5315 | grad_norm=13.969
  iter 90/93 | loss=0.6237 | grad_norm=7.810
  iter 93/93 | loss=0.6881 | grad_norm=10.017
  epoch_time=80.8s | samples/s=92.2 | lr=1.64e-04 | grad_norm_mean=9.939 | peak_gpu=23186 MB | nan_batches: train=0 val=0
[train] loss=0.6427 (cls=0.0072 reg=0.0163 iou_l=0.2064) | acc=0.997 | mIoU=0.794 IoU@0.5=0.913 IoU@0.7=0.826
       per-class: vehicle P=1.00/R=1.00 | pedestrian P=0.99/R=1.00 | cyclist P=0.93/R=1.00
       box MAE (m): h=0.058, w=0.038, l=0.120, x=0.678, y=0.039, z=1.845, ry=0.560
[val  ] loss=1.1203 (cls=0.2051 reg=0.0224 iou_l=0.2976) | acc=0.983 | mIoU=0.702 IoU@0.5=0.824 IoU@0.7=0.675
       per-class: vehicle P=0.99/R=0.99 | pedestrian P=0.96/R=0.96 | cyclist P=0.88/R=0.81
       box MAE (m): h=0.078, w=0.057, l=0.182, x=1.091, y=0.054, z=2.708, ry=0.664

=== Epoch 161/200 ===
  iter 10/93 | loss=0.5641 | grad_norm=6.910
  iter 20/93 | loss=0.6606 | grad_norm=14.147
  iter 30/93 | loss=0.5631 | grad_norm=9.820
  iter 40/93 | loss=0.6702 | grad_norm=12.247
  iter 50/93 | loss=0.5131 | grad_norm=10.594
  iter 60/93 | loss=0.6320 | grad_norm=6.969
  iter 70/93 | loss=0.7472 | grad_norm=10.980
  iter 80/93 | loss=0.7721 | grad_norm=6.464
  iter 90/93 | loss=0.6695 | grad_norm=7.957
  iter 93/93 | loss=0.7124 | grad_norm=7.289
  epoch_time=80.8s | samples/s=92.2 | lr=1.56e-04 | grad_norm_mean=10.789 | peak_gpu=23186 MB | nan_batches: train=0 val=0
[train] loss=0.6305 (cls=0.0096 reg=0.0159 iou_l=0.2017) | acc=0.996 | mIoU=0.798 IoU@0.5=0.916 IoU@0.7=0.834
       per-class: vehicle P=1.00/R=1.00 | pedestrian P=0.99/R=0.99 | cyclist P=0.94/R=0.99
       box MAE (m): h=0.057, w=0.038, l=0.120, x=0.660, y=0.038, z=1.762, ry=0.549
[val  ] loss=1.1106 (cls=0.1940 reg=0.0227 iou_l=0.2979) | acc=0.983 | mIoU=0.702 IoU@0.5=0.824 IoU@0.7=0.663
       per-class: vehicle P=0.99/R=0.99 | pedestrian P=0.97/R=0.95 | cyclist P=0.88/R=0.81
       box MAE (m): h=0.080, w=0.059, l=0.200, x=1.097, y=0.056, z=2.793, ry=0.664

=== Epoch 162/200 ===
  iter 10/93 | loss=0.4953 | grad_norm=8.523
  iter 20/93 | loss=0.7967 | grad_norm=20.486
  iter 30/93 | loss=0.6061 | grad_norm=9.602
  iter 40/93 | loss=0.6245 | grad_norm=10.349
  iter 50/93 | loss=0.4825 | grad_norm=13.623
  iter 60/93 | loss=0.6783 | grad_norm=15.292
  iter 70/93 | loss=0.7203 | grad_norm=12.676
  iter 80/93 | loss=0.5818 | grad_norm=10.358
  iter 90/93 | loss=0.4541 | grad_norm=11.174
  iter 93/93 | loss=0.7267 | grad_norm=7.061
  epoch_time=81.1s | samples/s=91.8 | lr=1.48e-04 | grad_norm_mean=11.170 | peak_gpu=23186 MB | nan_batches: train=0 val=0
[train] loss=0.6237 (cls=0.0078 reg=0.0159 iou_l=0.2000) | acc=0.997 | mIoU=0.800 IoU@0.5=0.919 IoU@0.7=0.834
       per-class: vehicle P=1.00/R=1.00 | pedestrian P=0.99/R=1.00 | cyclist P=0.94/R=0.99
       box MAE (m): h=0.057, w=0.037, l=0.120, x=0.635, y=0.039, z=1.773, ry=0.553
[val  ] loss=1.1043 (cls=0.2048 reg=0.0222 iou_l=0.2924) | acc=0.986 | mIoU=0.708 IoU@0.5=0.828 IoU@0.7=0.682
       per-class: vehicle P=0.99/R=0.99 | pedestrian P=0.97/R=0.97 | cyclist P=0.88/R=0.84
       box MAE (m): h=0.075, w=0.057, l=0.187, x=1.148, y=0.055, z=2.797, ry=0.659

=== Epoch 163/200 ===
  iter 10/93 | loss=0.7411 | grad_norm=6.129
  iter 20/93 | loss=0.5702 | grad_norm=9.348
  iter 30/93 | loss=0.6376 | grad_norm=8.946
  iter 40/93 | loss=0.6510 | grad_norm=9.134
  iter 50/93 | loss=0.4749 | grad_norm=9.046
  iter 60/93 | loss=0.5411 | grad_norm=12.063
  iter 70/93 | loss=0.5988 | grad_norm=9.073
  iter 80/93 | loss=0.5275 | grad_norm=13.548
  iter 90/93 | loss=0.7390 | grad_norm=11.007
  iter 93/93 | loss=0.5539 | grad_norm=7.363
  epoch_time=80.8s | samples/s=92.2 | lr=1.41e-04 | grad_norm_mean=10.465 | peak_gpu=23186 MB | nan_batches: train=0 val=0
[train] loss=0.6223 (cls=0.0110 reg=0.0159 iou_l=0.1985) | acc=0.996 | mIoU=0.802 IoU@0.5=0.921 IoU@0.7=0.839
       per-class: vehicle P=1.00/R=1.00 | pedestrian P=0.99/R=1.00 | cyclist P=0.93/R=1.00
       box MAE (m): h=0.055, w=0.037, l=0.117, x=0.632, y=0.037, z=1.753, ry=0.566
[val  ] loss=1.0421 (cls=0.1401 reg=0.0219 iou_l=0.2934) | acc=0.989 | mIoU=0.707 IoU@0.5=0.824 IoU@0.7=0.670
       per-class: vehicle P=0.99/R=1.00 | pedestrian P=0.98/R=0.97 | cyclist P=0.90/R=0.86
       box MAE (m): h=0.074, w=0.054, l=0.173, x=1.109, y=0.053, z=2.722, ry=0.644

=== Epoch 164/200 ===
  iter 10/93 | loss=0.5757 | grad_norm=9.140
  iter 20/93 | loss=0.5866 | grad_norm=8.470
  iter 30/93 | loss=0.5952 | grad_norm=10.284
  iter 40/93 | loss=0.6315 | grad_norm=12.273
  iter 50/93 | loss=0.6622 | grad_norm=9.868
  iter 60/93 | loss=0.5125 | grad_norm=10.777
  iter 70/93 | loss=0.5232 | grad_norm=8.127
  iter 80/93 | loss=0.5242 | grad_norm=11.406
  iter 90/93 | loss=0.5194 | grad_norm=14.458
  iter 93/93 | loss=0.6896 | grad_norm=9.267
  epoch_time=80.7s | samples/s=92.3 | lr=1.34e-04 | grad_norm_mean=10.561 | peak_gpu=23186 MB | nan_batches: train=0 val=0
[train] loss=0.6205 (cls=0.0077 reg=0.0160 iou_l=0.1989) | acc=0.997 | mIoU=0.801 IoU@0.5=0.919 IoU@0.7=0.836
       per-class: vehicle P=1.00/R=1.00 | pedestrian P=0.99/R=1.00 | cyclist P=0.95/R=0.99
       box MAE (m): h=0.055, w=0.037, l=0.118, x=0.639, y=0.038, z=1.738, ry=0.572
[val  ] loss=1.0782 (cls=0.1684 reg=0.0224 iou_l=0.2958) | acc=0.985 | mIoU=0.704 IoU@0.5=0.824 IoU@0.7=0.665
       per-class: vehicle P=0.99/R=0.99 | pedestrian P=0.96/R=0.97 | cyclist P=0.92/R=0.81
       box MAE (m): h=0.077, w=0.056, l=0.183, x=1.069, y=0.053, z=2.800, ry=0.677

=== Epoch 165/200 ===
  iter 10/93 | loss=0.5567 | grad_norm=13.518
  iter 20/93 | loss=0.7219 | grad_norm=7.258
  iter 30/93 | loss=0.6387 | grad_norm=10.772
  iter 40/93 | loss=0.5790 | grad_norm=9.103
  iter 50/93 | loss=0.7868 | grad_norm=11.675
  iter 60/93 | loss=0.5821 | grad_norm=10.321
  iter 70/93 | loss=0.5617 | grad_norm=13.252
  iter 80/93 | loss=0.6136 | grad_norm=9.469
  iter 90/93 | loss=0.7266 | grad_norm=14.868
  iter 93/93 | loss=0.8257 | grad_norm=9.955
  epoch_time=80.9s | samples/s=92.0 | lr=1.27e-04 | grad_norm_mean=10.550 | peak_gpu=23186 MB | nan_batches: train=0 val=0
[train] loss=0.6221 (cls=0.0108 reg=0.0158 iou_l=0.1985) | acc=0.996 | mIoU=0.802 IoU@0.5=0.918 IoU@0.7=0.838
       per-class: vehicle P=1.00/R=1.00 | pedestrian P=0.99/R=0.99 | cyclist P=0.93/R=0.99
       box MAE (m): h=0.054, w=0.037, l=0.118, x=0.650, y=0.038, z=1.761, ry=0.561
[val  ] loss=1.0384 (cls=0.1365 reg=0.0218 iou_l=0.2934) | acc=0.987 | mIoU=0.707 IoU@0.5=0.830 IoU@0.7=0.666
       per-class: vehicle P=0.99/R=0.99 | pedestrian P=0.96/R=0.97 | cyclist P=0.93/R=0.88
       box MAE (m): h=0.075, w=0.054, l=0.177, x=1.113, y=0.054, z=2.765, ry=0.664

=== Epoch 166/200 ===
  iter 10/93 | loss=0.6693 | grad_norm=10.210
  iter 20/93 | loss=0.7285 | grad_norm=7.088
  iter 30/93 | loss=0.6215 | grad_norm=7.549
  iter 40/93 | loss=0.5801 | grad_norm=14.375
  iter 50/93 | loss=0.5620 | grad_norm=9.060
  iter 60/93 | loss=0.6277 | grad_norm=8.993
  iter 70/93 | loss=0.5580 | grad_norm=7.786
  iter 80/93 | loss=0.7228 | grad_norm=6.625
  iter 90/93 | loss=0.4855 | grad_norm=8.044
  iter 93/93 | loss=0.5643 | grad_norm=10.679
  epoch_time=80.7s | samples/s=92.3 | lr=1.20e-04 | grad_norm_mean=9.928 | peak_gpu=23186 MB | nan_batches: train=0 val=0
[train] loss=0.6096 (cls=0.0082 reg=0.0157 iou_l=0.1952) | acc=0.996 | mIoU=0.805 IoU@0.5=0.921 IoU@0.7=0.842
       per-class: vehicle P=1.00/R=1.00 | pedestrian P=0.99/R=1.00 | cyclist P=0.93/R=0.99
       box MAE (m): h=0.055, w=0.037, l=0.116, x=0.620, y=0.037, z=1.723, ry=0.549
[val  ] loss=1.0842 (cls=0.1908 reg=0.0216 iou_l=0.2906) | acc=0.986 | mIoU=0.709 IoU@0.5=0.829 IoU@0.7=0.673
       per-class: vehicle P=0.99/R=0.99 | pedestrian P=0.97/R=0.97 | cyclist P=0.92/R=0.81
       box MAE (m): h=0.076, w=0.055, l=0.179, x=1.078, y=0.054, z=2.831, ry=0.666
  ** new best mean IoU on val: 0.7094 -> saved best_object_detection_model_run6_200epochs.pth

=== Epoch 167/200 ===
  iter 10/93 | loss=0.5838 | grad_norm=15.408
  iter 20/93 | loss=0.5081 | grad_norm=10.789
  iter 30/93 | loss=0.4524 | grad_norm=10.525
  iter 40/93 | loss=0.6634 | grad_norm=15.786
  iter 50/93 | loss=0.5308 | grad_norm=10.146
  iter 60/93 | loss=0.8496 | grad_norm=10.175
  iter 70/93 | loss=0.5437 | grad_norm=11.220
  iter 80/93 | loss=0.6620 | grad_norm=9.032
  iter 90/93 | loss=0.6712 | grad_norm=8.118
  iter 93/93 | loss=0.6021 | grad_norm=13.391
  epoch_time=80.9s | samples/s=92.1 | lr=1.13e-04 | grad_norm_mean=10.301 | peak_gpu=23186 MB | nan_batches: train=0 val=0
[train] loss=0.6037 (cls=0.0092 reg=0.0157 iou_l=0.1929) | acc=0.996 | mIoU=0.807 IoU@0.5=0.925 IoU@0.7=0.842
       per-class: vehicle P=1.00/R=1.00 | pedestrian P=0.99/R=0.99 | cyclist P=0.93/R=0.99
       box MAE (m): h=0.054, w=0.037, l=0.113, x=0.606, y=0.036, z=1.687, ry=0.559
[val  ] loss=1.0576 (cls=0.1647 reg=0.0220 iou_l=0.2903) | acc=0.988 | mIoU=0.710 IoU@0.5=0.822 IoU@0.7=0.684
       per-class: vehicle P=0.99/R=0.99 | pedestrian P=0.98/R=0.97 | cyclist P=0.88/R=0.88
       box MAE (m): h=0.075, w=0.055, l=0.181, x=1.122, y=0.055, z=2.634, ry=0.667
  ** new best mean IoU on val: 0.7097 -> saved best_object_detection_model_run6_200epochs.pth

=== Epoch 168/200 ===
  iter 10/93 | loss=0.5223 | grad_norm=13.643
  iter 20/93 | loss=0.6611 | grad_norm=9.167
  iter 30/93 | loss=0.5384 | grad_norm=8.004
  iter 40/93 | loss=0.5609 | grad_norm=7.421
  iter 50/93 | loss=0.4501 | grad_norm=8.540
  iter 60/93 | loss=0.7004 | grad_norm=9.115
  iter 70/93 | loss=0.5941 | grad_norm=11.978
  iter 80/93 | loss=0.6214 | grad_norm=5.364
  iter 90/93 | loss=0.5229 | grad_norm=7.787
  iter 93/93 | loss=0.5361 | grad_norm=9.894
  epoch_time=80.9s | samples/s=92.1 | lr=1.06e-04 | grad_norm_mean=9.963 | peak_gpu=23186 MB | nan_batches: train=0 val=0
[train] loss=0.6039 (cls=0.0082 reg=0.0156 iou_l=0.1933) | acc=0.997 | mIoU=0.807 IoU@0.5=0.922 IoU@0.7=0.847
       per-class: vehicle P=1.00/R=1.00 | pedestrian P=0.99/R=1.00 | cyclist P=0.95/R=0.99
       box MAE (m): h=0.054, w=0.036, l=0.112, x=0.623, y=0.037, z=1.678, ry=0.559
[val  ] loss=1.0756 (cls=0.1866 reg=0.0224 iou_l=0.2889) | acc=0.987 | mIoU=0.711 IoU@0.5=0.826 IoU@0.7=0.690
       per-class: vehicle P=0.99/R=0.99 | pedestrian P=0.97/R=0.98 | cyclist P=0.90/R=0.81
       box MAE (m): h=0.077, w=0.055, l=0.182, x=1.106, y=0.054, z=2.662, ry=0.689
  ** new best mean IoU on val: 0.7111 -> saved best_object_detection_model_run6_200epochs.pth

=== Epoch 169/200 ===
  iter 10/93 | loss=0.6375 | grad_norm=11.630
  iter 20/93 | loss=0.5207 | grad_norm=9.541
  iter 30/93 | loss=0.5677 | grad_norm=15.980
  iter 40/93 | loss=0.5702 | grad_norm=11.302
  iter 50/93 | loss=0.5840 | grad_norm=7.888
  iter 60/93 | loss=0.6101 | grad_norm=5.995
  iter 70/93 | loss=0.5462 | grad_norm=6.166
  iter 80/93 | loss=0.5456 | grad_norm=11.554
  iter 90/93 | loss=0.4936 | grad_norm=8.883
  iter 93/93 | loss=0.8348 | grad_norm=10.800
  epoch_time=81.3s | samples/s=91.6 | lr=1.00e-04 | grad_norm_mean=10.753 | peak_gpu=23186 MB | nan_batches: train=0 val=0
[train] loss=0.6032 (cls=0.0082 reg=0.0158 iou_l=0.1931) | acc=0.997 | mIoU=0.807 IoU@0.5=0.922 IoU@0.7=0.852
       per-class: vehicle P=1.00/R=1.00 | pedestrian P=0.99/R=0.99 | cyclist P=0.93/R=1.00
       box MAE (m): h=0.055, w=0.036, l=0.113, x=0.624, y=0.037, z=1.722, ry=0.558
[val  ] loss=1.0422 (cls=0.1573 reg=0.0216 iou_l=0.2877) | acc=0.985 | mIoU=0.712 IoU@0.5=0.836 IoU@0.7=0.691
       per-class: vehicle P=0.99/R=0.99 | pedestrian P=0.96/R=0.97 | cyclist P=0.92/R=0.84
       box MAE (m): h=0.074, w=0.055, l=0.177, x=1.106, y=0.053, z=2.677, ry=0.655
  ** new best mean IoU on val: 0.7123 -> saved best_object_detection_model_run6_200epochs.pth

=== Epoch 170/200 ===
  iter 10/93 | loss=0.4924 | grad_norm=9.905
  iter 20/93 | loss=0.6377 | grad_norm=10.473
  iter 30/93 | loss=0.6183 | grad_norm=8.295
  iter 40/93 | loss=0.8188 | grad_norm=8.388
  iter 50/93 | loss=0.5014 | grad_norm=11.156
  iter 60/93 | loss=0.6582 | grad_norm=12.725
  iter 70/93 | loss=0.6752 | grad_norm=10.971
  iter 80/93 | loss=0.6890 | grad_norm=12.690
  iter 90/93 | loss=0.7205 | grad_norm=10.487
  iter 93/93 | loss=0.6705 | grad_norm=7.857
  epoch_time=80.8s | samples/s=92.2 | lr=9.38e-05 | grad_norm_mean=10.016 | peak_gpu=23186 MB | nan_batches: train=0 val=0
[train] loss=0.6062 (cls=0.0087 reg=0.0156 iou_l=0.1940) | acc=0.997 | mIoU=0.806 IoU@0.5=0.920 IoU@0.7=0.845
       per-class: vehicle P=1.00/R=1.00 | pedestrian P=0.99/R=0.99 | cyclist P=0.95/R=1.00
       box MAE (m): h=0.054, w=0.036, l=0.109, x=0.625, y=0.036, z=1.693, ry=0.565
[val  ] loss=1.0528 (cls=0.1610 reg=0.0213 iou_l=0.2902) | acc=0.987 | mIoU=0.710 IoU@0.5=0.832 IoU@0.7=0.683
       per-class: vehicle P=0.99/R=0.99 | pedestrian P=0.96/R=0.98 | cyclist P=0.90/R=0.86
       box MAE (m): h=0.074, w=0.054, l=0.175, x=1.095, y=0.054, z=2.703, ry=0.665

=== Epoch 171/200 ===
  iter 10/93 | loss=0.5041 | grad_norm=14.130
  iter 20/93 | loss=0.6634 | grad_norm=9.862
  iter 30/93 | loss=0.5113 | grad_norm=7.715
  iter 40/93 | loss=0.5599 | grad_norm=5.680
  iter 50/93 | loss=0.5293 | grad_norm=11.074
  iter 60/93 | loss=0.6007 | grad_norm=11.774
  iter 70/93 | loss=0.5379 | grad_norm=8.185
  iter 80/93 | loss=0.7028 | grad_norm=11.861
  iter 90/93 | loss=0.5620 | grad_norm=6.973
  iter 93/93 | loss=0.4522 | grad_norm=12.277
  epoch_time=80.8s | samples/s=92.2 | lr=8.78e-05 | grad_norm_mean=10.114 | peak_gpu=23186 MB | nan_batches: train=0 val=0
[train] loss=0.5964 (cls=0.0074 reg=0.0155 iou_l=0.1912) | acc=0.996 | mIoU=0.809 IoU@0.5=0.922 IoU@0.7=0.853
       per-class: vehicle P=1.00/R=1.00 | pedestrian P=0.99/R=1.00 | cyclist P=0.93/R=1.00
       box MAE (m): h=0.053, w=0.036, l=0.110, x=0.604, y=0.036, z=1.688, ry=0.546
[val  ] loss=1.0334 (cls=0.1532 reg=0.0221 iou_l=0.2860) | acc=0.988 | mIoU=0.714 IoU@0.5=0.838 IoU@0.7=0.683
       per-class: vehicle P=0.99/R=0.99 | pedestrian P=0.97/R=0.97 | cyclist P=0.91/R=0.91
       box MAE (m): h=0.072, w=0.054, l=0.179, x=1.092, y=0.055, z=2.753, ry=0.654
  ** new best mean IoU on val: 0.7140 -> saved best_object_detection_model_run6_200epochs.pth

=== Epoch 172/200 ===
  iter 10/93 | loss=0.5992 | grad_norm=8.232
  iter 20/93 | loss=0.6387 | grad_norm=12.743
  iter 30/93 | loss=0.6042 | grad_norm=11.767
  iter 40/93 | loss=0.5997 | grad_norm=7.739
  iter 50/93 | loss=0.6471 | grad_norm=10.383
  iter 60/93 | loss=0.6306 | grad_norm=10.382
  iter 70/93 | loss=0.5978 | grad_norm=9.137
  iter 80/93 | loss=0.6328 | grad_norm=7.259
  iter 90/93 | loss=0.5256 | grad_norm=10.907
  iter 93/93 | loss=0.6387 | grad_norm=10.773
  epoch_time=80.9s | samples/s=92.0 | lr=8.19e-05 | grad_norm_mean=9.764 | peak_gpu=23186 MB | nan_batches: train=0 val=0
[train] loss=0.5926 (cls=0.0090 reg=0.0153 iou_l=0.1894) | acc=0.996 | mIoU=0.811 IoU@0.5=0.924 IoU@0.7=0.853
       per-class: vehicle P=1.00/R=1.00 | pedestrian P=0.99/R=1.00 | cyclist P=0.92/R=0.99
       box MAE (m): h=0.052, w=0.036, l=0.111, x=0.604, y=0.036, z=1.689, ry=0.552
[val  ] loss=1.0526 (cls=0.1661 reg=0.0224 iou_l=0.2880) | acc=0.990 | mIoU=0.712 IoU@0.5=0.828 IoU@0.7=0.686
       per-class: vehicle P=0.99/R=1.00 | pedestrian P=0.98/R=0.97 | cyclist P=0.91/R=0.91
       box MAE (m): h=0.074, w=0.053, l=0.173, x=1.103, y=0.054, z=2.712, ry=0.677

=== Epoch 173/200 ===
  iter 10/93 | loss=0.6654 | grad_norm=13.731
  iter 20/93 | loss=0.5894 | grad_norm=8.770
  iter 30/93 | loss=0.6725 | grad_norm=14.822
  iter 40/93 | loss=0.6675 | grad_norm=8.516
  iter 50/93 | loss=0.5636 | grad_norm=8.578
  iter 60/93 | loss=0.6805 | grad_norm=8.754
  iter 70/93 | loss=0.6441 | grad_norm=9.852
  iter 80/93 | loss=0.6706 | grad_norm=13.227
  iter 90/93 | loss=0.5422 | grad_norm=10.501
  iter 93/93 | loss=0.6039 | grad_norm=9.922
  epoch_time=80.9s | samples/s=92.1 | lr=7.63e-05 | grad_norm_mean=9.977 | peak_gpu=23186 MB | nan_batches: train=0 val=0
[train] loss=0.5962 (cls=0.0070 reg=0.0156 iou_l=0.1912) | acc=0.997 | mIoU=0.809 IoU@0.5=0.922 IoU@0.7=0.849
       per-class: vehicle P=1.00/R=1.00 | pedestrian P=0.99/R=1.00 | cyclist P=0.95/R=1.00
       box MAE (m): h=0.052, w=0.035, l=0.111, x=0.606, y=0.036, z=1.733, ry=0.551
[val  ] loss=1.0712 (cls=0.1864 reg=0.0214 iou_l=0.2878) | acc=0.988 | mIoU=0.712 IoU@0.5=0.824 IoU@0.7=0.689
       per-class: vehicle P=0.99/R=0.99 | pedestrian P=0.98/R=0.97 | cyclist P=0.90/R=0.86
       box MAE (m): h=0.073, w=0.056, l=0.185, x=1.044, y=0.054, z=2.721, ry=0.620

=== Epoch 174/200 ===
  iter 10/93 | loss=0.5110 | grad_norm=14.733
  iter 20/93 | loss=0.6726 | grad_norm=7.482
  iter 30/93 | loss=0.5573 | grad_norm=8.626
  iter 40/93 | loss=0.6622 | grad_norm=9.066
  iter 50/93 | loss=0.6466 | grad_norm=11.905
  iter 60/93 | loss=0.6175 | grad_norm=12.832
  iter 70/93 | loss=0.4748 | grad_norm=9.671
  iter 80/93 | loss=0.5141 | grad_norm=9.802
  iter 90/93 | loss=0.5142 | grad_norm=6.825
  iter 93/93 | loss=0.6335 | grad_norm=8.991
  epoch_time=80.9s | samples/s=92.1 | lr=7.08e-05 | grad_norm_mean=9.873 | peak_gpu=23186 MB | nan_batches: train=0 val=0
[train] loss=0.5873 (cls=0.0069 reg=0.0153 iou_l=0.1884) | acc=0.997 | mIoU=0.812 IoU@0.5=0.924 IoU@0.7=0.853
       per-class: vehicle P=1.00/R=1.00 | pedestrian P=0.99/R=1.00 | cyclist P=0.93/R=1.00
       box MAE (m): h=0.053, w=0.035, l=0.111, x=0.597, y=0.036, z=1.653, ry=0.551
[val  ] loss=1.0817 (cls=0.1983 reg=0.0221 iou_l=0.2871) | acc=0.987 | mIoU=0.713 IoU@0.5=0.834 IoU@0.7=0.686
       per-class: vehicle P=0.99/R=0.99 | pedestrian P=0.98/R=0.98 | cyclist P=0.88/R=0.81
       box MAE (m): h=0.075, w=0.055, l=0.172, x=1.097, y=0.055, z=2.631, ry=0.669

=== Epoch 175/200 ===
  iter 10/93 | loss=0.9213 | grad_norm=12.891
  iter 20/93 | loss=0.6303 | grad_norm=7.345
  iter 30/93 | loss=0.5989 | grad_norm=6.672
  iter 40/93 | loss=0.5153 | grad_norm=8.034
  iter 50/93 | loss=0.5905 | grad_norm=10.688
  iter 60/93 | loss=0.5762 | grad_norm=10.633
  iter 70/93 | loss=0.6667 | grad_norm=10.176
  iter 80/93 | loss=0.6450 | grad_norm=10.026
  iter 90/93 | loss=0.7016 | grad_norm=8.946
  iter 93/93 | loss=0.6202 | grad_norm=8.650
  epoch_time=80.9s | samples/s=92.1 | lr=6.56e-05 | grad_norm_mean=9.811 | peak_gpu=23186 MB | nan_batches: train=0 val=0
[train] loss=0.5839 (cls=0.0097 reg=0.0154 iou_l=0.1863) | acc=0.996 | mIoU=0.814 IoU@0.5=0.926 IoU@0.7=0.853
       per-class: vehicle P=1.00/R=1.00 | pedestrian P=0.99/R=0.99 | cyclist P=0.93/R=0.99
       box MAE (m): h=0.052, w=0.036, l=0.111, x=0.603, y=0.036, z=1.655, ry=0.532
[val  ] loss=1.0785 (cls=0.1802 reg=0.0221 iou_l=0.2921) | acc=0.984 | mIoU=0.708 IoU@0.5=0.827 IoU@0.7=0.683
       per-class: vehicle P=0.99/R=0.99 | pedestrian P=0.96/R=0.96 | cyclist P=0.86/R=0.86
       box MAE (m): h=0.073, w=0.058, l=0.186, x=1.098, y=0.055, z=2.740, ry=0.656

=== Epoch 176/200 ===
  iter 10/93 | loss=0.5613 | grad_norm=5.400
  iter 20/93 | loss=0.6097 | grad_norm=7.574
  iter 30/93 | loss=0.5665 | grad_norm=10.566
  iter 40/93 | loss=0.5127 | grad_norm=11.354
  iter 50/93 | loss=0.5946 | grad_norm=12.068
  iter 60/93 | loss=0.5890 | grad_norm=10.221
  iter 70/93 | loss=0.5762 | grad_norm=8.677
  iter 80/93 | loss=0.6176 | grad_norm=7.282
  iter 90/93 | loss=0.5217 | grad_norm=9.022
  iter 93/93 | loss=0.6042 | grad_norm=7.821
  epoch_time=81.0s | samples/s=91.9 | lr=6.05e-05 | grad_norm_mean=9.478 | peak_gpu=23186 MB | nan_batches: train=0 val=0
[train] loss=0.5894 (cls=0.0076 reg=0.0154 iou_l=0.1888) | acc=0.997 | mIoU=0.811 IoU@0.5=0.922 IoU@0.7=0.851
       per-class: vehicle P=1.00/R=1.00 | pedestrian P=0.99/R=1.00 | cyclist P=0.94/R=0.99
       box MAE (m): h=0.051, w=0.036, l=0.110, x=0.608, y=0.036, z=1.660, ry=0.540
[val  ] loss=1.0828 (cls=0.1832 reg=0.0225 iou_l=0.2924) | acc=0.986 | mIoU=0.708 IoU@0.5=0.824 IoU@0.7=0.676
       per-class: vehicle P=0.99/R=0.99 | pedestrian P=0.97/R=0.97 | cyclist P=0.88/R=0.84
       box MAE (m): h=0.073, w=0.055, l=0.181, x=1.146, y=0.053, z=2.719, ry=0.654

=== Epoch 177/200 ===
  iter 10/93 | loss=0.6526 | grad_norm=11.162
  iter 20/93 | loss=0.4664 | grad_norm=7.768
  iter 30/93 | loss=0.5536 | grad_norm=10.713
  iter 40/93 | loss=0.7076 | grad_norm=13.826
  iter 50/93 | loss=0.5787 | grad_norm=11.155
  iter 60/93 | loss=0.7090 | grad_norm=10.561
  iter 70/93 | loss=0.6652 | grad_norm=8.437
  iter 80/93 | loss=0.7348 | grad_norm=6.088
  iter 90/93 | loss=0.5161 | grad_norm=11.859
  iter 93/93 | loss=0.5894 | grad_norm=8.913
  epoch_time=80.9s | samples/s=92.0 | lr=5.56e-05 | grad_norm_mean=10.237 | peak_gpu=23186 MB | nan_batches: train=0 val=0
[train] loss=0.5860 (cls=0.0071 reg=0.0153 iou_l=0.1879) | acc=0.997 | mIoU=0.812 IoU@0.5=0.924 IoU@0.7=0.855
       per-class: vehicle P=1.00/R=1.00 | pedestrian P=0.99/R=1.00 | cyclist P=0.93/R=1.00
       box MAE (m): h=0.051, w=0.035, l=0.109, x=0.598, y=0.036, z=1.654, ry=0.540
[val  ] loss=1.1220 (cls=0.2315 reg=0.0218 iou_l=0.2895) | acc=0.984 | mIoU=0.710 IoU@0.5=0.827 IoU@0.7=0.681
       per-class: vehicle P=0.99/R=0.99 | pedestrian P=0.96/R=0.95 | cyclist P=0.92/R=0.84
       box MAE (m): h=0.075, w=0.055, l=0.188, x=1.111, y=0.054, z=2.608, ry=0.636

=== Epoch 178/200 ===
  iter 10/93 | loss=0.5277 | grad_norm=7.888
  iter 20/93 | loss=0.6221 | grad_norm=8.275
  iter 30/93 | loss=0.5391 | grad_norm=7.281
  iter 40/93 | loss=0.4850 | grad_norm=12.483
  iter 50/93 | loss=0.3790 | grad_norm=8.949
  iter 60/93 | loss=0.5686 | grad_norm=12.906
  iter 70/93 | loss=0.6013 | grad_norm=5.520
  iter 80/93 | loss=0.6280 | grad_norm=6.503
  iter 90/93 | loss=0.4888 | grad_norm=12.366
  iter 93/93 | loss=0.5473 | grad_norm=12.687
  epoch_time=80.8s | samples/s=92.2 | lr=5.10e-05 | grad_norm_mean=9.069 | peak_gpu=23186 MB | nan_batches: train=0 val=0
[train] loss=0.5755 (cls=0.0065 reg=0.0151 iou_l=0.1847) | acc=0.997 | mIoU=0.815 IoU@0.5=0.927 IoU@0.7=0.858
       per-class: vehicle P=1.00/R=1.00 | pedestrian P=0.99/R=0.99 | cyclist P=0.94/R=0.99
       box MAE (m): h=0.051, w=0.035, l=0.108, x=0.585, y=0.035, z=1.614, ry=0.532
[val  ] loss=1.0550 (cls=0.1828 reg=0.0219 iou_l=0.2834) | acc=0.986 | mIoU=0.717 IoU@0.5=0.828 IoU@0.7=0.693
       per-class: vehicle P=0.99/R=0.99 | pedestrian P=0.97/R=0.96 | cyclist P=0.88/R=0.88
       box MAE (m): h=0.072, w=0.055, l=0.176, x=1.047, y=0.053, z=2.645, ry=0.667
  ** new best mean IoU on val: 0.7166 -> saved best_object_detection_model_run6_200epochs.pth

=== Epoch 179/200 ===
  iter 10/93 | loss=0.4979 | grad_norm=7.466
  iter 20/93 | loss=0.5839 | grad_norm=8.482
  iter 30/93 | loss=0.5688 | grad_norm=12.520
  iter 40/93 | loss=0.5503 | grad_norm=11.211
  iter 50/93 | loss=0.3974 | grad_norm=7.808
  iter 60/93 | loss=0.5711 | grad_norm=8.757
  iter 70/93 | loss=0.5506 | grad_norm=9.908
  iter 80/93 | loss=0.6715 | grad_norm=7.092
  iter 90/93 | loss=0.5264 | grad_norm=13.753
  iter 93/93 | loss=0.6337 | grad_norm=9.038
  epoch_time=81.2s | samples/s=91.8 | lr=4.65e-05 | grad_norm_mean=10.324 | peak_gpu=23186 MB | nan_batches: train=0 val=0
[train] loss=0.5873 (cls=0.0106 reg=0.0153 iou_l=0.1871) | acc=0.996 | mIoU=0.813 IoU@0.5=0.924 IoU@0.7=0.853
       per-class: vehicle P=1.00/R=1.00 | pedestrian P=0.99/R=0.99 | cyclist P=0.93/R=0.99
       box MAE (m): h=0.051, w=0.035, l=0.109, x=0.582, y=0.035, z=1.654, ry=0.546
[val  ] loss=0.9866 (cls=0.1197 reg=0.0210 iou_l=0.2820) | acc=0.988 | mIoU=0.718 IoU@0.5=0.842 IoU@0.7=0.684
       per-class: vehicle P=0.99/R=0.99 | pedestrian P=0.98/R=0.97 | cyclist P=0.86/R=0.88
       box MAE (m): h=0.071, w=0.053, l=0.169, x=1.038, y=0.054, z=2.626, ry=0.626
  ** new best mean IoU on val: 0.7180 -> saved best_object_detection_model_run6_200epochs.pth

=== Epoch 180/200 ===
  iter 10/93 | loss=0.5966 | grad_norm=10.015
  iter 20/93 | loss=0.4655 | grad_norm=9.442
  iter 30/93 | loss=0.4646 | grad_norm=11.955
  iter 40/93 | loss=0.5754 | grad_norm=8.862
  iter 50/93 | loss=0.6367 | grad_norm=7.967
  iter 60/93 | loss=0.6066 | grad_norm=10.112
  iter 70/93 | loss=0.5801 | grad_norm=8.271
  iter 80/93 | loss=0.6459 | grad_norm=10.732
  iter 90/93 | loss=0.4834 | grad_norm=12.380
  iter 93/93 | loss=0.5262 | grad_norm=8.813
  epoch_time=80.9s | samples/s=92.0 | lr=4.22e-05 | grad_norm_mean=9.786 | peak_gpu=23186 MB | nan_batches: train=0 val=0
[train] loss=0.5766 (cls=0.0074 reg=0.0155 iou_l=0.1846) | acc=0.997 | mIoU=0.815 IoU@0.5=0.924 IoU@0.7=0.857
       per-class: vehicle P=1.00/R=1.00 | pedestrian P=0.99/R=0.99 | cyclist P=0.93/R=0.99
       box MAE (m): h=0.051, w=0.035, l=0.108, x=0.598, y=0.035, z=1.618, ry=0.542
[val  ] loss=1.0539 (cls=0.1909 reg=0.0217 iou_l=0.2804) | acc=0.986 | mIoU=0.720 IoU@0.5=0.841 IoU@0.7=0.685
       per-class: vehicle P=0.99/R=0.99 | pedestrian P=0.97/R=0.97 | cyclist P=0.90/R=0.84
       box MAE (m): h=0.073, w=0.055, l=0.176, x=1.057, y=0.054, z=2.766, ry=0.657
  ** new best mean IoU on val: 0.7196 -> saved best_object_detection_model_run6_200epochs.pth

=== Epoch 181/200 ===
  iter 10/93 | loss=0.5696 | grad_norm=9.752
  iter 20/93 | loss=0.6678 | grad_norm=10.027
  iter 30/93 | loss=0.5230 | grad_norm=7.478
  iter 40/93 | loss=0.5073 | grad_norm=7.458
  iter 50/93 | loss=0.4143 | grad_norm=8.200
  iter 60/93 | loss=0.5192 | grad_norm=11.620
  iter 70/93 | loss=0.6768 | grad_norm=9.113
  iter 80/93 | loss=0.7164 | grad_norm=11.148
  iter 90/93 | loss=0.6467 | grad_norm=8.020
  iter 93/93 | loss=0.5320 | grad_norm=13.438
  epoch_time=80.9s | samples/s=92.0 | lr=3.81e-05 | grad_norm_mean=9.504 | peak_gpu=23186 MB | nan_batches: train=0 val=0
[train] loss=0.5749 (cls=0.0066 reg=0.0152 iou_l=0.1844) | acc=0.997 | mIoU=0.816 IoU@0.5=0.926 IoU@0.7=0.856
       per-class: vehicle P=1.00/R=1.00 | pedestrian P=0.99/R=1.00 | cyclist P=0.94/R=1.00
       box MAE (m): h=0.051, w=0.035, l=0.108, x=0.589, y=0.035, z=1.638, ry=0.538
[val  ] loss=1.0438 (cls=0.1882 reg=0.0212 iou_l=0.2781) | acc=0.989 | mIoU=0.722 IoU@0.5=0.837 IoU@0.7=0.702
       per-class: vehicle P=0.99/R=1.00 | pedestrian P=0.98/R=0.98 | cyclist P=0.93/R=0.86
       box MAE (m): h=0.072, w=0.052, l=0.169, x=1.074, y=0.054, z=2.537, ry=0.653
  ** new best mean IoU on val: 0.7219 -> saved best_object_detection_model_run6_200epochs.pth

=== Epoch 182/200 ===
  iter 10/93 | loss=0.6287 | grad_norm=10.124
  iter 20/93 | loss=0.4501 | grad_norm=9.082
  iter 30/93 | loss=0.5460 | grad_norm=12.481
  iter 40/93 | loss=0.5785 | grad_norm=7.669
  iter 50/93 | loss=0.4127 | grad_norm=9.414
  iter 60/93 | loss=0.5626 | grad_norm=10.552
  iter 70/93 | loss=0.5772 | grad_norm=9.038
  iter 80/93 | loss=0.6717 | grad_norm=8.773
  iter 90/93 | loss=0.5243 | grad_norm=7.567
  iter 93/93 | loss=0.6008 | grad_norm=13.079
  epoch_time=81.2s | samples/s=91.8 | lr=3.43e-05 | grad_norm_mean=9.736 | peak_gpu=23186 MB | nan_batches: train=0 val=0
[train] loss=0.5641 (cls=0.0058 reg=0.0151 iou_l=0.1810) | acc=0.998 | mIoU=0.819 IoU@0.5=0.930 IoU@0.7=0.864
       per-class: vehicle P=1.00/R=1.00 | pedestrian P=0.99/R=1.00 | cyclist P=0.95/R=1.00
       box MAE (m): h=0.052, w=0.034, l=0.106, x=0.565, y=0.034, z=1.578, ry=0.550
[val  ] loss=1.0690 (cls=0.1950 reg=0.0217 iou_l=0.2841) | acc=0.985 | mIoU=0.716 IoU@0.5=0.833 IoU@0.7=0.689
       per-class: vehicle P=0.99/R=0.99 | pedestrian P=0.97/R=0.97 | cyclist P=0.84/R=0.88
       box MAE (m): h=0.075, w=0.056, l=0.179, x=1.044, y=0.053, z=2.601, ry=0.635

=== Epoch 183/200 ===
  iter 10/93 | loss=0.5232 | grad_norm=12.245
  iter 20/93 | loss=0.6893 | grad_norm=15.646
  iter 30/93 | loss=0.6099 | grad_norm=5.603
  iter 40/93 | loss=0.6515 | grad_norm=6.974
  iter 50/93 | loss=0.6642 | grad_norm=12.267
  iter 60/93 | loss=0.6851 | grad_norm=9.834
  iter 70/93 | loss=0.5513 | grad_norm=7.774
  iter 80/93 | loss=0.5353 | grad_norm=8.570
  iter 90/93 | loss=0.5207 | grad_norm=6.533
  iter 93/93 | loss=0.5879 | grad_norm=6.937
  epoch_time=81.2s | samples/s=91.7 | lr=3.06e-05 | grad_norm_mean=9.549 | peak_gpu=23186 MB | nan_batches: train=0 val=0
[train] loss=0.5695 (cls=0.0062 reg=0.0154 iou_l=0.1827) | acc=0.997 | mIoU=0.817 IoU@0.5=0.924 IoU@0.7=0.857
       per-class: vehicle P=1.00/R=1.00 | pedestrian P=0.99/R=1.00 | cyclist P=0.93/R=1.00
       box MAE (m): h=0.051, w=0.035, l=0.108, x=0.572, y=0.034, z=1.606, ry=0.558
[val  ] loss=1.0340 (cls=0.1787 reg=0.0214 iou_l=0.2780) | acc=0.987 | mIoU=0.722 IoU@0.5=0.839 IoU@0.7=0.693
       per-class: vehicle P=0.99/R=0.99 | pedestrian P=0.97/R=0.97 | cyclist P=0.93/R=0.86
       box MAE (m): h=0.076, w=0.053, l=0.172, x=1.039, y=0.052, z=2.549, ry=0.639
  ** new best mean IoU on val: 0.7220 -> saved best_object_detection_model_run6_200epochs.pth

=== Epoch 184/200 ===
  iter 10/93 | loss=0.5400 | grad_norm=7.987
  iter 20/93 | loss=0.5135 | grad_norm=9.984
  iter 30/93 | loss=0.5943 | grad_norm=14.768
  iter 40/93 | loss=0.6364 | grad_norm=9.782
  iter 50/93 | loss=0.6782 | grad_norm=12.895
  iter 60/93 | loss=0.6065 | grad_norm=11.589
  iter 70/93 | loss=0.5455 | grad_norm=9.175
  iter 80/93 | loss=0.6225 | grad_norm=8.620
  iter 90/93 | loss=0.5565 | grad_norm=8.689
  iter 93/93 | loss=0.5702 | grad_norm=9.610
  epoch_time=80.9s | samples/s=92.1 | lr=2.71e-05 | grad_norm_mean=9.422 | peak_gpu=23186 MB | nan_batches: train=0 val=0
[train] loss=0.5730 (cls=0.0079 reg=0.0150 iou_l=0.1834) | acc=0.997 | mIoU=0.817 IoU@0.5=0.928 IoU@0.7=0.860
       per-class: vehicle P=1.00/R=1.00 | pedestrian P=0.99/R=0.99 | cyclist P=0.93/R=0.99
       box MAE (m): h=0.051, w=0.034, l=0.108, x=0.576, y=0.035, z=1.630, ry=0.543
[val  ] loss=1.0449 (cls=0.1684 reg=0.0218 iou_l=0.2849) | acc=0.989 | mIoU=0.715 IoU@0.5=0.830 IoU@0.7=0.687
       per-class: vehicle P=0.99/R=1.00 | pedestrian P=0.99/R=0.97 | cyclist P=0.90/R=0.86
       box MAE (m): h=0.074, w=0.052, l=0.169, x=1.099, y=0.053, z=2.593, ry=0.687

=== Epoch 185/200 ===
  iter 10/93 | loss=0.5346 | grad_norm=8.174
  iter 20/93 | loss=0.4903 | grad_norm=7.607
  iter 30/93 | loss=0.5542 | grad_norm=8.938
  iter 40/93 | loss=0.6544 | grad_norm=11.871
  iter 50/93 | loss=0.5282 | grad_norm=10.010
  iter 60/93 | loss=0.6688 | grad_norm=9.902
  iter 70/93 | loss=0.5505 | grad_norm=10.824
  iter 80/93 | loss=0.6487 | grad_norm=7.786
  iter 90/93 | loss=0.4580 | grad_norm=13.582
  iter 93/93 | loss=0.5849 | grad_norm=6.480
  epoch_time=80.9s | samples/s=92.0 | lr=2.39e-05 | grad_norm_mean=9.514 | peak_gpu=23186 MB | nan_batches: train=0 val=0
[train] loss=0.5747 (cls=0.0066 reg=0.0154 iou_l=0.1842) | acc=0.997 | mIoU=0.816 IoU@0.5=0.923 IoU@0.7=0.857
       per-class: vehicle P=1.00/R=1.00 | pedestrian P=0.99/R=1.00 | cyclist P=0.95/R=1.00
       box MAE (m): h=0.051, w=0.035, l=0.107, x=0.583, y=0.034, z=1.639, ry=0.545
[val  ] loss=1.0662 (cls=0.1864 reg=0.0218 iou_l=0.2860) | acc=0.987 | mIoU=0.714 IoU@0.5=0.832 IoU@0.7=0.680
       per-class: vehicle P=0.99/R=0.99 | pedestrian P=0.96/R=0.97 | cyclist P=0.93/R=0.86
       box MAE (m): h=0.074, w=0.053, l=0.176, x=1.091, y=0.053, z=2.589, ry=0.651

=== Epoch 186/200 ===
  iter 10/93 | loss=0.4250 | grad_norm=7.568
  iter 20/93 | loss=0.5483 | grad_norm=7.278
  iter 30/93 | loss=0.4449 | grad_norm=5.939
  iter 40/93 | loss=0.6039 | grad_norm=10.229
  iter 50/93 | loss=0.5130 | grad_norm=6.597
  iter 60/93 | loss=0.4812 | grad_norm=6.426
  iter 70/93 | loss=0.5733 | grad_norm=13.214
  iter 80/93 | loss=0.5647 | grad_norm=8.081
  iter 90/93 | loss=0.6319 | grad_norm=8.847
  iter 93/93 | loss=0.6212 | grad_norm=9.350
  epoch_time=81.1s | samples/s=91.8 | lr=2.08e-05 | grad_norm_mean=9.268 | peak_gpu=23186 MB | nan_batches: train=0 val=0
[train] loss=0.5630 (cls=0.0073 reg=0.0152 iou_l=0.1802) | acc=0.997 | mIoU=0.820 IoU@0.5=0.927 IoU@0.7=0.862
       per-class: vehicle P=1.00/R=1.00 | pedestrian P=0.99/R=0.99 | cyclist P=0.92/R=1.00
       box MAE (m): h=0.051, w=0.034, l=0.105, x=0.562, y=0.034, z=1.643, ry=0.553
[val  ] loss=1.0942 (cls=0.2179 reg=0.0216 iou_l=0.2849) | acc=0.987 | mIoU=0.715 IoU@0.5=0.832 IoU@0.7=0.681
       per-class: vehicle P=0.99/R=0.99 | pedestrian P=0.98/R=0.97 | cyclist P=0.88/R=0.81
       box MAE (m): h=0.074, w=0.054, l=0.181, x=1.079, y=0.053, z=2.767, ry=0.666

=== Epoch 187/200 ===
  iter 10/93 | loss=0.5684 | grad_norm=13.234
  iter 20/93 | loss=0.5788 | grad_norm=9.521
  iter 30/93 | loss=0.5321 | grad_norm=10.067
  iter 40/93 | loss=0.4731 | grad_norm=8.155
  iter 50/93 | loss=0.5370 | grad_norm=11.708
  iter 60/93 | loss=0.5935 | grad_norm=11.336
  iter 70/93 | loss=0.6253 | grad_norm=8.057
  iter 80/93 | loss=0.5814 | grad_norm=7.010
  iter 90/93 | loss=0.7696 | grad_norm=6.167
  iter 93/93 | loss=0.6978 | grad_norm=6.244
  epoch_time=81.0s | samples/s=91.9 | lr=1.79e-05 | grad_norm_mean=9.000 | peak_gpu=23186 MB | nan_batches: train=0 val=0
[train] loss=0.5703 (cls=0.0073 reg=0.0152 iou_l=0.1826) | acc=0.997 | mIoU=0.817 IoU@0.5=0.923 IoU@0.7=0.859
       per-class: vehicle P=1.00/R=1.00 | pedestrian P=0.99/R=1.00 | cyclist P=0.93/R=1.00
       box MAE (m): h=0.051, w=0.035, l=0.106, x=0.581, y=0.034, z=1.580, ry=0.558
[val  ] loss=1.0141 (cls=0.1503 reg=0.0217 iou_l=0.2807) | acc=0.991 | mIoU=0.719 IoU@0.5=0.834 IoU@0.7=0.695
       per-class: vehicle P=0.99/R=1.00 | pedestrian P=0.98/R=0.98 | cyclist P=0.93/R=0.91
       box MAE (m): h=0.072, w=0.051, l=0.169, x=1.077, y=0.052, z=2.621, ry=0.654

=== Epoch 188/200 ===
  iter 10/93 | loss=0.4254 | grad_norm=9.381
  iter 20/93 | loss=0.6702 | grad_norm=7.119
  iter 30/93 | loss=0.5784 | grad_norm=9.424
  iter 40/93 | loss=0.5568 | grad_norm=7.773
  iter 50/93 | loss=0.6870 | grad_norm=7.213
  iter 60/93 | loss=0.5138 | grad_norm=6.020
  iter 70/93 | loss=0.5211 | grad_norm=11.211
  iter 80/93 | loss=0.5908 | grad_norm=9.517
  iter 90/93 | loss=0.4985 | grad_norm=7.799
  iter 93/93 | loss=0.5234 | grad_norm=7.625
  epoch_time=80.9s | samples/s=92.1 | lr=1.53e-05 | grad_norm_mean=9.285 | peak_gpu=23186 MB | nan_batches: train=0 val=0
[train] loss=0.5699 (cls=0.0116 reg=0.0152 iou_l=0.1811) | acc=0.997 | mIoU=0.819 IoU@0.5=0.925 IoU@0.7=0.865
       per-class: vehicle P=1.00/R=1.00 | pedestrian P=0.99/R=0.99 | cyclist P=0.95/R=0.99
       box MAE (m): h=0.051, w=0.035, l=0.109, x=0.576, y=0.034, z=1.598, ry=0.546
[val  ] loss=1.0441 (cls=0.1700 reg=0.0216 iou_l=0.2842) | acc=0.988 | mIoU=0.716 IoU@0.5=0.836 IoU@0.7=0.695
       per-class: vehicle P=0.99/R=0.99 | pedestrian P=0.97/R=0.97 | cyclist P=0.90/R=0.88
       box MAE (m): h=0.074, w=0.053, l=0.176, x=1.091, y=0.053, z=2.668, ry=0.662

=== Epoch 189/200 ===
  iter 10/93 | loss=0.5935 | grad_norm=11.716
  iter 20/93 | loss=0.5308 | grad_norm=9.570
  iter 30/93 | loss=0.6455 | grad_norm=5.480
  iter 40/93 | loss=0.4982 | grad_norm=8.348
  iter 50/93 | loss=0.7096 | grad_norm=8.462
  iter 60/93 | loss=0.6820 | grad_norm=8.820
  iter 70/93 | loss=0.7286 | grad_norm=11.160
  iter 80/93 | loss=0.4967 | grad_norm=6.240
  iter 90/93 | loss=0.6021 | grad_norm=7.242
  iter 93/93 | loss=0.5303 | grad_norm=8.188
  epoch_time=80.6s | samples/s=92.4 | lr=1.29e-05 | grad_norm_mean=9.064 | peak_gpu=23186 MB | nan_batches: train=0 val=0
[train] loss=0.5633 (cls=0.0079 reg=0.0153 iou_l=0.1800) | acc=0.997 | mIoU=0.820 IoU@0.5=0.929 IoU@0.7=0.859
       per-class: vehicle P=1.00/R=1.00 | pedestrian P=0.99/R=0.99 | cyclist P=0.95/R=1.00
       box MAE (m): h=0.051, w=0.035, l=0.108, x=0.567, y=0.034, z=1.590, ry=0.545
[val  ] loss=1.0815 (cls=0.2050 reg=0.0218 iou_l=0.2849) | acc=0.985 | mIoU=0.715 IoU@0.5=0.828 IoU@0.7=0.696
       per-class: vehicle P=0.99/R=0.99 | pedestrian P=0.95/R=0.97 | cyclist P=0.92/R=0.84
       box MAE (m): h=0.075, w=0.055, l=0.181, x=1.098, y=0.054, z=2.647, ry=0.655

=== Epoch 190/200 ===
  iter 10/93 | loss=0.5015 | grad_norm=6.687
  iter 20/93 | loss=0.6089 | grad_norm=9.170
  iter 30/93 | loss=0.5720 | grad_norm=7.211
  iter 40/93 | loss=0.5083 | grad_norm=8.455
  iter 50/93 | loss=0.6966 | grad_norm=6.483
  iter 60/93 | loss=0.6459 | grad_norm=8.268
  iter 70/93 | loss=0.4168 | grad_norm=11.103
  iter 80/93 | loss=0.6181 | grad_norm=7.369
  iter 90/93 | loss=0.6963 | grad_norm=9.080
  iter 93/93 | loss=0.6831 | grad_norm=10.510
  epoch_time=80.7s | samples/s=92.3 | lr=1.06e-05 | grad_norm_mean=9.319 | peak_gpu=23186 MB | nan_batches: train=0 val=0
[train] loss=0.5604 (cls=0.0058 reg=0.0151 iou_l=0.1798) | acc=0.997 | mIoU=0.820 IoU@0.5=0.929 IoU@0.7=0.862
       per-class: vehicle P=1.00/R=1.00 | pedestrian P=0.99/R=1.00 | cyclist P=0.94/R=1.00
       box MAE (m): h=0.051, w=0.034, l=0.105, x=0.564, y=0.034, z=1.563, ry=0.546
[val  ] loss=1.0357 (cls=0.1742 reg=0.0221 iou_l=0.2798) | acc=0.987 | mIoU=0.720 IoU@0.5=0.839 IoU@0.7=0.695
       per-class: vehicle P=0.99/R=0.99 | pedestrian P=0.96/R=0.98 | cyclist P=0.90/R=0.88
       box MAE (m): h=0.072, w=0.053, l=0.174, x=1.046, y=0.053, z=2.614, ry=0.692

=== Epoch 191/200 ===
  iter 10/93 | loss=0.5452 | grad_norm=11.456
  iter 20/93 | loss=0.6584 | grad_norm=6.381
  iter 30/93 | loss=0.5522 | grad_norm=8.051
  iter 40/93 | loss=0.5721 | grad_norm=7.455
  iter 50/93 | loss=0.5676 | grad_norm=10.934
  iter 60/93 | loss=0.5765 | grad_norm=8.159
  iter 70/93 | loss=0.6158 | grad_norm=5.371
  iter 80/93 | loss=0.5206 | grad_norm=8.872
  iter 90/93 | loss=0.4742 | grad_norm=8.748
  iter 93/93 | loss=0.5210 | grad_norm=10.488
  epoch_time=80.4s | samples/s=92.7 | lr=8.62e-06 | grad_norm_mean=9.148 | peak_gpu=23186 MB | nan_batches: train=0 val=0
[train] loss=0.5665 (cls=0.0057 reg=0.0154 iou_l=0.1818) | acc=0.997 | mIoU=0.818 IoU@0.5=0.925 IoU@0.7=0.862
       per-class: vehicle P=1.00/R=1.00 | pedestrian P=0.99/R=1.00 | cyclist P=0.95/R=1.00
       box MAE (m): h=0.050, w=0.034, l=0.106, x=0.594, y=0.034, z=1.600, ry=0.544
[val  ] loss=1.0501 (cls=0.1900 reg=0.0217 iou_l=0.2795) | acc=0.987 | mIoU=0.720 IoU@0.5=0.843 IoU@0.7=0.692
       per-class: vehicle P=0.99/R=0.99 | pedestrian P=0.96/R=0.98 | cyclist P=0.93/R=0.86
       box MAE (m): h=0.072, w=0.053, l=0.175, x=1.057, y=0.052, z=2.612, ry=0.635

=== Epoch 192/200 ===
  iter 10/93 | loss=0.6631 | grad_norm=10.655
  iter 20/93 | loss=0.6051 | grad_norm=8.826
  iter 30/93 | loss=0.4315 | grad_norm=7.466
  iter 40/93 | loss=0.5783 | grad_norm=7.179
  iter 50/93 | loss=0.5803 | grad_norm=7.892
  iter 60/93 | loss=0.5319 | grad_norm=6.681
  iter 70/93 | loss=0.7367 | grad_norm=8.998
  iter 80/93 | loss=0.5937 | grad_norm=6.887
  iter 90/93 | loss=0.6164 | grad_norm=7.418
  iter 93/93 | loss=0.5954 | grad_norm=7.085
  epoch_time=80.4s | samples/s=92.6 | lr=6.81e-06 | grad_norm_mean=9.504 | peak_gpu=23186 MB | nan_batches: train=0 val=0
[train] loss=0.5608 (cls=0.0073 reg=0.0151 iou_l=0.1795) | acc=0.997 | mIoU=0.821 IoU@0.5=0.928 IoU@0.7=0.864
       per-class: vehicle P=1.00/R=1.00 | pedestrian P=0.99/R=1.00 | cyclist P=0.94/R=1.00
       box MAE (m): h=0.051, w=0.034, l=0.106, x=0.552, y=0.034, z=1.582, ry=0.548
[val  ] loss=1.0622 (cls=0.1948 reg=0.0217 iou_l=0.2819) | acc=0.987 | mIoU=0.718 IoU@0.5=0.832 IoU@0.7=0.695
       per-class: vehicle P=0.99/R=1.00 | pedestrian P=0.98/R=0.98 | cyclist P=0.92/R=0.79
       box MAE (m): h=0.073, w=0.054, l=0.173, x=1.061, y=0.053, z=2.665, ry=0.630

=== Epoch 193/200 ===
  iter 10/93 | loss=0.6995 | grad_norm=6.357
  iter 20/93 | loss=0.5503 | grad_norm=6.827
  iter 30/93 | loss=0.4941 | grad_norm=11.627
  iter 40/93 | loss=0.5964 | grad_norm=7.354
  iter 50/93 | loss=0.5093 | grad_norm=8.362
  iter 60/93 | loss=0.4989 | grad_norm=7.956
  iter 70/93 | loss=0.5222 | grad_norm=10.385
  iter 80/93 | loss=0.6650 | grad_norm=9.823
  iter 90/93 | loss=0.6024 | grad_norm=11.947
  iter 93/93 | loss=0.5962 | grad_norm=11.903
  epoch_time=80.3s | samples/s=92.7 | lr=5.22e-06 | grad_norm_mean=9.163 | peak_gpu=23186 MB | nan_batches: train=0 val=0
[train] loss=0.5662 (cls=0.0076 reg=0.0152 iou_l=0.1811) | acc=0.998 | mIoU=0.819 IoU@0.5=0.926 IoU@0.7=0.859
       per-class: vehicle P=1.00/R=1.00 | pedestrian P=0.99/R=1.00 | cyclist P=0.94/R=0.99
       box MAE (m): h=0.050, w=0.035, l=0.107, x=0.562, y=0.034, z=1.625, ry=0.546
[val  ] loss=1.0357 (cls=0.1686 reg=0.0212 iou_l=0.2819) | acc=0.989 | mIoU=0.718 IoU@0.5=0.838 IoU@0.7=0.689
       per-class: vehicle P=0.99/R=1.00 | pedestrian P=0.98/R=0.98 | cyclist P=0.93/R=0.86
       box MAE (m): h=0.072, w=0.052, l=0.174, x=1.007, y=0.052, z=2.648, ry=0.672

=== Epoch 194/200 ===
  iter 10/93 | loss=0.5117 | grad_norm=8.464
  iter 20/93 | loss=0.4673 | grad_norm=6.513
  iter 30/93 | loss=0.5721 | grad_norm=10.655
  iter 40/93 | loss=0.6800 | grad_norm=17.165
  iter 50/93 | loss=0.5787 | grad_norm=7.467
  iter 60/93 | loss=0.7497 | grad_norm=7.351
  iter 70/93 | loss=0.4643 | grad_norm=10.014
  iter 80/93 | loss=0.6827 | grad_norm=6.028
  iter 90/93 | loss=0.4293 | grad_norm=7.278
  iter 93/93 | loss=0.4661 | grad_norm=7.417
  epoch_time=80.8s | samples/s=92.2 | lr=3.83e-06 | grad_norm_mean=9.008 | peak_gpu=23186 MB | nan_batches: train=0 val=0
[train] loss=0.5634 (cls=0.0092 reg=0.0152 iou_l=0.1797) | acc=0.997 | mIoU=0.820 IoU@0.5=0.927 IoU@0.7=0.862
       per-class: vehicle P=1.00/R=1.00 | pedestrian P=0.99/R=1.00 | cyclist P=0.94/R=0.99
       box MAE (m): h=0.050, w=0.035, l=0.107, x=0.574, y=0.034, z=1.563, ry=0.546
[val  ] loss=1.0329 (cls=0.1685 reg=0.0218 iou_l=0.2809) | acc=0.985 | mIoU=0.719 IoU@0.5=0.836 IoU@0.7=0.691
       per-class: vehicle P=0.99/R=0.99 | pedestrian P=0.96/R=0.97 | cyclist P=0.88/R=0.88
       box MAE (m): h=0.073, w=0.055, l=0.178, x=1.086, y=0.052, z=2.614, ry=0.644

=== Epoch 195/200 ===
  iter 10/93 | loss=0.6383 | grad_norm=8.193
  iter 20/93 | loss=0.5546 | grad_norm=8.302
  iter 30/93 | loss=0.6619 | grad_norm=7.736
  iter 40/93 | loss=0.4697 | grad_norm=9.707
  iter 50/93 | loss=0.6367 | grad_norm=8.520
  iter 60/93 | loss=0.6668 | grad_norm=5.661
  iter 70/93 | loss=0.6764 | grad_norm=7.203
  iter 80/93 | loss=0.5283 | grad_norm=6.254
  iter 90/93 | loss=0.6006 | grad_norm=9.713
  iter 93/93 | loss=0.5249 | grad_norm=9.469
  epoch_time=80.6s | samples/s=92.4 | lr=2.66e-06 | grad_norm_mean=9.120 | peak_gpu=23186 MB | nan_batches: train=0 val=0
[train] loss=0.5589 (cls=0.0072 reg=0.0153 iou_l=0.1788) | acc=0.997 | mIoU=0.821 IoU@0.5=0.927 IoU@0.7=0.867
       per-class: vehicle P=1.00/R=1.00 | pedestrian P=0.99/R=1.00 | cyclist P=0.94/R=1.00
       box MAE (m): h=0.051, w=0.034, l=0.106, x=0.571, y=0.034, z=1.573, ry=0.551
[val  ] loss=1.0550 (cls=0.1872 reg=0.0214 iou_l=0.2821) | acc=0.986 | mIoU=0.718 IoU@0.5=0.834 IoU@0.7=0.683
       per-class: vehicle P=0.99/R=0.99 | pedestrian P=0.97/R=0.97 | cyclist P=0.90/R=0.86
       box MAE (m): h=0.073, w=0.056, l=0.180, x=1.063, y=0.053, z=2.603, ry=0.633

=== Epoch 196/200 ===
  iter 10/93 | loss=0.5346 | grad_norm=13.346
  iter 20/93 | loss=0.5119 | grad_norm=10.010
  iter 30/93 | loss=0.6013 | grad_norm=10.642
  iter 40/93 | loss=0.4783 | grad_norm=8.771
  iter 50/93 | loss=0.5587 | grad_norm=10.158
  iter 60/93 | loss=0.5402 | grad_norm=7.487
  iter 70/93 | loss=0.6460 | grad_norm=10.036
  iter 80/93 | loss=0.6064 | grad_norm=9.577
  iter 90/93 | loss=0.4550 | grad_norm=6.959
  iter 93/93 | loss=0.7569 | grad_norm=7.718
  epoch_time=80.2s | samples/s=92.8 | lr=1.71e-06 | grad_norm_mean=8.992 | peak_gpu=23186 MB | nan_batches: train=0 val=0
[train] loss=0.5612 (cls=0.0072 reg=0.0151 iou_l=0.1796) | acc=0.997 | mIoU=0.820 IoU@0.5=0.928 IoU@0.7=0.865
       per-class: vehicle P=1.00/R=1.00 | pedestrian P=0.99/R=1.00 | cyclist P=0.94/R=0.99
       box MAE (m): h=0.049, w=0.034, l=0.107, x=0.569, y=0.034, z=1.549, ry=0.549
[val  ] loss=1.0315 (cls=0.1764 reg=0.0215 iou_l=0.2779) | acc=0.987 | mIoU=0.722 IoU@0.5=0.844 IoU@0.7=0.702
       per-class: vehicle P=0.99/R=0.99 | pedestrian P=0.97/R=0.97 | cyclist P=0.90/R=0.84
       box MAE (m): h=0.072, w=0.053, l=0.173, x=1.039, y=0.052, z=2.672, ry=0.674
  ** new best mean IoU on val: 0.7221 -> saved best_object_detection_model_run6_200epochs.pth

=== Epoch 197/200 ===
  iter 10/93 | loss=0.6036 | grad_norm=11.617
  iter 20/93 | loss=0.6390 | grad_norm=11.700
  iter 30/93 | loss=0.4825 | grad_norm=9.973
  iter 40/93 | loss=0.4566 | grad_norm=13.862
  iter 50/93 | loss=0.5936 | grad_norm=11.337
  iter 60/93 | loss=0.5230 | grad_norm=7.240
  iter 70/93 | loss=0.4777 | grad_norm=10.767
  iter 80/93 | loss=0.6038 | grad_norm=13.434
  iter 90/93 | loss=0.5774 | grad_norm=8.628
  iter 93/93 | loss=0.5411 | grad_norm=8.297
  epoch_time=80.7s | samples/s=92.3 | lr=9.59e-07 | grad_norm_mean=9.550 | peak_gpu=23186 MB | nan_batches: train=0 val=0
[train] loss=0.5604 (cls=0.0057 reg=0.0150 iou_l=0.1799) | acc=0.997 | mIoU=0.820 IoU@0.5=0.927 IoU@0.7=0.861
       per-class: vehicle P=1.00/R=1.00 | pedestrian P=0.99/R=1.00 | cyclist P=0.94/R=1.00
       box MAE (m): h=0.050, w=0.034, l=0.106, x=0.571, y=0.034, z=1.588, ry=0.548
[val  ] loss=1.0470 (cls=0.1913 reg=0.0214 iou_l=0.2781) | acc=0.987 | mIoU=0.722 IoU@0.5=0.844 IoU@0.7=0.694
       per-class: vehicle P=0.99/R=0.99 | pedestrian P=0.97/R=0.96 | cyclist P=0.90/R=0.88
       box MAE (m): h=0.073, w=0.053, l=0.177, x=1.064, y=0.053, z=2.565, ry=0.667

=== Epoch 198/200 ===
  iter 10/93 | loss=0.6432 | grad_norm=10.677
  iter 20/93 | loss=0.6666 | grad_norm=8.425
  iter 30/93 | loss=0.4528 | grad_norm=9.700
  iter 40/93 | loss=0.4841 | grad_norm=7.838
  iter 50/93 | loss=0.5284 | grad_norm=8.009
  iter 60/93 | loss=0.5407 | grad_norm=12.897
  iter 70/93 | loss=0.5933 | grad_norm=7.410
  iter 80/93 | loss=0.5668 | grad_norm=8.958
  iter 90/93 | loss=0.6722 | grad_norm=12.064
  iter 93/93 | loss=0.5027 | grad_norm=9.009
  epoch_time=80.5s | samples/s=92.5 | lr=4.26e-07 | grad_norm_mean=8.879 | peak_gpu=23186 MB | nan_batches: train=0 val=0
[train] loss=0.5571 (cls=0.0092 reg=0.0151 iou_l=0.1776) | acc=0.997 | mIoU=0.822 IoU@0.5=0.930 IoU@0.7=0.869
       per-class: vehicle P=1.00/R=1.00 | pedestrian P=0.99/R=0.99 | cyclist P=0.95/R=1.00
       box MAE (m): h=0.050, w=0.034, l=0.106, x=0.566, y=0.034, z=1.557, ry=0.551
[val  ] loss=1.0077 (cls=0.1538 reg=0.0215 iou_l=0.2775) | acc=0.988 | mIoU=0.723 IoU@0.5=0.839 IoU@0.7=0.705
       per-class: vehicle P=0.99/R=0.99 | pedestrian P=0.97/R=0.97 | cyclist P=0.95/R=0.88
       box MAE (m): h=0.071, w=0.052, l=0.171, x=1.058, y=0.051, z=2.490, ry=0.653
  ** new best mean IoU on val: 0.7225 -> saved best_object_detection_model_run6_200epochs.pth

=== Epoch 199/200 ===
  iter 10/93 | loss=0.5949 | grad_norm=8.952
  iter 20/93 | loss=0.5760 | grad_norm=8.470
  iter 30/93 | loss=0.5891 | grad_norm=13.214
  iter 40/93 | loss=0.5081 | grad_norm=7.781
  iter 50/93 | loss=0.4871 | grad_norm=8.493
  iter 60/93 | loss=0.5435 | grad_norm=7.600
  iter 70/93 | loss=0.7080 | grad_norm=9.019
  iter 80/93 | loss=0.5941 | grad_norm=9.297
  iter 90/93 | loss=0.4804 | grad_norm=10.860
  iter 93/93 | loss=0.6311 | grad_norm=6.864
  epoch_time=81.1s | samples/s=91.8 | lr=1.07e-07 | grad_norm_mean=9.219 | peak_gpu=23186 MB | nan_batches: train=0 val=0
[train] loss=0.5660 (cls=0.0077 reg=0.0152 iou_l=0.1810) | acc=0.997 | mIoU=0.819 IoU@0.5=0.926 IoU@0.7=0.857
       per-class: vehicle P=1.00/R=1.00 | pedestrian P=0.99/R=1.00 | cyclist P=0.95/R=0.99
       box MAE (m): h=0.050, w=0.034, l=0.107, x=0.589, y=0.034, z=1.582, ry=0.549
[val  ] loss=0.9801 (cls=0.1148 reg=0.0214 iou_l=0.2813) | acc=0.990 | mIoU=0.719 IoU@0.5=0.831 IoU@0.7=0.697
       per-class: vehicle P=0.99/R=1.00 | pedestrian P=0.98/R=0.97 | cyclist P=0.90/R=0.88
       box MAE (m): h=0.071, w=0.050, l=0.164, x=1.060, y=0.052, z=2.740, ry=0.651

=== Epoch 200/200 ===
  iter 10/93 | loss=0.6808 | grad_norm=10.393
  iter 20/93 | loss=0.4818 | grad_norm=10.040
  iter 30/93 | loss=0.6828 | grad_norm=6.614
  iter 40/93 | loss=0.4862 | grad_norm=7.699
  iter 50/93 | loss=0.5774 | grad_norm=12.535
  iter 60/93 | loss=0.6670 | grad_norm=9.448
  iter 70/93 | loss=0.6287 | grad_norm=7.751
  iter 80/93 | loss=0.6905 | grad_norm=7.576
  iter 90/93 | loss=0.4374 | grad_norm=9.977
  iter 93/93 | loss=0.5406 | grad_norm=7.592
  epoch_time=80.7s | samples/s=92.3 | lr=0.00e+00 | grad_norm_mean=8.662 | peak_gpu=23186 MB | nan_batches: train=0 val=0
[train] loss=0.5557 (cls=0.0072 reg=0.0151 iou_l=0.1778) | acc=0.997 | mIoU=0.822 IoU@0.5=0.930 IoU@0.7=0.866
       per-class: vehicle P=1.00/R=1.00 | pedestrian P=0.99/R=1.00 | cyclist P=0.93/R=1.00
       box MAE (m): h=0.050, w=0.034, l=0.105, x=0.554, y=0.034, z=1.553, ry=0.556
[val  ] loss=1.0552 (cls=0.1885 reg=0.0215 iou_l=0.2818) | acc=0.987 | mIoU=0.718 IoU@0.5=0.831 IoU@0.7=0.685
       per-class: vehicle P=0.99/R=0.99 | pedestrian P=0.96/R=0.97 | cyclist P=0.88/R=0.88
       box MAE (m): h=0.074, w=0.054, l=0.177, x=1.035, y=0.050, z=2.660, ry=0.648

Training complete. Best val mean IoU: 0.7225
Per-epoch metrics: outputs_run6_200epochs/metrics.csv
