epoch,lr,epoch_seconds,samples_per_sec,grad_norm_mean,nan_batches,peak_gpu_mb,train_loss,train_cls_loss,train_reg_loss,train_iou_loss,train_acc,train_mean_iou,train_iou_hit_0.5,train_iou_hit_0.7,train_precision_vehicle,train_recall_vehicle,train_precision_pedestrian,train_recall_pedestrian,train_precision_cyclist,train_recall_cyclist,train_box_mae_h,train_box_mae_w,train_box_mae_l,train_box_mae_x,train_box_mae_y,train_box_mae_z,train_box_mae_ry,val_loss,val_cls_loss,val_reg_loss,val_iou_loss,val_acc,val_mean_iou,val_iou_hit_0.5,val_iou_hit_0.7,val_precision_vehicle,val_recall_vehicle,val_precision_pedestrian,val_recall_pedestrian,val_precision_cyclist,val_recall_cyclist,val_box_mae_h,val_box_mae_w,val_box_mae_l,val_box_mae_x,val_box_mae_y,val_box_mae_z,val_box_mae_ry
1,0.00020300000000000003,101.26869007898495,73.55679227400019,2.3964564338807137,0,9971.41748046875,1.6368459950211227,0.713539982034314,0.07914585291698414,0.8441601626334652,0.8464381720430108,0.15583983781722122,0.050739247311827954,0.0023521505376344087,0.8674656327106098,0.97023457520205,0.9344262295081968,0.15426251691474965,0.01282051282051282,0.014285714285714285,0.726865469127573,0.39895199880164156,1.3502007287035707,4.805947111498925,0.5466017841651876,14.075043862865817,1.7489865992658882,1.4867188783988368,0.6314214714861903,0.06733745766546062,0.7879599472961987,0.9011356045424181,0.21204005453534022,0.0447561790247161,0.0026720106880427524,0.8967468175388967,0.9984251968503937,0.9759036144578314,0.44021739130434784,0.0,0.0,0.5572636597301455,0.28363400486683,1.2711556778005066,4.012655121848515,0.21813845013329883,11.697955725904935,1.5326570219092155
2,0.000266,70.48413388989866,105.68335863551759,2.831715968347365,0,9971.41748046875,1.4143727415351457,0.5628302670935149,0.06875014333154565,0.7827923291472978,0.9117943548387096,0.21720767197429494,0.0769489247311828,0.004200268817204301,0.912452419793366,0.9919211822660099,0.903448275862069,0.5332428765264586,0.0,0.0,0.5838974784779293,0.24231994104000829,1.0644518226705573,4.203642288843791,0.2088294900873656,12.559679523591072,1.5125818444836525,1.3882723079176846,0.5519934085582843,0.06654919842202105,0.7697297125636695,0.9078156312625251,0.23027028445012585,0.09886439545758183,0.008016032064128256,0.9083694083694084,0.9913385826771653,0.9009009009009009,0.5434782608695652,0.0,0.0,0.5224385309314918,0.24333422360773793,1.189106907459124,4.038157048349629,0.19937509557128988,11.62419386298639,1.6916300404764608
3,0.00032900000000000003,70.51345328101888,105.63941564900146,2.838381354526807,0,9971.41748046875,1.381104451353832,0.5318390579633815,0.06812975599720913,0.7811356404776214,0.9106182795698925,0.21886435968260612,0.08064516129032258,0.003528225806451613,0.9188790560471977,0.9824561403508771,0.8257575757575758,0.5899864682002707,0.0,0.0,0.6123492547901728,0.24278546725550004,1.0663486302539866,4.1940170052231,0.20851866211942446,12.51495966347315,1.587887151907849,1.3826595821138534,0.5311293467013296,0.06577906835732177,0.7857511789701586,0.9138276553106213,0.21424882095020933,0.05143620574482298,0.004008016032064128,0.911913357400722,0.9944881889763779,0.9363636363636364,0.5597826086956522,1.0,0.046511627906976744,0.6843173034046202,0.30426718827160343,1.114474243694094,3.920216129076186,0.1884693159767207,11.562816673385834,1.5504390076947514
4,0.00039200000000000004,70.4058682929026,105.80083991025661,2.887613666954861,0,9971.41748046875,1.3679873943328857,0.5249306066061861,0.06731869728975398,0.7757380880335326,0.9134744623655914,0.22426191244715005,0.0823252688172043,0.004368279569892473,0.9224361347649019,0.981871921182266,0.8244972577696527,0.6111111111111112,1.0,0.02158273381294964,0.6175796136420261,0.2435500120283455,1.0745932972559364,4.08390841432797,0.20026546692655933,12.262578636087397,1.5837116536273752,1.3820469325275204,0.5430280819246589,0.06518216028998673,0.7738366979077886,0.895123580494322,0.22616330607381754,0.08149632598530394,0.0033400133600534404,0.9240698557327259,0.9582677165354331,0.6779661016949152,0.6521739130434783,1.0,0.06976744186046512,0.4235002846421603,0.263149671739312,1.2415709129236663,4.024060373554726,0.19245212015981425,11.080374820278578,1.777261666480748
5,0.0004550000000000001,70.40710632898845,105.79897951200206,2.86271563524841,0,9971.41748046875,1.3556348790404618,0.5160249583823706,0.06683089752351085,0.7727790269800412,0.913138440860215,0.2272209749426893,0.09055779569892473,0.006048387096774193,0.9219385867554569,0.9818754925137904,0.8265682656826568,0.6070460704607046,0.75,0.021739130434782608,0.6132352230369403,0.2262836814888062,1.0492043097813923,4.083095840228501,0.20119984015341727,12.024050020402477,1.5938914116992746,1.335542928877877,0.5128943686017053,0.06372515111166235,0.7589234173815491,0.9064796259185037,0.24107657421726184,0.09819639278557114,0.004676018704074816,0.9199406968124537,0.9771653543307086,0.7762237762237763,0.6032608695652174,1.0,0.11627906976744186,0.5580061228974469,0.21283245691874064,1.0132269633158733,3.807150800624687,0.19886893436123548,10.590796399928763,1.4401288156757852
6,0.0005180000000000001,70.29066517809406,105.9742425416891,2.796513124178815,0,9971.41748046875,1.3424481973853162,0.5038428042204149,0.06616623767761774,0.7724391523227897,0.9156586021505376,0.22756084767721033,0.08282930107526881,0.0045362903225806455,0.9232050333086602,0.9832479306267244,0.8465804066543438,0.6205962059620597,0.42857142857142855,0.02142857142857143,0.6371284588690727,0.22512790144130748,1.1067840905599697,4.063136954461375,0.19898603920654584,11.927643601612377,1.5776785971016012,1.3254480500498371,0.5025852635532677,0.06388358989545084,0.7589792028696599,0.9151636606546426,0.24102079255149295,0.10821643286573146,0.005344021376085505,0.9192956713132795,0.9866141732283464,0.8682170542635659,0.6086956521739131,1.0,0.11627906976744186,0.5238023629249058,0.24712721379343158,1.0037594338457188,3.9185202069177416,0.18542813458439503,10.311658758597925,1.4863124304639552
7,0.0005810000000000001,70.27874024200719,105.9922243106396,2.840814046962287,0,9971.41748046875,1.3277222571834442,0.4962350666843435,0.0659497685490116,0.7655374189858796,0.9168346774193549,0.23446257973230014,0.09811827956989247,0.00571236559139785,0.9241302738712065,0.9846214511041009,0.8515769944341373,0.6202702702702703,0.4444444444444444,0.02857142857142857,0.6261613170305887,0.2209020272217771,1.0413366331849048,4.071274083147767,0.19858025302810053,11.615516160124091,1.606834546212227,1.3160168167425141,0.49614689544430557,0.06530605037569123,0.7545638679263587,0.9071476285905143,0.24543613326812316,0.10955243820975284,0.0006680026720106881,0.9255079006772009,0.968503937007874,0.7625,0.6630434782608695,0.75,0.13953488372093023,0.659702575596954,0.24478884418566543,1.1449377280358242,3.910701774643036,0.1777886853826468,11.203873404360804,1.6271272861885882
8,0.0006440000000000001,70.2564562089974,106.02584306047082,2.6980697672854186,0,9971.41748046875,1.3128973130256898,0.48158828417460126,0.06573679706742687,0.7655722261756979,0.9171706989247311,0.23442777446521226,0.0811491935483871,0.003528225806451613,0.9260909935004642,0.9826600985221675,0.8447653429602888,0.6350067842605156,0.3076923076923077,0.02857142857142857,0.6446416611953448,0.23163420378520924,1.083263607435329,4.136245396829421,0.19321384256885898,11.430970622647193,1.628866046987554,1.3274046516291045,0.49665351563401433,0.06517430159973159,0.7655768355848634,0.9191716766867067,0.23442315832327904,0.1229124916499666,0.008016032064128256,0.9240412979351033,0.9866141732283464,0.8676470588235294,0.6413043478260869,1.0,0.11627906976744186,0.5277981684856122,0.217632153070841,1.0281647966954417,4.182536194622317,0.17792757750353816,12.208146456487194,1.6805640623899165
9,0.0007070000000000002,70.41347112692893,105.78941615550046,2.8863483321282173,0,9971.41748046875,1.298563754045835,0.46945234219874105,0.06540008786545005,0.7637113230202788,0.9144825268817204,0.23628867794108646,0.09879032258064516,0.005376344086021506,0.926961058319359,0.9801024428684003,0.8309090909090909,0.6200814111261872,0.3142857142857143,0.07913669064748201,0.6026051749465287,0.22201223238821952,1.0511807671157263,3.994231072805261,0.19333822784885282,11.523809145855648,1.5560054932871172,1.3330882419007735,0.5188080980209168,0.06344616979002236,0.750833975806902,0.9104876419505677,0.24916602295880008,0.11155644622578491,0.0026720106880427524,0.9246268656716418,0.9755905511811024,0.7870967741935484,0.6630434782608695,1.0,0.046511627906976744,0.6081034272371647,0.23769497696208253,1.0267615130366528,3.916646051502419,0.1896740327935738,10.222601371362517,1.638920403673558
10,0.0007700000000000003,70.33646404603496,105.90523849940276,2.8456204680986303,0,9971.41748046875,1.298389700151259,0.4728398169240644,0.0648223799002427,0.7607275048891703,0.9176747311827957,0.23927249783469784,0.11609543010752688,0.008736559139784945,0.9298147108366086,0.9787234042553191,0.833904109589041,0.6616847826086957,0.28,0.05,0.5367102876145352,0.21609281067566205,1.0506796535625254,4.016295725299466,0.19054918744230784,11.560595625190325,1.5627363715120541,1.2840872999024375,0.46678259041043385,0.06361226008616452,0.753692455465346,0.9225116900467601,0.24630754919313316,0.08216432865731463,0.0013360053440213762,0.9217836257309941,0.9929133858267717,0.9262295081967213,0.6141304347826086,1.0,0.16279069767441862,0.7619281073132593,0.2140316039463163,1.02887022391748,4.118357962262415,0.19252194893224764,9.725128316528892,1.6680541513120641
11,0.0008330000000000003,70.23880336398724,106.05249012284914,6.284715485829179,0,9971.41748046875,2.780243727468675,0.43801164130369824,0.06467924427281144,0.759184282313111,0.9247311827956989,0.24081571800734408,0.10853494623655914,0.00655241935483871,0.9327856609410008,0.9840456962773292,0.8761061946902655,0.6716417910447762,0.41935483870967744,0.09420289855072464,0.6140705715584499,0.215135288655117,1.0429584358328132,4.04815024457952,0.18694830982274907,11.344059585243143,1.544852800266717,2.8000362933916336,0.4221151621642715,0.0666811617816697,0.7704133216587798,0.9265197060788243,0.22958667643004924,0.04208416833667335,0.0006680026720106881,0.9323420074349442,0.9874015748031496,0.952755905511811,0.657608695652174,0.48,0.27906976744186046,1.0088376801413699,0.23108935149096616,1.0073361113299188,4.03066962069484,0.19050985411476437,10.792069551701058,1.531004111290615
12,0.0008960000000000003,70.25667355605401,106.02551505739658,6.152464710256105,0,9971.41748046875,2.7389415412820797,0.4190986340725294,0.06419273634110728,0.7518833939747144,0.9210349462365591,0.2481166052241479,0.11508736559139784,0.00823252688172043,0.9333333333333333,0.9795033504138747,0.8761061946902655,0.6698240866035182,0.27419354838709675,0.1223021582733813,0.5993150578391168,0.20741046692735404,1.0398420723535682,4.026223769751928,0.1852675453629545,11.045252717951293,1.5563225938427834,2.721170569230655,0.4386619105487166,0.0633127653278266,0.7397319519607402,0.9191716766867067,0.26026804827815625,0.13226452905811623,0.004676018704074816,0.9242089771891097,0.988976377952756,0.9316239316239316,0.592391304347826,0.5238095238095238,0.2558139534883721,0.6315370966134743,0.2317479830546306,1.0086013218045793,3.8089419245799543,0.18413326082503548,9.506618216902556,1.4804114327083528
13,0.0009590000000000003,70.48884990997612,105.67628794502093,6.7123879822351595,0,9971.41748046875,2.7170778269408853,0.41261410993593994,0.06431190757661738,0.7467172697026242,0.9217069892473119,0.25328273061783085,0.125,0.009408602150537635,0.9373224768036357,0.9757539917208752,0.8474295190713101,0.6905405405405406,0.36764705882352944,0.17985611510791366,0.5832651129332922,0.2111032364829894,1.0374124037322177,3.938195013230847,0.19015865989269748,10.743667243629373,1.5190192653286843,2.7135270888915284,0.4167963197889054,0.06384644406781088,0.7442947854658087,0.9298597194388778,0.2557052174009477,0.1462925851703407,0.009352037408149633,0.9357249626307922,0.9858267716535433,0.88,0.717391304347826,0.8888888888888888,0.18604651162790697,0.45843313277046444,0.2477145344715717,1.0939855480002976,4.029618593877207,0.17089905576381034,10.771355128877547,1.5478318519566803
14,0.0010220000000000003,70.40208050003275,105.80653223730418,6.5545875154515745,0,9971.41748046875,2.696600147472915,0.4037403989863652,0.06342304830429374,0.743145566473725,0.9230510752688172,0.25685443096263433,0.14331317204301075,0.012600806451612902,0.9393594845556187,0.976363994484932,0.8402662229617305,0.686141304347826,0.43243243243243246,0.2302158273381295,0.48278051646806863,0.20956876281128134,1.0222333618389663,3.989538123530726,0.1835978672068606,10.71872543006815,1.5163376497965988,2.689342499097825,0.3916060085605603,0.06370373477608104,0.7446775949630406,0.9131596526386105,0.2553224018914905,0.14896459585838343,0.006012024048096192,0.9468334636434714,0.9535433070866142,0.7486631016042781,0.7608695652173914,0.5161290322580645,0.37209302325581395,0.5051158441251807,0.20290811745102755,0.9594745699692028,3.781440994782534,0.17319824843702908,11.185822369021897,1.5068062022278608
15,0.0010850000000000005,70.3012661129469,105.95826237371517,6.43657592035109,0,9971.41748046875,2.67328651233386,0.3866909820866841,0.06333348551584829,0.7410873539986149,0.920866935483871,0.2589126450400199,0.14196908602150538,0.01243279569892473,0.9391056137012369,0.9726054394954671,0.84,0.6820027063599459,0.4329896907216495,0.302158273381295,0.49811721072402054,0.20662733760251795,1.0300865827068206,3.9122361829203944,0.1818510196221772,10.865773918808147,1.5225214868463495,2.717685666972984,0.39600432185865514,0.06390358849553641,0.7525925859261451,0.9331997327989312,0.24740741407385491,0.15430861723446893,0.026052104208416832,0.9288856304985337,0.9976377952755906,0.9758064516129032,0.657608695652174,1.0,0.20930232558139536,0.47644716465401504,0.20580952917645595,0.925529081182792,3.777144137110484,0.1698671033880913,11.851455229795528,1.5369361668486714
16,0.0011480000000000006,70.39507840294391,105.81705666071798,6.023673239574637,0,9971.41748046875,2.649420069110009,0.3705602937167691,0.06312123950450652,0.7385795084379052,0.9264112903225806,0.2614204917223223,0.15272177419354838,0.017641129032258066,0.9446459247948081,0.9747882607839276,0.8720538720538721,0.7028493894165536,0.3949579831932773,0.34057971014492755,0.4841257195959809,0.2056062702209719,0.9978835332778192,3.9588661911667034,0.18123122088370786,10.838754120693412,1.5229738873820151,2.6611769333153306,0.41936289875923033,0.062043531116598355,0.7265901522550411,0.9291917167668671,0.27340984631158066,0.15364061456245826,0.012692050768203072,0.933184855233853,0.989763779527559,0.9014084507042254,0.6956521739130435,0.75,0.13953488372093023,0.3926682246073772,0.2111066192010282,1.0633245454124394,3.9389762496183773,0.16527216850158447,9.855279019138537,1.359062786013107
17,0.0012110000000000007,70.42897377093323,105.7661300621461,6.295342999119913,0,9971.41748046875,2.64128182523994,0.3773250262583456,0.06288029485812752,0.733692164703082,0.918010752688172,0.2663078357776006,0.15826612903225806,0.015961021505376344,0.9416954353663214,0.9672970843183609,0.8368678629690048,0.6970108695652174,0.328,0.29285714285714287,0.45255546544187814,0.20988534182630558,1.014435649559062,3.9449040351375455,0.18347930459566014,10.589671442585606,1.5042067612371137,2.579355343389925,0.3870289256036003,0.061684730595242765,0.7102138944363388,0.9104876419505677,0.28978610213948,0.21910487641950568,0.05076820307281229,0.949685534591195,0.9511811023622048,0.8516129032258064,0.717391304347826,0.32857142857142857,0.5348837209302325,0.314927282377968,0.2057577504582937,1.047628484253256,3.876012151051778,0.16429079510644826,9.331613381385166,1.4279820576618731
18,0.0012740000000000008,70.27224737498909,106.00201755680872,5.797562394090878,0,9971.41748046875,2.6225767007438083,0.37162063615296476,0.06230641140412259,0.7295498860779629,0.9243951612903226,0.27045011424249216,0.1693548387096774,0.021001344086021504,0.9472569778633301,0.9694641449960599,0.8136363636363636,0.7276422764227642,0.4536082474226804,0.3188405797101449,0.4187339520262134,0.20101990903257042,0.9973552502611632,3.922167390905401,0.1770966556123508,10.511430258392005,1.5115045065520911,2.572598251885546,0.36344495875563076,0.060935845485351525,0.7160725026586172,0.9345357381429525,0.2839274938375693,0.18102872411489646,0.03006012024048096,0.9394166043380703,0.988976377952756,0.9285714285714286,0.7065217391304348,0.65,0.3023255813953488,0.4161969072116401,0.20061002354185503,1.0695267462618923,3.9473376073435933,0.19752451667964022,9.311976125101767,1.3599069629737992
19,0.001337000000000001,70.17430471198168,106.1499651556668,5.903524229603429,0,9971.41748046875,2.5561874092266126,0.3372358360918619,0.06185297351530803,0.7190328701849906,0.9274193548387096,0.2809671302956919,0.18834005376344087,0.027385752688172043,0.949430611850994,0.9692610837438423,0.8384146341463414,0.7452574525745257,0.4434782608695652,0.3669064748201439,0.41647365272686043,0.19906812569787424,1.0060798891129032,3.90490545252318,0.17618704779494193,10.201357851746263,1.4602451914100236,2.5301919749520505,0.34700592856607837,0.0606750378418781,0.7075036764941218,0.9205076820307281,0.29249632828380556,0.20240480961923848,0.02338009352037408,0.9411764705882353,0.9700787401574803,0.8445945945945946,0.6793478260869565,0.525,0.4883720930232558,0.4455701283956259,0.21165942381283565,1.0200129619183027,3.7758061186663694,0.18023646538784763,9.332049352611472,1.3465743921722024
20,0.0014,70.23829101701267,106.05326371331772,6.307694163373721,0,9971.41748046875,2.510900697400493,0.31179094715144046,0.06056492595422652,0.7128482787839828,0.9299395161290323,0.2871517208955621,0.20194892473118278,0.026713709677419355,0.9564538176137474,0.9655036467573428,0.8282828282828283,0.7756756756756756,0.45652173913043476,0.45323741007194246,0.39623370430161875,0.19550829693194358,0.9554558293793791,3.8471374024627027,0.1777665219319764,9.921895083560738,1.4182184242433118,2.6084049862866094,0.4301017842335787,0.05823366554253644,0.7066898512776565,0.8623914495657983,0.29331014884179163,0.2010688042752171,0.024716098864395457,0.9612068965517241,0.8779527559055118,0.5767790262172284,0.8369565217391305,0.3142857142857143,0.5116279069767442,0.3320180807578699,0.21705656045265173,0.9685353844183321,3.779557900183505,0.1692426980298284,9.035158879771261,1.4761960189503356
21,0.001399893386609474,81.30277360393666,91.6204905417805,6.578518534219393,0,23385.861328125,2.5151417357947237,0.322791981600946,0.060389164514759536,0.7106535293722666,0.9304435483870968,0.28934647014705084,0.20362903225806453,0.02721774193548387,0.9574052364204767,0.9653270291568163,0.8192090395480226,0.7880434782608695,0.4603174603174603,0.4142857142857143,0.37198928815703236,0.19011713275986333,0.9700013636260905,3.817718885278189,0.17337295437051403,10.004745975617439,1.478860168687759,2.548003590736058,0.37331569521285407,0.05933743433338766,0.7051168298753167,0.9071476285905143,0.29488316136514975,0.22044088176352705,0.035404141616566465,0.9619124797406807,0.9346456692913386,0.7727272727272727,0.8315217391304348,0.27692307692307694,0.4186046511627907,0.384051488890358,0.1899960541135881,1.089824136289343,3.7115066671021077,0.16341776360490756,9.699324797055048,1.3647833233605884
22,0.0013995735789133672,79.70178100001067,93.46089769310177,6.568241116821125,0,23185.58251953125,2.4242069849403958,0.27733507844549354,0.05910239276546304,0.6959231681721185,0.9327956989247311,0.30407682990515106,0.24092741935483872,0.03763440860215054,0.9642151047844998,0.9615536277602523,0.8255494505494505,0.8121621621621622,0.4457831325301205,0.5285714285714286,0.37425946388193354,0.19083204296647863,0.924359977886241,3.7275509295925016,0.1689960067310641,9.654599440995083,1.392873546128632,2.4420129349809847,0.331162458550715,0.0590856208745328,0.6839216189457722,0.9432197728790915,0.31607838224870966,0.24315297261189045,0.050100200400801605,0.9501510574018127,0.9905511811023622,0.9424460431654677,0.7119565217391305,0.6764705882352942,0.5348837209302325,0.3757248555491109,0.20369021480053207,0.9387217249644145,3.676662468002411,0.16475539360352173,8.721388343500152,1.4429277663399716
23,0.0013990406743282016,79.71744273195509,93.44253584559651,6.76902332357181,0,23185.58251953125,2.40570399069017,0.26968454729805713,0.058721736754461004,0.6924325714829147,0.9391801075268817,0.3075674291579954,0.2427755376344086,0.039146505376344086,0.9643137254901961,0.9688731284475965,0.8457223001402524,0.8170731707317073,0.49640287769784175,0.5,0.3709159639253411,0.19003186559164395,0.9115405646703576,3.745975737930626,0.17005695963418613,9.54576854295628,1.373959550934453,2.3663818274009363,0.264562902704588,0.05639913448480343,0.68180659339678,0.9365397461589846,0.31819340190492473,0.2571810287241149,0.05410821643286573,0.9696969696969697,0.9574803149606299,0.8186528497409327,0.8586956521739131,0.56,0.6511627906976745,0.28607783957808197,0.1923713862457989,0.888055686721343,3.7704820040471567,0.16613331251966212,8.685311214877672,1.4466263153748904
24,0.0013982948351818768,79.78612078400329,93.36210266652651,7.093788395645798,0,23185.58251953125,2.3636733537079184,0.24345487067776342,0.0576654509591159,0.6875176756612716,0.9391801075268817,0.3124823249796385,0.2572244623655914,0.05090725806451613,0.9699622040978715,0.9611669623496945,0.832010582010582,0.851150202976996,0.5029585798816568,0.6071428571428571,0.3530567886047466,0.19039811346159186,0.9066881229800563,3.7126054763793945,0.16827844211491205,9.496473327759773,1.3490869441340048,2.3771435430866923,0.2683368678401929,0.05698846177799589,0.6839394032676457,0.9525718102872411,0.31606060389924545,0.24782899131596525,0.052772211088844355,0.9623944742900997,0.9874015748031496,0.9415584415584416,0.7880434782608695,0.675,0.627906976744186,0.3284448236326576,0.2016398505361859,0.9320894749704487,3.752301172168556,0.17080055337471411,8.793333014091333,1.3066402121870695
25,0.0013973362886642218,79.92207931901794,93.20328078886038,6.720783830970846,0,23185.58251953125,2.3104084999330583,0.2274566584176594,0.056589786884605246,0.6754540153729018,0.9442204301075269,0.32454598494755327,0.2750336021505376,0.06384408602150538,0.9743385717127512,0.9649330181245075,0.8563685636856369,0.8586956521739131,0.48128342245989303,0.6428571428571429,0.32348836509771245,0.18284282136347987,0.8751862510558097,3.6648508271863385,0.1659070493713502,9.21592519616568,1.3124506505586768,2.3414551969679818,0.26850024718758897,0.05424604195860042,0.6729029707695217,0.9505678022712091,0.3270970295490069,0.2758851035404142,0.05945223780895124,0.9615680245964643,0.9850393700787402,0.9259259259259259,0.8152173913043478,0.6470588235294118,0.5116279069767442,0.3228820419821169,0.18769542201009684,0.8343941733768644,3.5738365310944156,0.15876432220061462,8.64096864383063,1.2040512681246283
26,0.0013961653267577912,79.94336067605764,93.17846956902967,6.237017408494027,0,23185.58251953125,2.2923950854168145,0.21665803244918264,0.05575350411636855,0.673327854884568,0.9475806451612904,0.3266721422313362,0.2830981182795699,0.06602822580645161,0.9765080629106112,0.9663120567375887,0.8511749347258486,0.8846675712347354,0.50920245398773,0.5971223021582733,0.33504221163770204,0.17899869254199408,0.8154266066448663,3.5943321848428376,0.16291985268233924,9.180606770259077,1.3497520140422288,2.305889321711355,0.23981926621559388,0.05524316213592021,0.6702756368882989,0.927187708750835,0.3297243634302296,0.269873079492318,0.06479625918503674,0.9724696356275304,0.9456692913385827,0.7740384615384616,0.875,0.48148148148148145,0.6046511627906976,0.426606663084062,0.1878550267649557,0.7886371230314633,3.5929822647818423,0.15220025418675892,8.718970941557595,1.3170674565480245
27,0.0013947823061489252,79.86577262799256,93.2689906437988,6.750597020631195,0,23185.58251953125,2.268296818579397,0.2213753543553814,0.054468005575159545,0.6641511532568163,0.9484206989247311,0.3358488448204533,0.30023521505376344,0.08064516129032258,0.9744503862150921,0.9694581280788177,0.8582995951417004,0.8629579375848032,0.5493827160493827,0.6357142857142857,0.31949849138336794,0.17519092431632421,0.8294539089484881,3.5634146659604964,0.16403502674512965,9.041637830836798,1.2633157462202094,2.218404254199826,0.21156629570122154,0.052596407694245624,0.6514138324943956,0.9438877755511023,0.34858616846118995,0.3246492985971944,0.09953239812959253,0.9715189873417721,0.9669291338582677,0.9117647058823529,0.842391304347826,0.47619047619047616,0.6976744186046512,0.2853140034672413,0.1862293248504659,0.8571485909288059,3.4603261903037845,0.1494295979310611,8.257495816421255,1.194072185712571
28,0.0013931876481190991,80.01037582103163,93.10042508314211,6.247497371447984,0,23185.58251953125,2.2207812814302343,0.19157110791533224,0.0536879168082309,0.6585074118388596,0.9539650537634409,0.3414925891225056,0.3133400537634409,0.08333333333333333,0.9793117167296599,0.9706230283911672,0.8753315649867374,0.8918918918918919,0.5555555555555556,0.6785714285714286,0.3086732999291471,0.16860047191061,0.7742155533964916,3.504142738157703,0.15768392832689387,8.881500259522468,1.2412930323231606,2.2861350324843515,0.2444303867593159,0.0523761461352657,0.6631094877450723,0.9331997327989312,0.336890511777135,0.2859051436205745,0.07548430193720775,0.9803921568627451,0.9448818897637795,0.7276595744680852,0.9293478260869565,0.6842105263157895,0.6046511627906976,0.3213476478535888,0.17270914968364462,0.7632951105763773,3.513543388249481,0.1458318505831854,8.10871595689752,1.2637227452748923
29,0.0013913818384165963,79.9230856129434,93.20210728692948,6.733697050361223,0,23185.58251953125,2.1773490649397655,0.1740710049547175,0.053158529823826205,0.6500398394882038,0.9556451612903226,0.349960159870886,0.32241263440860213,0.08786962365591398,0.9818580542264753,0.9696790706832054,0.8651102464332037,0.90625,0.5818181818181818,0.7007299270072993,0.3002032962858036,0.15514915805029614,0.7500888243798287,3.465435238294704,0.15566371685715133,8.645040158302553,1.2516285488682408,2.1826699730867376,0.18334511146397295,0.05132189724761085,0.6493343179354926,0.9592518370073481,0.35066567664952303,0.3346693386773547,0.08817635270541083,0.9734996102883866,0.9834645669291339,0.9329268292682927,0.8315217391304348,0.68,0.7906976744186046,0.309577921190179,0.17002399555427994,0.7722758839109697,3.435092072369022,0.1540465123986274,8.826821785253449,1.1483916675717973
30,0.0013893654271085454,79.9029008509824,93.22565164301434,7.269846898253246,0,23185.58251953125,2.1414385111101213,0.1556764875128064,0.052361440554421435,0.6444668641654394,0.9581653225806451,0.35553313679592585,0.3346774193548387,0.09660618279569892,0.981698826337776,0.9729889589905363,0.8821192052980132,0.9,0.6,0.7285714285714285,0.3105566679470001,0.1552585915371936,0.7400484588197482,3.4418238773140857,0.15551903411265341,8.525950734333325,1.2265044111077503,2.2381172708933086,0.2748392078983202,0.05119400161630166,0.6373613541653416,0.948563794255177,0.3626386487014149,0.34335337341349365,0.11957247828991316,0.9635941130906274,0.9795275590551181,0.8611111111111112,0.842391304347826,0.8076923076923077,0.4883720930232558,0.3061482102057101,0.1657186182005531,0.8199968637429481,3.376406586162233,0.14546937917022604,8.03999693519526,1.1299003494048645
31,0.0013871390284133644,80.13697229896206,92.95334957515583,6.682364222823932,0,23185.58251953125,2.135038948828174,0.15761180632617525,0.05068644164230234,0.6422468962207917,0.9605174731182796,0.35775310281784306,0.3400537634408602,0.10534274193548387,0.9828957836117741,0.9741770155726395,0.8828947368421053,0.9079837618403248,0.6341463414634146,0.7428571428571429,0.3035012834495114,0.15196088733532095,0.73003936582996,3.3864440379604215,0.14964958881178209,8.586261897958735,1.1705221713230174,2.118226117265965,0.17157921480710456,0.049062235438891384,0.6325282122822865,0.9492317969271877,0.36747179114189477,0.36138944555778224,0.11756847027388109,0.9830645161290322,0.9598425196850394,0.8442211055276382,0.9130434782608695,0.5862068965517241,0.7906976744186046,0.28448898758821356,0.16693919837355375,0.8123326158236884,3.386113112659238,0.1553842930612201,7.609367773225488,1.0825855201614165
32,0.0013847033205136635,79.74772691808175,93.40705105804133,6.85278998139084,0,23185.58251953125,2.0723520645531277,0.1441045679973178,0.04981250039512111,0.6261449949715727,0.9632056451612904,0.3738550066307027,0.36105510752688175,0.12432795698924731,0.9862467610125573,0.974591294071302,0.8878748370273793,0.9227642276422764,0.6190476190476191,0.7591240875912408,0.26249302234700933,0.14448017274500222,0.7020918313534029,3.278333330667147,0.14936640474104113,8.193393286838326,1.1448136106614144,2.2208942729947405,0.2772385936700748,0.05016183630677168,0.6311646095497575,0.9519038076152304,0.36883539379479174,0.3460253841015364,0.12424849699398798,0.9683153013910355,0.9866141732283464,0.9662162162162162,0.7771739130434783,0.5272727272727272,0.6744186046511628,0.33096894822920175,0.16890791598047983,0.8148209769963103,3.2890737427817873,0.14277620704156524,7.657750671835207,1.2311289474497498
33,0.0013820590453496643,79.96727898600511,93.15059977598628,6.585580736078242,0,23185.58251953125,2.086764830414967,0.15083387474058776,0.04954201992480985,0.6287963114758973,0.961861559139785,0.3712036926900187,0.35651881720430106,0.11609543010752688,0.9850953895071543,0.9759795235282536,0.8968792401628223,0.9005449591280654,0.5846994535519126,0.7697841726618705,0.27320650091735266,0.1466369392570629,0.7261879623577159,3.303662900001772,0.14814978789898656,8.201309624538627,1.1454308891809115,2.103766377002459,0.20505185508397555,0.04872887411622023,0.6166618811582516,0.9532398129592519,0.3833381229826189,0.37808951235804944,0.15898463593854376,0.977760127084988,0.9692913385826771,0.8601036269430051,0.9021739130434783,0.6666666666666666,0.6976744186046512,0.2657082550670596,0.15583324225329526,0.7446805945060694,3.3336945242617397,0.13752405342453705,7.439039883967153,1.2386852180312773
34,0.0013792070083931969,80.08193586394191,93.01723190927535,6.742802678897816,0,23185.58251953125,2.030709126944183,0.14078718321698327,0.04781352928889695,0.6140361434669905,0.9627016129032258,0.38596385461027904,0.3860887096774194,0.14952956989247312,0.9870077953228064,0.9730049261083744,0.8873056994818653,0.9281842818428184,0.6045197740112994,0.7697841726618705,0.25821067056348246,0.13869317693095054,0.6641234880493533,3.2167987156939764,0.1452510038050272,7.903422909398233,1.123887478023447,2.079043127332597,0.18186649853088654,0.04867831584745514,0.6161661073217093,0.9398797595190381,0.383833892837555,0.39011356045424184,0.14829659318637275,0.9876847290640394,0.947244094488189,0.8469387755102041,0.9021739130434783,0.4578313253012048,0.8837209302325582,0.2513063952535809,0.15001504104298277,0.814759507367192,3.2991207176315522,0.13614881651833127,7.576289399273808,1.0376328166994797
35,0.0013761480784023471,79.83090423501562,93.30972849901282,7.448962016772199,0,23185.58251953125,2.000803271929423,0.128360935797294,0.04753806598244175,0.6083014222883409,0.9650537634408602,0.39169857899347943,0.3966733870967742,0.14969758064516128,0.9862631893290862,0.9759653270291568,0.900398406374502,0.9199457259158752,0.6363636363636364,0.8057553956834532,0.2534928150394911,0.13823970271054134,0.6666393597279826,3.196054063817506,0.14405216645169003,7.8182975194787465,1.0903750818262818,2.060553331891138,0.17044537988757005,0.04767235414776391,0.6141451991392759,0.9545758183032732,0.38585480006440287,0.374749498997996,0.1396125584502338,0.9785884218873909,0.9716535433070866,0.9322033898305084,0.8967391304347826,0.5084745762711864,0.6976744186046512,0.2742623324066142,0.143947156493315,0.7337062328595995,3.240746130526026,0.14285823195157404,7.367645773317468,1.0798917883781887
36,0.0013728831871568227,79.88354983692989,93.24823465163979,6.6685486839663595,0,23185.58251953125,1.9780350679992347,0.11464242494955498,0.047406272902604074,0.6053287925258759,0.972614247311828,0.3946712061923037,0.3951612903225806,0.1587701612903226,0.9888844779674474,0.9812881623005713,0.9101717305151915,0.9348710990502035,0.7515923566878981,0.855072463768116,0.25619117723357293,0.13550860538918486,0.6650948098269842,3.160299752348213,0.14333836229578142,7.833442657224594,1.124937448450314,2.014520509209566,0.13647605147543715,0.047194277463292945,0.6102833903146411,0.9625918503674015,0.3897166076945558,0.3921175684702739,0.13226452905811623,0.9833200953137411,0.9748031496062992,0.8978494623655914,0.907608695652174,0.6923076923076923,0.8372093023255814,0.2457519307005939,0.13394638213143,0.6606544769837527,3.1307305162081978,0.1389594673712252,7.645934385861567,1.0731517356001066
37,0.0013694133291741243,79.911389922956,93.21574818285245,6.838701894206386,0,23185.58251953125,1.9885766288285613,0.12097730978281908,0.04675059429099483,0.6069495761266319,0.9674059139784946,0.393050423232458,0.40406586021505375,0.15221774193548387,0.9884346959122632,0.9775192269769276,0.9087301587301587,0.9258760107816711,0.6298342541436464,0.8201438848920863,0.25224253342997643,0.1340288176972379,0.6553175609598878,3.1661920009120816,0.14130871991316477,7.788324515024821,1.1052305608667352,2.0779477177099457,0.16551816244730969,0.04827729596662458,0.6213840867331129,0.9599198396793587,0.37861591127608407,0.374749498997996,0.14963259853039412,0.9840891010342084,0.974015748031496,0.8817204301075269,0.8913043478260869,0.6666666666666666,0.8372093023255814,0.24006697776402006,0.14550418796424636,0.7466316452485048,3.2658532549718577,0.13933853380028693,7.562665879447698,1.0701184371509946
38,0.001365739561406607,79.73839794599917,93.41797919046039,7.28178091972105,0,23185.58251953125,1.9605040140049432,0.11172527183968854,0.04557519137699117,0.6010678525893919,0.9699260752688172,0.39893214644924285,0.40372983870967744,0.1604502688172043,0.9902293120638086,0.9779440724694761,0.9006535947712418,0.9374149659863945,0.686046511627907,0.8489208633093526,0.25411447770493006,0.13647477937641964,0.6549633722151479,3.090260395439722,0.14261190537163007,7.656847087285852,1.0668149846856312,1.9769344721624034,0.15065069017843477,0.04672388616966739,0.5931866334610648,0.9665998663994656,0.40681336733525647,0.4201736806947228,0.17034068136272545,0.9849683544303798,0.9803149606299213,0.8835978835978836,0.907608695652174,0.7954545454545454,0.813953488372093,0.25319359536639197,0.13473828012495737,0.706127079471239,3.0977637393520765,0.13311717441739762,7.025874992171843,1.068595030025872
39,0.0013618630029195212,79.64411951496731,93.52856237678826,6.915953208041447,0,23185.58251953125,1.877883143322442,0.09545943040340658,0.045060289342717455,0.5791211384598927,0.9724462365591398,0.4208788589764667,0.4440524193548387,0.18716397849462366,0.9912350597609562,0.9806858494284588,0.9163346613545816,0.9324324324324325,0.6815642458100558,0.8840579710144928,0.2395715715103252,0.12529194835693605,0.6320715620312639,2.9436001072647753,0.13548203229263264,7.216004704916349,1.0721142176658875,1.9712279670303794,0.16196707756561524,0.04417936379461983,0.5883605092783809,0.9625918503674015,0.4116394868594611,0.42084168336673344,0.18570474281897129,0.9833465503568596,0.9763779527559056,0.9171270718232044,0.9021739130434783,0.6363636363636364,0.813953488372093,0.23683944700874324,0.12971059513155747,0.6580327128918074,2.9855443002704627,0.134484341085634,7.210536470075568,1.0251266922883853
40,0.0013577848345501353,79.84758758801036,93.2902323666259,7.338960988547212,0,23185.58251953125,1.8705535973272016,0.09001091635355385,0.044373049190448176,0.5787232108013605,0.9737903225806451,0.42127678951909464,0.43951612903225806,0.1928763440860215,0.9924197087572312,0.9806820421841119,0.9332443257676902,0.9445945945945946,0.6421052631578947,0.8776978417266187,0.23427820349893264,0.12477748809001779,0.6238372896307258,2.9444484044146795,0.13503880598532256,7.13789225137362,1.0504278444474744,1.990200758935932,0.18211824827657672,0.04322737576807031,0.5882850455377766,0.9612558450233801,0.41171495963831145,0.42618570474281897,0.17768871075484302,0.9772549019607844,0.9811023622047244,0.8972972972972973,0.9021739130434783,0.7297297297297297,0.627906976744186,0.23581310646806308,0.13057800556073287,0.5938024355239205,3.05982762236713,0.13048344575809334,6.8094621453192845,1.0239087641836406
41,0.0013535062985480407,79.85510165395681,93.28145410520435,7.4514929889350805,0,23185.58251953125,1.8429362209894324,0.09317314939232924,0.043547015997671315,0.5687386855002372,0.9732862903225806,0.4312613119361221,0.4574932795698925,0.2086693548387097,0.9912245712006382,0.9793103448275862,0.9173228346456693,0.9484396200814111,0.7045454545454546,0.8857142857142857,0.22740771917886632,0.12321823771281909,0.59847401194675,2.85351332541435,0.13029533736808327,7.038752196937479,1.0436999714502724,2.0094580010087313,0.19092245119746398,0.044287330489020865,0.5914160687284782,0.9639278557114228,0.40858393155023426,0.4248496993987976,0.1850367401469606,0.9765625,0.984251968503937,0.8983050847457628,0.8641304347826086,0.85,0.7906976744186046,0.22622747937280813,0.15158326210144288,0.6193579792896747,3.028204521021209,0.1283917223204751,7.308971183333464,1.0421216706076541
42,0.0013490286981967506,79.82943421695381,93.3114467497756,8.009947607594151,0,23185.58251953125,1.8538851199611541,0.10879726617807342,0.04196042946029094,0.567709138957403,0.969758064516129,0.4322908587994114,0.4620295698924731,0.20631720430107528,0.9896352401833766,0.9779397281859366,0.914780292942743,0.9334239130434783,0.6521739130434783,0.8633093525179856,0.22358872364926083,0.12643017387518318,0.6011096024385063,2.8000688309310586,0.1333542100043707,7.029824623497584,1.0207603022616396,1.9131886142846657,0.13902950457452176,0.041616118665468556,0.5775143268829835,0.9665998663994656,0.4224856751874517,0.44422177688710757,0.18704074816299265,0.988009592326139,0.9732283464566929,0.875,0.9510869565217391,0.782608695652174,0.8372093023255814,0.21429159900866593,0.12389563574501093,0.5894175397609184,2.8406060472996777,0.13537995848722592,6.72379504288525,1.024178789708323
43,0.0013443533974167078,79.73881078697741,93.41749552673963,7.548650028885052,0,23185.58251953125,1.7886183607962824,0.07915531366723039,0.04117332829502962,0.5560965704661543,0.9776545698924731,0.4439034317770312,0.4813508064516129,0.21959005376344087,0.9926412092283214,0.9832545311268716,0.9335989375830013,0.9551630434782609,0.7309941520467836,0.8928571428571429,0.2194135102533525,0.11967236276275368,0.5750135523016735,2.719237264766488,0.1280619512482356,6.948056128717238,0.9822366077412841,1.9146085814308467,0.1372723007424123,0.042635854361012686,0.5782334755162996,0.9632598530394122,0.4217665174760736,0.43286573146292584,0.20641282565130262,0.9903381642512077,0.968503937007874,0.8663366336633663,0.9510869565217391,0.6981132075471698,0.8604651162790697,0.2136160182252118,0.12274663625117055,0.5834999963611305,3.001492252490006,0.1313118829516944,6.8764158260368395,0.9938920020420072
44,0.00133948182034982,79.71992752701044,93.43962332976476,7.46925481929574,0,23185.58251953125,1.7897056571898922,0.08253027551296738,0.0411404333207556,0.5553449847364939,0.9754704301075269,0.44465501526350615,0.4830309139784946,0.23067876344086022,0.993019545273235,0.9816640378548895,0.9302631578947368,0.9554054054054054,0.6741573033707865,0.8571428571428571,0.2202004131770903,0.11939993220311339,0.5666830882590305,2.733019919805629,0.1275294475177283,6.860238336747693,0.9772013066917338,1.8875978654754424,0.16977292380395856,0.04149287694451725,0.5587773557973847,0.9739478957915831,0.4412226412562266,0.4802939211756847,0.22177688710754842,0.9835680751173709,0.989763779527559,0.9441340782122905,0.9184782608695652,0.8,0.7441860465116279,0.216818002358069,0.12182048438944336,0.5554931057080795,2.7763668562303643,0.1243617095068127,6.516513913650869,1.0126514141768237
45,0.0013344154509256545,79.69353151798714,93.47057230509017,7.346723192481584,0,23185.58251953125,1.7525003763937181,0.06993848103929752,0.039484712645731945,0.5476923911802231,0.9808467741935484,0.4523076097811422,0.49227150537634407,0.23420698924731181,0.9938369781312127,0.9852187623176981,0.9404761904761905,0.9621109607577808,0.7710843373493976,0.920863309352518,0.2056695717957712,0.10968166661839332,0.5123915713961407,2.6530016365871636,0.12471874843361558,6.701657018353862,0.963410892153299,1.8817357457950263,0.15111855557841625,0.04204090777722373,0.5628587645375895,0.957247828991316,0.4371412413551876,0.46092184368737477,0.2177688710754843,0.9910786699107867,0.9622047244094488,0.8522167487684729,0.9402173913043478,0.6229508196721312,0.8837209302325582,0.19401919674538898,0.12115894450134808,0.5675098964510238,2.8277438921218088,0.12120787764519314,6.290448583120016,1.0010355972972964
46,0.0013291558324094164,79.72451945010107,93.43424145268469,8.05286124444777,0,23185.58251953125,1.7571830044510544,0.08178444436541008,0.03942209348002429,0.5453254875316415,0.9779905913978495,0.45467450990471786,0.4957997311827957,0.24193548387096775,0.9944278606965175,0.9842426629899547,0.9358288770053476,0.9497964721845319,0.6927374301675978,0.8985507246376812,0.20846361995384258,0.11680764072043921,0.5640904384274636,2.6053251694607478,0.12466324857806646,6.6020127265684065,0.9678146621232392,1.9096145028660276,0.18936773135252769,0.04194530716530466,0.5594338180227286,0.9706078824315297,0.4405661839680745,0.47160988643954577,0.22044088176352705,0.9789555728760717,0.988976377952756,0.943502824858757,0.907608695652174,0.8108108108108109,0.6976744186046512,0.20352707278672744,0.11766281108817978,0.6050171211869539,2.639973079194685,0.11823023424677317,6.737139215768777,1.003507551704157
47,0.001323704566931857,80.02120178600308,93.08782964695418,7.648192949192499,0,23185.58251953125,1.7318084188686904,0.06950701643732847,0.039546132788703,0.5409184252062151,0.9803427419354839,0.4590815760756052,0.5132728494623656,0.24193548387096775,0.9948248407643312,0.9856044172746993,0.9324503311258279,0.9500674763832658,0.7687861271676301,0.95,0.19364987778407272,0.10903196229088691,0.5180724420214212,2.5577366018808014,0.12187926391119598,6.645203298138034,0.9753260509942168,1.844967716999984,0.1587569522475432,0.0397269517959717,0.5488279364311305,0.9706078824315297,0.4511720635688695,0.4956579826319305,0.24315297261189045,0.9865824782951855,0.984251968503937,0.9333333333333333,0.9130434782608695,0.7,0.813953488372093,0.1899857218455058,0.11741036204552761,0.5943333862141601,2.690520460476617,0.11994225196863861,6.5069796371714785,0.9596357759668099
48,0.0013180633150012484,79.83324901002925,93.30698790755969,8.046492584290043,0,23185.58251953125,1.7191907218707505,0.07668088473159299,0.038269904892771475,0.5347466436765527,0.9791666666666666,0.46525335824617775,0.5184811827956989,0.2547043010752688,0.9938308457711443,0.9842333464722113,0.9341238471673254,0.959404600811908,0.7440476190476191,0.8992805755395683,0.19211156490028544,0.10790296611926889,0.5190391072662928,2.513474163188729,0.1215302828819521,6.4644318754955,0.9460491948230292,1.8111295382341068,0.1143122452075432,0.03986529787938915,0.5523173297016957,0.9706078824315297,0.4476826699001437,0.47160988643954577,0.25250501002004005,0.9865718799368088,0.9834645669291339,0.9545454545454546,0.9130434782608695,0.6545454545454545,0.8372093023255814,0.19994396771601064,0.11287340706957127,0.5580366411126289,2.651586865136523,0.12046896113342816,6.445247030927089,0.9407709997020408
49,0.0013122337949975766,79.6920490929624,93.47231103708462,7.560594651006883,0,23185.58251953125,1.7086065059067101,0.08043673224321576,0.03828297403230462,0.5299622692087645,0.978494623655914,0.4700377291889601,0.5203293010752689,0.271505376344086,0.9938308457711443,0.984039408866995,0.9473684210526315,0.9525101763907734,0.6881720430107527,0.9142857142857143,0.1952968571455248,0.11344573742920352,0.528378822470224,2.468900442123413,0.12011063219078126,6.389427969532628,0.9321386907049405,1.8291785876274747,0.15384975730073835,0.03860727369874895,0.5455738535386049,0.9739478957915831,0.4544261545042396,0.49432197728790916,0.25517702070808285,0.9897151898734177,0.9850393700787402,0.9148936170212766,0.9347826086956522,0.7777777777777778,0.813953488372093,0.17246402942425582,0.11542041116980767,0.5419722979436656,2.664620358066393,0.11524866960330574,6.408280366886116,0.9257503884110996
50,0.0013062177826491067,79.78147000307217,93.36754511684428,8.405340420302524,0,23185.58251953125,1.6691132758253364,0.06638319500952318,0.037726308149035256,0.5216679220558494,0.9801747311827957,0.47833207986688103,0.5341061827956989,0.2807459677419355,0.9948258706467662,0.9852187623176981,0.9316688567674113,0.959404600811908,0.7590361445783133,0.9064748201438849,0.18005886577790783,0.10404028094583942,0.49417100926881197,2.4326238670656757,0.12028531569947479,6.171889171805433,0.9375753114300389,1.8374652188064737,0.16933139975997075,0.04049445063114644,0.5425464581392093,0.9679358717434869,0.4574535417015264,0.4983299933199733,0.24983299933199732,0.9842271293375394,0.9826771653543307,0.9222222222222223,0.9021739130434783,0.7142857142857143,0.813953488372093,0.18804231722034767,0.11478536656162464,0.5453254263960049,2.6983725497463027,0.11934845974704944,6.135094529880073,0.9948004567790366
51,0.001300017110491478,79.87147523101885,93.26233149512568,8.110091194029778,0,23185.58251953125,1.6809973357826151,0.07292435257144833,0.036963491790717645,0.5237031636699554,0.9789986559139785,0.47629683825277513,0.5223454301075269,0.2782258064516129,0.9944256420465857,0.9840425531914894,0.936,0.9538043478260869,0.7262569832402235,0.9285714285714286,0.18908138076464334,0.10595638545290116,0.502483977745938,2.3565853488060737,0.11774192117555167,6.353948103484287,0.9267347442206516,1.7599412473584304,0.10467349074074206,0.037594354075038125,0.5392244711826862,0.9739478957915831,0.46077552698577495,0.5003340013360054,0.26920507682030725,0.9904534606205251,0.9803149606299213,0.9105263157894737,0.9402173913043478,0.8,0.9302325581395349,0.16619515466785623,0.11199651579898282,0.5024680390545903,2.589699933110035,0.11548640541657657,6.460448647946936,0.9134680188012744
52,0.0012936336673094976,79.73829150793608,93.41810388875244,8.062454351814845,0,23185.58251953125,1.6333284531870196,0.06431427196804834,0.036058099039139285,0.5109853584279296,0.9818548387096774,0.4890146422129805,0.5515793010752689,0.29435483870967744,0.9946290033817387,0.9854158454867954,0.9359477124183007,0.9675675675675676,0.8,0.927536231884058,0.17545131105248646,0.10228518548832145,0.4844473033182083,2.25508871129764,0.1187874706842566,6.16870096934739,0.9251048814865851,1.8825725503340514,0.21639138545266134,0.03974889481095529,0.5421440852190067,0.9592518370073481,0.45785592664617975,0.503006012024048,0.25384101536406145,0.9764890282131662,0.9811023622047244,0.903954802259887,0.8695652173913043,0.6818181818181818,0.6976744186046512,0.205624677534492,0.12309348113391905,0.578901954069883,2.492325231721581,0.1271287772204769,6.349247281998894,0.9756476377437492
53,0.0012870693975617963,80.22711623995565,92.84890631891068,7.939810029921993,0,23185.58251953125,1.6465487339163338,0.06139252413695137,0.036371332443048875,0.5162616237517326,0.9818548387096774,0.4837383759278123,0.5398185483870968,0.27889784946236557,0.9944378228049265,0.9862096138691884,0.94,0.9578804347826086,0.7916666666666666,0.95,0.18297934275801464,0.10319029700051072,0.47380216563901595,2.2299452738095353,0.11914656271216689,6.296544492885631,0.9293627315951932,1.7623461557374291,0.14513000997210154,0.03881751854686874,0.5261328799292972,0.9732798931195725,0.4738671169650499,0.5130260521042084,0.27187708750835005,0.985062893081761,0.9866141732283464,0.9395604395604396,0.9293478260869565,0.7674418604651163,0.7674418604651163,0.16835777187793352,0.10955421257273866,0.4922184323022265,2.3927096135630634,0.11431836635969285,5.939057497318856,0.9945704893979854
54,0.0012803263007885287,80.80162006500177,92.18874564652997,8.202487330282889,0,23185.58251953125,1.5898244175859677,0.05886842085984886,0.03524360577425649,0.4985707947002944,0.9828629032258065,0.5014292052997056,0.5653561827956989,0.3168682795698925,0.9958258795468098,0.9869976359338062,0.9456233421750663,0.9661246612466124,0.7604790419161677,0.9202898550724637,0.18104300768144668,0.09701478745668166,0.45579651382661635,2.1547147855963757,0.11240854362646739,6.004438769432806,0.9071880284176078,1.8304161913170365,0.15901832273646782,0.03853685858005592,0.5442869994508162,0.9652638610554443,0.45571300007139115,0.4969939879759519,0.22645290581162325,0.9896331738437002,0.9771653543307086,0.9016393442622951,0.8967391304347826,0.65,0.9069767441860465,0.19619271511544206,0.11516482271030097,0.49939274198625117,2.3852254807670352,0.11571330966834793,6.2592087760318815,1.0048675409697976
55,0.001273406431002294,80.3535212429706,92.702844688983,8.476782873112668,0,23185.58251953125,1.5825983939632293,0.05634636307255395,0.03545984515659912,0.4969307293174087,0.9835349462365591,0.5030692726053217,0.5747647849462365,0.3170362903225806,0.9956279809220986,0.9873866771777691,0.9442231075697212,0.9634146341463414,0.7964071856287425,0.95,0.17440079745425974,0.0988757785770201,0.44719906583909064,2.1125369866689048,0.11286321390540369,5.98495626449585,0.9032226333054163,1.8527646889747105,0.20312799744273155,0.04083051448395512,0.5362687268572485,0.9418837675350702,0.46373127776141476,0.509686038744155,0.27788911155644624,0.9925187032418953,0.9401574803149606,0.726530612244898,0.967391304347826,0.7755102040816326,0.8837209302325582,0.19414969946275812,0.13246388457660765,0.5379046890523804,2.435913407014224,0.1143196769451888,6.129569594511288,1.0750267548647099
56,0.0012663118960624627,81.2097242679447,91.72546843556133,7.902617069982713,0,23185.58251953125,1.583797380488406,0.0643128538103674,0.034813561426695956,0.4948903213265122,0.9800067204301075,0.5051096805962183,0.5715725806451613,0.3187163978494624,0.9950219036240542,0.9838550895845639,0.9263157894736842,0.9591280653950953,0.7764705882352941,0.9496402877697842,0.1759510572238635,0.09817830228837587,0.44623310431357355,2.100916531778151,0.11076351495519761,5.931150433837726,0.9108672613097776,1.7042619713800464,0.12116432976806331,0.03682322265628822,0.5154248053978185,0.969939879759519,0.4845751926113784,0.5223780895123581,0.3012692050768203,0.9935794542536116,0.9748031496062992,0.9114583333333334,0.9510869565217391,0.6610169491525424,0.9069767441860465,0.17618689603939325,0.10757116787260027,0.4694422261270588,2.28764096083606,0.10789814071808167,5.847051708397263,0.9216172734975974
57,0.0012590448570331046,81.14144687203225,91.80265187713228,8.331498992058538,0,23185.58251953125,1.5333396081001527,0.052453983172033265,0.03387296922825357,0.4823375485276663,0.9840389784946236,0.5176624511518786,0.5920698924731183,0.3370295698924731,0.9962256654747715,0.9879826635145784,0.9429708222811671,0.9647218453188603,0.7987804878048781,0.9424460431654677,0.16911998727629263,0.09290889570469497,0.4202540612989856,2.0132847973095473,0.10904310867991499,5.6988841846425045,0.8756136035406461,1.696027026784842,0.13365696284001718,0.03636659761180301,0.5086678218745995,0.9746158984635939,0.491332174541955,0.5384101536406145,0.2999331997327989,0.9920191540303273,0.978740157480315,0.9,0.9782608695652174,0.8181818181818182,0.8372093023255814,0.16532134468267182,0.10701866697771356,0.49025848378478964,2.222780580590706,0.10937639706598255,5.841725208636674,0.9475661961333148
58,0.001251607527524705,80.94005502294749,92.03107161081269,8.86329920061173,0,23185.58251953125,1.5335942288880706,0.051459221790234246,0.03290214437630869,0.48307762094723283,0.9848790322580645,0.516922378091402,0.5877016129032258,0.337869623655914,0.9966175885395941,0.9871895940086717,0.9575596816976127,0.9769959404600812,0.7616279069767442,0.9424460431654677,0.16253434009449455,0.09441658121443564,0.43978537026272024,2.0011662039705502,0.11087696286298895,5.708198698618078,0.8528996805349985,1.6976601959628588,0.13106466791204954,0.03570836151370862,0.5102957182513449,0.9819639278557114,0.48970428178847114,0.5404141616566466,0.30527722110888444,0.9859484777517564,0.9944881889763779,0.9774011299435028,0.9402173913043478,0.8717948717948718,0.7906976744186046,0.1628822506310228,0.10923309889967313,0.47644601540320225,2.2293297226777775,0.11304309484396446,5.624270503490705,0.90052087130193
59,0.0012440021730198792,81.07546299602836,91.87736615657568,8.846465064633277,0,23185.58251953125,1.5363885843625633,0.054984388019268714,0.03344427954445603,0.4826533038129089,0.9821908602150538,0.5173466949052709,0.5934139784946236,0.3328293010752688,0.9950288327699344,0.9856214299783337,0.9339498018494056,0.9605978260869565,0.8132530120481928,0.9712230215827338,0.1628583312355062,0.09395587195952733,0.42653590600977664,2.0275808598405574,0.10826135947499224,5.636336944436514,0.8533055474681239,1.6458817454441914,0.13083415804461948,0.03646542867253682,0.49286072096509304,0.9746158984635939,0.5071392823794562,0.5704742818971276,0.33734134936539745,0.9881422924901185,0.984251968503937,0.9072164948453608,0.9565217391304348,0.868421052631579,0.7674418604651163,0.1651323254138689,0.10762660090893049,0.46130406195590234,2.15925058429848,0.10535752924585948,5.470835938641606,0.9463443361128181
60,0.0012362311101832841,81.0543115530163,91.90134191847068,8.220713466726323,0,23185.58251953125,1.5316166916201193,0.05580011906442783,0.03371310464396913,0.48070115491908083,0.9835349462365591,0.5192988447604641,0.5925739247311828,0.35164650537634407,0.9950386981543957,0.9887596134884639,0.9543624161073826,0.9595141700404858,0.7678571428571429,0.9214285714285714,0.16014706327389644,0.0922068347853999,0.42460782201059405,2.015358063482469,0.10783334997712925,5.718669850339172,0.8798460710433221,1.707090040326676,0.13454444824892756,0.0367243903015324,0.5119404003233136,0.978623914495658,0.4880595898421191,0.539746158984636,0.2899131596526386,0.990521327014218,0.9874015748031496,0.9312169312169312,0.9565217391304348,0.8333333333333334,0.813953488372093,0.16871270228801924,0.10578170695460949,0.44700549297039716,2.173143640389503,0.1087994973661108,5.646635138359401,0.9617723848474129
61,0.00122829670615594,81.35061449103523,91.56661011848747,8.458759753934798,0,23185.58251953125,1.5186788330795944,0.05712783664354794,0.03331477273135416,0.47607874229390135,0.9811827956989247,0.5239212580265538,0.6004704301075269,0.34627016129032256,0.9942345924453281,0.985224586288416,0.9429708222811671,0.9634146341463414,0.7619047619047619,0.927536231884058,0.16063005477190018,0.09302782002956636,0.4085080764626944,1.9856851113739835,0.1085849999580332,5.571465479430332,0.8765511394187968,1.6435206706474523,0.1151498854234964,0.037103794191627404,0.49708899738156326,0.9752839011356046,0.5029110026184368,0.552438209752839,0.3166332665330661,0.9904686258935663,0.9818897637795275,0.9114583333333334,0.9510869565217391,0.8260869565217391,0.8837209302325582,0.15862328861264602,0.10699433227658829,0.4484854018441342,2.28463980063806,0.10503194199933477,5.26634769783708,0.9621039972196999
62,0.0012202013778341756,81.4137565609999,91.49559379954145,8.211456062973186,0,23185.58251953125,1.4845714607546407,0.05158648060469498,0.03207121132522501,0.4669712563996674,0.9847110215053764,0.5330287426389674,0.6125672043010753,0.36794354838709675,0.9958308516974389,0.9883743842364532,0.9532085561497327,0.9674355495251018,0.7904191616766467,0.9428571428571428,0.15351500810794932,0.09100888104688737,0.40777595453364873,1.9433966349529963,0.10550800807053043,5.386662083287393,0.8380708226593592,1.6802382261337403,0.15734309929565501,0.03496141222840002,0.49597790357504357,0.9752839011356046,0.5040220949915782,0.5517702070808284,0.3259853039412158,0.9912559618441972,0.9818897637795275,0.9076923076923077,0.9619565217391305,0.8181818181818182,0.8372093023255814,0.15647252559980393,0.1022298958752262,0.46316551381775595,2.0882983771498074,0.10576245453489885,5.522945773545789,0.9197865067598576
63,0.001211947591133419,80.8721576690441,92.10833758737832,9.280247319129206,0,23185.58251953125,1.444839100683889,0.044761515554210915,0.030824330645383046,0.45641774964588944,0.9848790322580645,0.5435822503541106,0.6290322580645161,0.38726478494623656,0.9962256654747715,0.9881773399014778,0.9456953642384106,0.9687924016282226,0.8159509202453987,0.95,0.1506083929731,0.08862794302804496,0.40059771300644004,1.8506665332342989,0.10745448691229667,5.260593488652219,0.8193469803820375,1.6183109429970373,0.12858229562013088,0.034416471948286016,0.4851040617178979,0.978623914495658,0.5148959392376876,0.5744822979291917,0.34802939211756845,0.988198269079465,0.988976377952756,0.9347826086956522,0.9347826086956522,0.8809523809523809,0.8604651162790697,0.18834092446622167,0.10205057516206323,0.42987181269174907,2.1495949433657353,0.10043749732818298,5.352070647235226,0.9199098779427344
64,0.0012035378602370552,80.94747584895231,92.02263470080038,8.175828923461257,0,23185.58251953125,1.4493326935716855,0.041703224886879726,0.03136442805970869,0.45875501119962303,0.9872311827956989,0.5412449894412872,0.6315524193548387,0.3887768817204301,0.9970214455917394,0.98955459203784,0.9576158940397351,0.9796747967479674,0.8198757763975155,0.9428571428571428,0.15381703485724746,0.08996364971001942,0.41080867571215474,1.8856441449093562,0.10240280636215723,5.326279737616098,0.8339352723090879,1.6245743183589572,0.14473542940361786,0.03516877683734368,0.48155670430394276,0.9732798931195725,0.518443295536793,0.5891783567134269,0.3527054108216433,0.9889415481832543,0.9858267716535433,0.9388888888888889,0.9184782608695652,0.7058823529411765,0.8372093023255814,0.1609034590826245,0.10137699537461968,0.4618513697214579,2.1074036602664967,0.10622377402000453,5.41511648785853,0.9354221201293375
65,0.0011949747468305825,80.80521573708393,92.18464342990958,9.349907464878534,0,23185.58251953125,1.4331334406329739,0.043459134113784596,0.031416311779970764,0.4527526702932132,0.9855510752688172,0.5472473300272419,0.639616935483871,0.3870967741935484,0.9970178926441352,0.9883720930232558,0.9572192513368984,0.9688768606224628,0.7758620689655172,0.9712230215827338,0.14183512458237268,0.08659579244352156,0.38528228767456546,1.8555216776427401,0.10108778341322817,5.285210699163457,0.8252921758159515,1.6109421361504035,0.1547109008634198,0.03417501294003699,0.4740187366086798,0.9759519038076152,0.5259812647450663,0.5965263861055444,0.3620574482297929,0.9936153232242618,0.9803149606299213,0.8955223880597015,0.9782608695652174,0.8372093023255814,0.8372093023255814,0.1624007411375791,0.09517197618503609,0.44844883222458914,2.041487026787951,0.10397916263791825,5.07883360103997,0.9280933820970392
66,0.0011862608593212975,80.88600915297866,92.09256431370972,9.342194418753348,0,23185.58251953125,1.433239576637104,0.04552422746545284,0.030387022822935095,0.4524427729268228,0.9850470430107527,0.5475572277140873,0.634744623655914,0.40406586021505375,0.9974119052359148,0.9873866771777691,0.94750656167979,0.9769959404600812,0.7844311377245509,0.9424460431654677,0.1529565302114333,0.08685674430221639,0.38376577502937725,1.8120088013269569,0.10401411182297174,5.2597723955749185,0.8056189116611275,1.5956559388256901,0.15520644398952374,0.03351353564527963,0.4689786493897677,0.9792919171676687,0.5310213526010354,0.6078824315297261,0.36138944555778224,0.9836448598130841,0.9944881889763779,0.9707602339181286,0.9021739130434783,0.8809523809523809,0.8604651162790697,0.16290344870241785,0.09681951290938404,0.42833646520743307,2.027286340972146,0.10371977023148266,5.001886076025749,0.9128183378883418
67,0.0011773988520437483,81.01008147501852,91.95151843288893,9.235867300341207,0,23185.58251953125,1.4257141646518503,0.05339120913945359,0.030662280196944874,0.4472202267698062,0.9848790322580645,0.5527797738711039,0.6473454301075269,0.4060819892473118,0.9962249155573216,0.9883698009067613,0.9546666666666667,0.9688768606224628,0.7810650887573964,0.9428571428571428,0.14610923594364555,0.08613250797153801,0.37807956546224575,1.8120940622463022,0.10261653852398678,5.169838759206956,0.809150121865734,1.6561029844468804,0.1464400529020336,0.03454327169474794,0.49170655720856643,0.9779559118236473,0.5082934480869699,0.5791583166332666,0.3306613226452906,0.9858712715855573,0.988976377952756,0.9502762430939227,0.9347826086956522,0.8571428571428571,0.8372093023255814,0.16936433259534614,0.10686368646029241,0.4346181261754466,2.1618011821168377,0.10502108113321369,5.222469077559416,0.9237597076273315
68,0.0011683914244512,80.64547432900872,92.36724145995314,8.589402414137318,0,23185.58251953125,1.4170743316732428,0.047050678847177375,0.030016232462179278,0.4466691363242365,0.9855510752688172,0.5533308633553085,0.6439852150537635,0.4017137096774194,0.9964264443120905,0.9885759306677172,0.9468085106382979,0.9687074829931973,0.8282208588957055,0.9642857142857143,0.1524707562820886,0.08438757610737636,0.378541890651949,1.8058475980194666,0.0990733876824379,4.921091520658103,0.8061125275268349,1.534807000625269,0.10771127242617354,0.0326469020672894,0.4648162740106653,0.9752839011356046,0.5351837275421611,0.6085504342017368,0.374749498997996,0.992822966507177,0.9803149606299213,0.9128205128205128,0.967391304347826,0.7708333333333334,0.8604651162790697,0.1571008122277881,0.09530206784138141,0.4021262370831344,1.9311748904710462,0.09585094213007925,4.9730819467711465,0.8618231246530332
69,0.0011592413202933544,81.19490403705277,91.74221077471435,8.969984126347368,0,23185.58251953125,1.3960913714542185,0.04637206790928719,0.029907194997674677,0.43993736595235844,0.9863911290322581,0.5600626334067313,0.6644825268817204,0.4067540322580645,0.9968190854870775,0.9881750098541584,0.9576719576719577,0.979702300405954,0.8012048192771084,0.9568345323741008,0.14740894622700187,0.08461991473231265,0.3565884376725843,1.800665613784585,0.09835620657090217,4.9374459764008884,0.7829465814816055,1.5580681406344743,0.11515017304228557,0.03556417717375036,0.469117932743284,0.9732798931195725,0.5308820664603947,0.6138944555778223,0.37207748830995324,0.9920127795527156,0.9779527559055118,0.917098445595855,0.9619565217391305,0.7307692307692307,0.8837209302325582,0.14106526944982903,0.09264339059690833,0.39314060427781017,2.0411941589477784,0.09757342335376727,5.261849219271877,0.8652913559255555
70,0.0011499513267805767,81.0247192189563,91.93490667792717,9.338303299360378,0,23185.58251953125,1.3536637329286145,0.036062072563205434,0.02942528151055818,0.42939212758054013,0.9889112903225806,0.5706078724194599,0.6769153225806451,0.427755376344086,0.9970267591674926,0.9909377462568952,0.9587217043941412,0.975609756097561,0.8717948717948718,0.9855072463768116,0.13767904435755104,0.08268680319350252,0.3383703675641808,1.6912061886120868,0.09521751814792233,4.793807868034609,0.7889177260860321,1.573677747665283,0.13921105760630562,0.03441671111839329,0.4666833317749645,0.9779559118236473,0.5333166683046676,0.6199064796259185,0.3687374749498998,0.9905138339920949,0.9866141732283464,0.9613259668508287,0.9456521739130435,0.7254901960784313,0.8604651162790697,0.1642354498247186,0.0928742135454992,0.39141074227108186,2.0149373148151772,0.10293427880159121,5.118264962134556,0.8796509122880364
71,0.0011405242737348854,80.92206287500449,92.05153372703843,9.606894123938776,0,23185.58251953125,1.3452500502268474,0.03581930841043872,0.028808289838414037,0.42687415179385935,0.9880712365591398,0.5731258485265958,0.6799395161290323,0.4383400537634409,0.998211091234347,0.9897516752069373,0.9601593625498008,0.9796747967479674,0.8095238095238095,0.9714285714285714,0.1426395989393675,0.08287793914637258,0.33182614881505246,1.6955903467311655,0.0919105856408996,4.692758862690259,0.7822742132089471,1.5433454853578974,0.1331361281447879,0.03180459503310875,0.4594682522352011,0.9772879091516367,0.5405317489990968,0.6399465597862392,0.3787575150300601,0.988950276243094,0.9866141732283464,0.9505494505494505,0.9402173913043478,0.7708333333333334,0.8604651162790697,0.1579728642542042,0.09116317338758735,0.39603811020682317,1.9390751259599277,0.09538449330097369,4.712988171166552,0.8594867767456299
72,0.00113096303272796,80.81524109898601,92.17320766111608,9.781422938069989,0,23185.58251953125,1.329767684782705,0.035892498817780526,0.028806555415353468,0.4216895449546076,0.9885752688172043,0.5783104550453925,0.6861559139784946,0.44086021505376344,0.9978174603174603,0.9907407407407407,0.9560585885486018,0.9755434782608695,0.8509316770186336,0.9785714285714285,0.13757400879616377,0.07834772525295135,0.3301181152302732,1.6904619707856128,0.09190331787992549,4.611855714551864,0.7733095727300131,1.5724512395177113,0.17640350672180602,0.032612589590435594,0.45447838167070786,0.9732798931195725,0.54552161956359,0.6372745490981964,0.3914495657982632,0.9905138339920949,0.9866141732283464,0.9329608938547486,0.907608695652174,0.6981132075471698,0.8604651162790697,0.14312234351693906,0.09360210005251185,0.40217336337408705,1.9231920872995991,0.09237238456188399,4.984504256315365,0.8373432872927659
73,0.001121270516206433,80.89277013810351,92.08486725430167,9.336904859030119,0,23185.58251953125,1.337799927239777,0.03848980372566329,0.028918066773042882,0.42346401881146173,0.9890793010752689,0.5765359818294484,0.6858198924731183,0.4368279569892473,0.9976199920666402,0.9913283405597162,0.9588313413014609,0.9756756756756757,0.8598726114649682,0.9782608695652174,0.1343377649143178,0.08014281843137998,0.3356831602511867,1.672369667278823,0.09153842180967331,4.705303533102876,0.768428147800507,1.6332106358541516,0.18033908153016248,0.033628683104245126,0.4730809644690815,0.9759519038076152,0.5269190355707346,0.6212424849699398,0.3687374749498998,0.9850980392156863,0.988976377952756,0.9447513812154696,0.9293478260869565,0.8292682926829268,0.7906976744186046,0.14085007828716922,0.10201007553793703,0.409341021227534,1.972685243737801,0.0956599162910171,5.293886101874974,0.8644559665290052
74,0.0011114496766047302,81.0846767949406,91.86692596479328,9.441309780202886,0,23185.58251953125,1.3452166049711165,0.04074515445378198,0.02896979715554945,0.4251672202540982,0.9865591397849462,0.5748327794254467,0.6770833333333334,0.44136424731182794,0.9970243999206506,0.9899546976560961,0.9571619812583668,0.9701492537313433,0.7987804878048781,0.9492753623188406,0.1405308642374572,0.08117071807544718,0.33686190298808516,1.6792163438694452,0.0886505662353449,4.7016611304334415,0.7641442110461574,1.5626747814432016,0.1502801242621047,0.03231343684958153,0.46002706935107907,0.9772879091516367,0.5399729308878173,0.6352705410821643,0.37140948563794257,0.9912767644726408,0.984251968503937,0.9315789473684211,0.9619565217391305,0.782608695652174,0.8372093023255814,0.1318202424861625,0.09385944320586975,0.3723523971950044,1.9131287783085702,0.08983276681893654,5.0456200486911325,0.8683308389239416
75,0.0011015035054457313,80.87589711300097,92.10407879114032,8.838615643080844,0,23185.58251953125,1.3337745230684999,0.04752459629721719,0.02881868692335262,0.4191437466170198,0.9880712365591398,0.5808562533829802,0.6918682795698925,0.4475806451612903,0.997224975222993,0.9915254237288136,0.9625668449197861,0.9742895805142084,0.8176100628930818,0.935251798561151,0.14215589995666217,0.07944321368009813,0.32334075804038714,1.691183106232715,0.08940752952169347,4.541139218115037,0.7739597341065766,1.5051670389806102,0.12497067144644523,0.034035582389028055,0.4487202615839844,0.9752839011356046,0.5512797381771192,0.6299265197060788,0.39879759519038077,0.9920318725099602,0.9803149606299213,0.9267015706806283,0.9619565217391305,0.7450980392156863,0.8837209302325582,0.15755888168701906,0.09200706136330176,0.3644071698746207,1.8554932231813888,0.09501419118347372,4.7800662563734235,0.8344699411131019
76,0.001091435032429522,80.95843750599306,92.01017496723028,9.233801739190215,0,23185.58251953125,1.3230249997108214,0.04921246371332116,0.02863114307163864,0.4150604644129353,0.9847110215053764,0.5849395355870647,0.7006048387096774,0.45110887096774194,0.99622791344054,0.9883789639550916,0.948,0.9647218453188603,0.8,0.9565217391304348,0.141726729930729,0.08182076773335857,0.31782933797246665,1.638709798935921,0.08843835587463071,4.533733985757315,0.7670404337426667,1.5312068826290632,0.12938092226932746,0.03134715757920651,0.45682627643516405,0.9726118904475618,0.5431737237241002,0.6432865731462926,0.36606546426185704,0.9920191540303273,0.978740157480315,0.89,0.967391304347826,0.7954545454545454,0.813953488372093,0.14084036762744645,0.09607126247747469,0.38993528578865905,1.911609198621853,0.09467280508282189,4.610088198043222,0.8274003514944114
77,0.001081247324510518,80.98398941906635,91.98114409323303,8.875247745103733,0,23185.58251953125,1.2772327828150924,0.03409456498658044,0.0276616807346062,0.40515884532723373,0.9897513440860215,0.5948411546727662,0.7150537634408602,0.46774193548387094,0.9980170533412651,0.9915287628053585,0.965287049399199,0.9823369565217391,0.84375,0.9642857142857143,0.13527181007528818,0.0769051150368747,0.3010555315081791,1.590407035684073,0.08603083190097603,4.428267332815355,0.7425582546700713,1.5827762805069776,0.19820444371474133,0.0308986647513682,0.45122439421728283,0.9779559118236473,0.5487756053845565,0.6352705410821643,0.40480961923847697,0.9866457187745483,0.988976377952756,0.9351351351351351,0.9402173913043478,0.8974358974358975,0.813953488372093,0.14293826207687796,0.09363565607395823,0.3538769312357218,1.9275850488411719,0.09178902685602426,4.601135987795904,0.83100425297209
78,0.0010709434849632425,80.83398676500656,92.15183239266766,10.215549325430265,0,23185.58251953125,1.2884072885718396,0.03629951497354615,0.02744634595689594,0.40822047123344996,0.9880712365591398,0.59177952876655,0.7081653225806451,0.4700940860215054,0.9980139026812314,0.9899527186761229,0.9574468085106383,0.9782608695652174,0.8242424242424242,0.9714285714285714,0.12872855156980534,0.07833519177411193,0.3085862627272965,1.608352518209847,0.08659907810950793,4.308050697849643,0.7465147174173786,1.5177275907539414,0.1450418046263153,0.031615971754950206,0.44702326287885624,0.9826319305277221,0.5529767382359935,0.6452905811623246,0.3921175684702739,0.9882445141065831,0.9929133858267717,0.9510869565217391,0.9510869565217391,0.9459459459459459,0.813953488372093,0.14032311398105457,0.08585286809351736,0.34475930786642456,1.9058817810588624,0.09702741008801864,4.620303004283306,0.845943931268706
79,0.0010605266524370371,80.80204668699298,92.18825890457418,9.79366841367496,0,23185.58251953125,1.266436405079339,0.041683277252921334,0.026968594960948472,0.39926150985943376,0.9877352150537635,0.6007384901405662,0.7190860215053764,0.47698252688172044,0.9964335248662571,0.9915220820189274,0.9611260053619303,0.9689189189189189,0.8364779874213837,0.95,0.13011266307164265,0.07746503077527528,0.29756165111577637,1.540107577077804,0.08443475959281768,4.184309772265855,0.7526379900593911,1.437794928560276,0.08963057187148828,0.03014021953623854,0.43934138150078184,0.9792919171676687,0.5606586173445524,0.6559786239144957,0.3967935871743487,0.9928571428571429,0.9850393700787402,0.9513513513513514,0.9565217391304348,0.75,0.9069767441860465,0.13653077008967887,0.09173670218002024,0.35733830044885917,1.801049547826121,0.08809326932521049,4.4485227270132714,0.8005032383288713
80,0.001049999999999999,81.09556249098387,91.85459439692737,9.23302367425734,0,23185.58251953125,1.2392880923004561,0.02959142935835326,0.026704474392357052,0.39433073292496384,0.9909274193548387,0.6056692670750362,0.725638440860215,0.494119623655914,0.9986111111111111,0.9917241379310345,0.9630118890356671,0.986468200270636,0.8774193548387097,0.9855072463768116,0.12497714666589614,0.07599755592884556,0.2960796117462138,1.5546606599643666,0.08438864726853627,4.119310937901979,0.7359776173227577,1.4884771079163432,0.14263557360004248,0.03084948467328378,0.43833068242133577,0.9846359385437542,0.5616693184546175,0.6559786239144957,0.4255177020708083,0.9928966061562746,0.9905511811023622,0.9518716577540107,0.967391304347826,0.8837209302325582,0.8837209302325582,0.15577581411373162,0.08685165321181915,0.3893313821984994,1.8803832640867673,0.08797490103052072,4.5407666733206,0.8329092636057434
81,0.0010393667341724352,81.176113181049,91.76344749823534,9.596936107963645,0,23185.58251953125,1.2421425734796832,0.033845786409582745,0.02686079680639249,0.39381199946967504,0.9889112903225806,0.606188000530325,0.7264784946236559,0.49260752688172044,0.9978152929493546,0.9899507389162562,0.964095744680851,0.9837177747625508,0.8303030303030303,0.9785714285714285,0.1275427842973381,0.07545070638579707,0.3019581385838088,1.5592903764017167,0.08419595726875849,4.131265191621678,0.7167123725978277,1.5605857901837559,0.1802983968185837,0.03146181194112949,0.4496085275071577,0.9812959251837008,0.5503914730502673,0.642618570474282,0.3847695390781563,0.9866875489428347,0.9921259842519685,0.9668508287292817,0.9510869565217391,0.8717948717948718,0.7906976744186046,0.15545527426975125,0.0894523530143376,0.34466278895427166,1.8031597048263193,0.09175037262673846,4.756961932083568,0.8130347112376609
82,0.0010286300939501226,80.83521700906567,92.15042991923427,9.738117699982018,0,23185.58251953125,1.2416800984772303,0.03851097593239198,0.02689420029280647,0.392091638939355,0.989247311827957,0.6079083610606449,0.7296706989247311,0.4956317204301075,0.9986102838991463,0.9905474596297755,0.964,0.9836734693877551,0.8181818181818182,0.9712230215827338,0.12317836044296142,0.07371636247763069,0.2916074970396616,1.5122118822989925,0.08354662771346749,4.089337969339022,0.7210208933840516,1.5511941753711076,0.21306561903111043,0.0320149127097829,0.43537122015166296,0.978623914495658,0.5646287807242903,0.6566466265865063,0.41082164328657317,0.98515625,0.9929133858267717,0.9548022598870056,0.9184782608695652,0.875,0.813953488372093,0.13810780499088182,0.09252304607179855,0.344848481192936,1.8702763803975138,0.08930249730188526,4.5877292100477,0.8444208821696126
83,0.001017793349817682,81.13152713095769,91.81387634891017,9.098244451707409,0,23185.58251953125,1.2197339098940614,0.033858462238699316,0.026371410527136378,0.386501346865008,0.989247311827957,0.6134986531349921,0.7421034946236559,0.4981518817204301,0.9972271736977619,0.9917273980697262,0.9651474530831099,0.9795918367346939,0.8471337579617835,0.95,0.12240532120709778,0.07278191991230493,0.2814774018141531,1.461448243228338,0.07988970402267671,4.050014954741283,0.7252093527906684,1.4658300952267949,0.11291754270643095,0.030602064700367932,0.44077016651112794,0.9772879091516367,0.5592298329314472,0.6633266533066132,0.4094856379425518,0.9905138339920949,0.9866141732283464,0.9453551912568307,0.9402173913043478,0.7551020408163265,0.8604651162790697,0.12934690423225195,0.08192263289778409,0.3402535480583359,1.7795081868041096,0.09697087988028466,4.596613504923258,0.8429663256159128
84,0.0010068598027523534,81.02591933496296,91.93354498337337,10.08835313140705,0,23185.58251953125,1.1740335642650563,0.03189736918386032,0.02524936107057397,0.3722956116481494,0.9899193548387096,0.6277043883518506,0.7562163978494624,0.5275537634408602,0.9980182322631788,0.9925108395743003,0.967654986522911,0.9728997289972899,0.8414634146341463,0.9857142857142858,0.11668538302183151,0.06981831512624218,0.2712659190098445,1.4117477202928195,0.07637742502234315,3.789483198555567,0.6789932077930819,1.4591241375000061,0.15035444173747867,0.02977040887336852,0.4263330902667864,0.9866399465597863,0.5736669095739493,0.665998663994656,0.4422177688710755,0.9929078014184397,0.9921259842519685,0.967741935483871,0.9782608695652174,0.8809523809523809,0.8604651162790697,0.12869662002634827,0.0809518362413507,0.31185750700110343,1.731390859416587,0.08295903973525257,4.468515501869625,0.8025589333268588
85,0.0009958327832184889,81.14819805300795,91.79501429143423,9.340290710490237,0,23185.58251953125,1.2061444444041098,0.036351641807805306,0.02594391729242058,0.3812829589331022,0.9905913978494624,0.6187170410668978,0.7404233870967742,0.5161290322580645,0.9982149940499802,0.9921151192588212,0.9655629139072848,0.986468200270636,0.864516129032258,0.9571428571428572,0.12309997208336348,0.07211185098495534,0.2773189131290682,1.4647597632100504,0.07935042923656843,4.002643626223328,0.7101794490891118,1.5165677084155136,0.18953938541079093,0.03190294541941138,0.43170846834450305,0.9766199064796259,0.5682915335268519,0.6713426853707415,0.44288577154308617,0.9850980392156863,0.988976377952756,0.9453551912568307,0.9402173913043478,0.8461538461538461,0.7674418604651163,0.12090800185958465,0.09464192255067284,0.3538035572411302,1.8242898659460849,0.08270689703738124,4.424892601364839,0.8127331998082264
86,0.0009847156501530594,80.894098181976,92.08335549081762,9.233371039872528,0,23185.58251953125,1.2025271711810943,0.03286695481786224,0.02610915961364905,0.38118368451313306,0.9900873655913979,0.6188163154868669,0.739247311827957,0.516633064516129,0.9986105597459309,0.9915254237288136,0.9630118890356671,0.986468200270636,0.8471337579617835,0.9568345323741008,0.11780440494898826,0.07149083375610331,0.281018282296837,1.4795951458715624,0.07798225296440944,3.9612798921523558,0.7100565991094036,1.4884531189779002,0.14721968658542187,0.03174759820103645,0.43649528555338113,0.9806279225116901,0.5635047140484583,0.6539746158984636,0.42150968603874417,0.989763779527559,0.989763779527559,0.9666666666666667,0.9456521739130435,0.7872340425531915,0.8604651162790697,0.12842967706118413,0.08335617692293767,0.33131948278678125,1.8088084789778125,0.08571587408393243,4.696617804293483,0.7852576261531853
87,0.000973511789942491,81.68662591208704,91.189958170347,10.489681008041545,0,23185.58251953125,1.2047524490664083,0.03819524540480787,0.026211503212169935,0.3801152315191043,0.9885752688172043,0.6198847684808957,0.7447916666666666,0.5168010752688172,0.9974221693436447,0.9911330049261083,0.9653333333333334,0.9783783783783784,0.8176100628930818,0.948905109489051,0.11519527355188965,0.07085738899887249,0.26794738394598805,1.444493636649142,0.07919794517338917,3.959115528291272,0.7314394020265148,1.4423456914279966,0.13712775583815082,0.02932786519229213,0.42529668275244487,0.9812959251837008,0.574703317207739,0.6826987307949232,0.4395457581830327,0.992879746835443,0.9881889763779528,0.9516129032258065,0.9619565217391305,0.7872340425531915,0.8604651162790697,0.11951813764705925,0.09473515209868182,0.3046912398430691,1.6931056122661992,0.0837922560507724,4.494744789464998,0.8076753635444718
88,0.0009622246153911376,81.54599574406166,91.34721983626585,10.181499424801078,0,23185.58251953125,1.1584355036417644,0.031348462784863126,0.02564566499323294,0.36714712650545184,0.9915994623655914,0.6328528734945482,0.7604166666666666,0.5406586021505376,0.9990081333068835,0.9929022082018928,0.9759036144578314,0.9851351351351352,0.8353658536585366,0.9785714285714285,0.11661752105079672,0.06975047991320651,0.26638675248751076,1.3995987798577996,0.0758936380747185,3.7834504112120597,0.7037035678663561,1.471759382931487,0.1736263071243454,0.02980188778044784,0.4227770576894323,0.9792919171676687,0.5772229425892801,0.6833667334669339,0.44889779559118237,0.9866666666666667,0.9905511811023622,0.9505494505494505,0.9402173913043478,0.875,0.813953488372093,0.11219338201727959,0.08355483207689895,0.31096694018734083,1.7292481513523466,0.08234442084649442,4.303320966884942,0.8090571210475149
89,0.0009508575646817095,81.05983806797303,91.89507624914835,10.073291619618734,0,23185.58251953125,1.1677235518732378,0.038709402041164256,0.02509045997454274,0.3679745633115051,0.9904233870967742,0.632025436688495,0.7572244623655914,0.5376344086021505,0.9972293686918662,0.993297851369998,0.9703903095558546,0.9756427604871448,0.8653846153846154,0.9642857142857143,0.1133090284883335,0.06796641199178594,0.2565925733376575,1.3740683390248207,0.0759474671175403,3.7806711812173166,0.7087449924920195,1.4053988682084986,0.14912872271252697,0.028033087842549653,0.40941234616812816,0.9766199064796259,0.5905876541902164,0.6760187040748163,0.46559786239144957,0.98973954222573,0.9874015748031496,0.9553072625698324,0.9293478260869565,0.7254901960784313,0.8604651162790697,0.11617310077409865,0.08189427956152376,0.3038613829679623,1.6429606675305364,0.08000327836854026,4.229018237484083,0.7587602012700532
90,0.0009394141003279674,80.85263304202817,92.13058028831195,9.534917380220147,0,23185.58251953125,1.148457884147603,0.033016202255635355,0.02468913600289373,0.3635841832366041,0.990255376344086,0.6364158167633959,0.7619287634408602,0.5493951612903226,0.9976232917409388,0.9923167848699763,0.9717741935483871,0.9810040705563093,0.8427672955974843,0.9640287769784173,0.11172251034808416,0.06750559013697409,0.25635365949523065,1.3653137978687082,0.07549780446995971,3.702659241614803,0.6794066582956622,1.4389022658009807,0.1096926206068379,0.029964330710057586,0.4330817697521202,0.9779559118236473,0.566918231044201,0.6680026720106881,0.4255177020708083,0.9936254980079682,0.9818897637795275,0.9322916666666666,0.9728260869565217,0.76,0.8837209302325582,0.14365512622382215,0.0922607991722479,0.33350651600238235,1.7289075806846441,0.08795904277082914,4.682294133351338,0.7433465016071368
91,0.0009278977081200088,81.07498092693277,91.87791245628864,9.24410500577701,0,23185.58251953125,1.1522511782184723,0.03161489692333865,0.024915271478715122,0.3652403361053877,0.9897513440860215,0.6347596638946122,0.760752688172043,0.5495631720430108,0.9978183260610869,0.9915254237288136,0.9627659574468085,0.979702300405954,0.8607594936708861,0.9784172661870504,0.11269019439976702,0.0677815730613406,0.2572363216069437,1.395975862779925,0.07574314039240601,3.778709893585533,0.6723998352404563,1.3640144596756023,0.08962811123139275,0.02923071368005806,0.4150518804848314,0.9826319305277221,0.5849481199133293,0.6813627254509018,0.46158984635938544,0.9944444444444445,0.9866141732283464,0.946524064171123,0.9619565217391305,0.82,0.9534883720930233,0.12284613627151561,0.07846175788160795,0.2953682665675182,1.6881324854706157,0.08037009745657085,4.354727755886121,0.7492673233022034
92,0.0009163118960624624,81.00180955801625,91.96090853581207,9.796821358383342,0,23185.58251953125,1.1091880618885,0.02750193850470266,0.024508195238247994,0.352392642728744,0.991263440860215,0.647607357271256,0.7770497311827957,0.5730846774193549,0.9986119373388855,0.9923152709359606,0.9719626168224299,0.9877883310719131,0.85,0.9714285714285714,0.10827927683950753,0.06636377496104087,0.2458449121444456,1.3259771946937806,0.07239382337498408,3.557132021073372,0.6723444897641417,1.3768248570785573,0.13749158462545596,0.02861182235365481,0.40357382025174005,0.9812959251837008,0.5964261802260526,0.700066800267201,0.4789579158316633,0.9928684627575277,0.9866141732283464,0.9226804123711341,0.9728260869565217,0.9024390243902439,0.8604651162790697,0.11920039304989373,0.07855092005962201,0.2871477048080128,1.66711759089468,0.076676324437918,4.102781184928451,0.7483668521633925
93,0.000904660193305915,81.13511718797963,91.80981377942211,9.548380820981917,0,23185.58251953125,1.1362855504917841,0.03301498703020174,0.024756780665327785,0.3595045926750347,0.9885752688172043,0.6404954073249652,0.7708333333333334,0.5502352150537635,0.9972244250594766,0.9911330049261083,0.9651474530831099,0.975609756097561,0.8271604938271605,0.9640287769784173,0.10760795805723436,0.06542860376097823,0.24816793059149095,1.3458616387459539,0.07270649936731144,3.609591664806489,0.6739130452755959,1.4266441847056488,0.1291443048251585,0.029835046573219174,0.42255494175709,0.9806279225116901,0.577445058879967,0.676686706746827,0.4248496993987976,0.988198269079465,0.988976377952756,0.9565217391304348,0.9565217391304348,0.8571428571428571,0.8372093023255814,0.13913972009876688,0.08679040336736298,0.3087047775666078,1.6832835516614284,0.08121958922447964,4.340473896197342,0.7646914337504762
94,0.0008929461490718986,81.15678345004562,91.78530349943055,9.654888045403265,0,23185.58251953125,1.1530665575817067,0.03164249879460762,0.024283272704930716,0.3657135937803535,0.9904233870967742,0.6342864062196465,0.760752688172043,0.5436827956989247,0.9984126984126984,0.9915270935960591,0.9628647214854111,0.983739837398374,0.8670886075949367,0.9856115107913669,0.1105743809252657,0.06771825678566451,0.25639893467067393,1.3768436799767196,0.07530294298644989,3.7735224257233324,0.6707804834329953,1.443210979820333,0.16162209880818865,0.029999057217964586,0.41719660658635693,0.978623914495658,0.5828033936525394,0.6940547762191048,0.45357381429525717,0.9874312647289867,0.989763779527559,0.9553072625698324,0.9293478260869565,0.8222222222222222,0.8604651162790697,0.1183349078069469,0.07912990365254537,0.3181183616877717,1.6906726049755763,0.08783070556943864,4.299400049284768,0.7935006760244937
95,0.0008811733315717638,81.03537881397642,91.92281333193753,9.905940932612266,0,23185.58251953125,1.1169178575597785,0.026390381352362595,0.024570686021639455,0.355318929559441,0.990255376344086,0.644681070440559,0.7731854838709677,0.563508064516129,0.9982149940499802,0.9919195900670082,0.9615894039735099,0.9824086603518268,0.8709677419354839,0.9712230215827338,0.10645135419984017,0.06511847374420013,0.2489247493525987,1.3446244571798591,0.07435009147851698,3.6177514573579193,0.672729084889094,1.4023357669592063,0.15555664523253956,0.029681160152655248,0.4056993189380419,0.9819639278557114,0.594300681619383,0.6993987975951904,0.47361389445557783,0.989763779527559,0.989763779527559,0.9468085106382979,0.967391304347826,0.8974358974358975,0.813953488372093,0.11935210817244025,0.07970709918575758,0.29599889087613296,1.7159191557145868,0.08102789782012552,3.9661254373166908,0.7859317420240872
96,0.0008693453269197667,80.74454436800443,92.25391087786876,9.579331674883443,0,23185.58251953125,1.0747496479301042,0.022609634724538273,0.023379704904972865,0.34292009953529606,0.9924395161290323,0.657079900464704,0.7901545698924731,0.5799731182795699,0.9986130374479889,0.9934949733885275,0.9772117962466488,0.9851351351351352,0.8679245283018868,0.9928057553956835,0.10495654974252946,0.06299370006527952,0.2349243015050888,1.2705080765549854,0.07202391438586737,3.355248015414002,0.6732313709874307,1.3071275983719963,0.10227079099478448,0.027698569823462086,0.39238608305503625,0.9859719438877755,0.607613917104228,0.7261189044756179,0.48363393453573816,0.9944664031620554,0.9905511811023622,0.9574468085106383,0.9782608695652174,0.8636363636363636,0.8837209302325582,0.12001889247295454,0.07616241765006351,0.2659918995961079,1.5905764165048848,0.0789010927688303,3.865997304260213,0.7512292537039411
97,0.0008574657380407047,80.93043273699004,92.04201371575469,10.167106607908844,0,23185.58251953125,1.0622258006885488,0.02632461500529986,0.023303258503156322,0.33753264334893995,0.9926075268817204,0.66246735665106,0.7977150537634409,0.5939180107526881,0.9990097048920579,0.993304450571091,0.9719251336898396,0.9891156462585035,0.8838709677419355,0.9856115107913669,0.10342135596820103,0.061528159285424856,0.22616080122609292,1.2214128586553759,0.07116651995688357,3.331223299426417,0.6578835428401988,1.3185706983507675,0.12004608915261451,0.02703525686142599,0.39049645034010283,0.9839679358717435,0.6095035491821045,0.7241148964595858,0.49766199064796257,0.9921259842519685,0.9921259842519685,0.9720670391061452,0.9456521739130435,0.8125,0.9069767441860465,0.11132770183489334,0.08175544334238341,0.26493940340652417,1.602612826054942,0.0767947942635658,3.876169453164141,0.7154045436250105
98,0.0008455381835724309,81.28909516194835,91.63590743825743,10.276928096689204,0,23185.58251953125,1.0703664748899397,0.02160201538591996,0.023000723752443508,0.34192124810270086,0.9932795698924731,0.6580787518972991,0.7931787634408602,0.5883736559139785,0.999208391054819,0.9946808510638298,0.9797843665768194,0.9864314789687924,0.8662420382165605,0.9784172661870504,0.10084741995219261,0.062024528020492166,0.22563993177747213,1.2778524826931696,0.07163100861894187,3.3058396706017117,0.643477463594047,1.3912653169714775,0.15607765358396786,0.027439154336153068,0.4025828374093106,0.9812959251837008,0.5974171625110573,0.7047428189712759,0.4816299265197061,0.9905288082083662,0.9881889763779528,0.9365079365079365,0.9619565217391305,0.9024390243902439,0.8604651162790697,0.12338594794671537,0.07669705260014964,0.2846133270977176,1.6180864944407043,0.08033904650247965,4.0602638280304095,0.7196523708427598
99,0.0008335662967635807,81.11072314402554,91.8374255740892,10.397279395852038,0,23185.58251953125,1.0641462040203873,0.02545072630117272,0.023152808318295144,0.33851422673912457,0.9922715053763441,0.6614857732608754,0.7956989247311828,0.5950940860215054,0.9990089197224975,0.9936908517350158,0.9811320754716981,0.9837837837837838,0.8363636363636363,0.9857142857142858,0.10117031938286238,0.06288117703090432,0.2298940066047894,1.269700567568502,0.07120128833158042,3.2602981982692594,0.6517830846771118,1.3605131451575534,0.13977828811674953,0.02757116374058889,0.3977212311429984,0.9826319305277221,0.6022787686579213,0.717434869739479,0.48830995323981297,0.9928741092636579,0.9874015748031496,0.9417989417989417,0.967391304347826,0.8666666666666667,0.9069767441860465,0.1229302535952133,0.08813411598613283,0.28564826121868575,1.5786388960375177,0.0779164837612338,3.94099233623497,0.7511198226021542
100,0.0008215537243668507,80.94105394906364,92.02993581832614,10.210139500197544,0,23185.58251953125,1.037584686792025,0.023340759317732357,0.02265304039602959,0.33053029416709817,0.9926075268817204,0.6694697058329018,0.8009072580645161,0.6107190860215054,0.998811174955419,0.9938880126182965,0.9759358288770054,0.9864864864864865,0.8726114649681529,0.9785714285714285,0.09876113400984836,0.0615765334617707,0.2177671270985757,1.2220138958705369,0.06735100961660825,3.2263861945880357,0.6427137073009245,1.3059700251262667,0.12161129140951431,0.027878923305548583,0.3854932697438843,0.9853039412157648,0.61450673041538,0.7341349365397462,0.5050100200400801,0.995249406175772,0.989763779527559,0.9623655913978495,0.9728260869565217,0.8125,0.9069767441860465,0.10841417981531912,0.07291049621227827,0.25728380130622575,1.5617082859566789,0.07466533340130477,3.838864771779888,0.753007687483936
101,0.0008095041255281611,81.03194714500569,91.92670622452283,10.333565906811787,0,23185.58251953125,1.0327836851919852,0.023627976117554243,0.02229730426383916,0.3289528034066641,0.9929435483870968,0.6710471965933359,0.8061155913978495,0.6137432795698925,0.9984155278272925,0.9940840070991915,0.9812583668005355,0.9892037786774629,0.8717948717948718,0.9714285714285714,0.09895124438629356,0.06069335705971205,0.22010059286189335,1.196210975288063,0.06708694978426862,3.1529109593360656,0.6286289249697039,1.3292342900592802,0.13278914228549543,0.026991571156020633,0.38981785619744636,0.9819639278557114,0.6101821435636573,0.7247828991315965,0.4923179692718771,0.9921073401736386,0.989763779527559,0.9668508287292817,0.9510869565217391,0.7755102040816326,0.8837209302325582,0.11186031588093791,0.07589032129199806,0.2727404647297117,1.5608891759144918,0.07731691717544077,3.7711063708634716,0.7575887248129071
102,0.0007974211706720453,80.90218674798962,92.07414903633745,10.01493473975889,0,23185.58251953125,1.019874015162068,0.021740965712289777,0.02246558631179474,0.3252224870907363,0.9921034946236559,0.6747775129092637,0.8111559139784946,0.6155913978494624,0.998217115689382,0.9931020890815925,0.9719626168224299,0.986449864498645,0.8903225806451613,0.9857142857142858,0.09710252180855761,0.059752977863755274,0.21772650605247867,1.1909039943448958,0.06645120808514215,3.160252217323549,0.6479236368210085,1.3156619929598423,0.14202326992072498,0.02653445987032108,0.38236808991862203,0.9832999331997327,0.6176319109573313,0.7334669338677354,0.5090180360721442,0.9929022082018928,0.9913385826771653,0.9830508474576272,0.9456521739130435,0.75,0.9069767441860465,0.11109768874500303,0.07340931311080515,0.2897779525879151,1.525512096478928,0.07468805634824133,3.5309767382258004,0.71966553371432
103,0.0007853085403836025,81.79663446603809,91.06731650545868,11.046352289056266,0,23185.58251953125,1.0014153468993403,0.02451214151862528,0.021964286464036153,0.31831297246358725,0.9910954301075269,0.6816870275364127,0.8175403225806451,0.6369287634408602,0.9986119373388855,0.9925108395743003,0.9680851063829787,0.9851150202976996,0.8598726114649682,0.9712230215827338,0.09182548322664794,0.05881158342604996,0.21304722402685433,1.141238812797813,0.0664096384118962,3.0228085184610016,0.6184931435892659,1.306549308773033,0.1493374383016057,0.026753440838986505,0.37681947860545767,0.9846359385437542,0.6231805219121511,0.7354709418837675,0.5303941215764864,0.9913589945011784,0.9937007874015747,0.9668508287292817,0.9510869565217391,0.8604651162790697,0.8604651162790697,0.11474402681859079,0.07021913882009014,0.2563397172457708,1.5170922849523918,0.07557677999686303,3.6712909155713773,0.7170180955885567
104,0.0007731699242873568,80.92690755799413,92.04602306917351,10.209185195225542,0,23185.58251953125,1.0011390806526266,0.025575408311304136,0.022251514868149833,0.31777071952819824,0.9926075268817204,0.6822292804718018,0.8156922043010753,0.6352486559139785,0.9984164687252574,0.9942834614626453,0.9719251336898396,0.9824324324324324,0.9013157894736842,0.9856115107913669,0.09459997881804744,0.05731843596184125,0.21044647188917284,1.1610624488963877,0.06320071985484452,3.11842094954624,0.6405517651188758,1.4096329178743228,0.1868286592837326,0.028017153004128374,0.39826235969463186,0.9839679358717435,0.6017376409822411,0.7127588510354042,0.48563794255177023,0.985981308411215,0.9968503937007874,0.9885057471264368,0.9347826086956522,0.8974358974358975,0.813953488372093,0.11000184082714175,0.07651830914025316,0.264951419894028,1.5789817218869706,0.07634855001547691,4.217524995466193,0.7628241509059787
105,0.00076100901992336,81.10043760994449,91.8490728228402,10.5038208089849,0,23185.58251953125,1.019933355751858,0.02740858332629526,0.022374878497293558,0.3233832966896795,0.9910954301075269,0.6766167033103204,0.8121639784946236,0.6204637096774194,0.9976232917409388,0.992512315270936,0.9731903485254692,0.983739837398374,0.8662420382165605,0.9784172661870504,0.09501598278681438,0.061020140926684105,0.22187953065800411,1.1880304153247545,0.06882980666173402,3.0965142519243303,0.6237556197310007,1.2967072026125972,0.12840709346828705,0.02701399191522208,0.38042871033898495,0.9839679358717435,0.6195712895415668,0.7414829659318637,0.5163660654642619,0.9897959183673469,0.9929133858267717,0.9779005524861878,0.9619565217391305,0.8333333333333334,0.813953488372093,0.09805309127471251,0.07187483544817908,0.2551137779900927,1.4794404661169671,0.07791237291209922,3.7151782609815984,0.7151555295140248
106,0.0007488295316208871,81.17279887502082,91.76719422314105,11.082298191644812,0,23185.58251953125,0.9997167638553086,0.021166198976120102,0.02198522756256724,0.3188551119578782,0.9939516129032258,0.6811448880421218,0.8168682795698925,0.6354166666666666,0.9994054696789536,0.994282334384858,0.9735099337748344,0.9919028340080972,0.9139072847682119,0.9928057553956835,0.09208879908246378,0.05722007692180654,0.21275775294790986,1.1784297506655417,0.06570577897852467,3.0004567087337537,0.6341758674831801,1.3077081984174037,0.14895212752701006,0.026671824209098426,0.37736141594075806,0.9832999331997327,0.6226385838999777,0.7454909819639278,0.5250501002004008,0.990558615263572,0.9913385826771653,0.946236559139785,0.9565217391304348,0.925,0.8604651162790697,0.11279330033816412,0.07177651716855342,0.2614978409323122,1.5097376403604736,0.078187426727616,3.5484842569253088,0.7438052590879187
107,0.0007366351693700601,81.17696894297842,91.76248013438936,9.918106648229784,0,23185.58251953125,0.9960470314948789,0.024364890282071117,0.02193012079524417,0.31658400579165386,0.9932795698924731,0.6834159942083461,0.8187163978494624,0.6438172043010753,0.998812821527503,0.9944838455476753,0.9784075573549258,0.9850543478260869,0.8853503184713376,0.9928571428571429,0.09041286500230912,0.05742540302616294,0.20564502365486595,1.1532476044470263,0.06438170689889179,3.0717509677333217,0.6369116793396652,1.3693327600349166,0.18146309378117065,0.025762748844180016,0.3873689725308237,0.9826319305277221,0.6126310275886245,0.7187708750835003,0.503006012024048,0.9897959183673469,0.9929133858267717,0.9613259668508287,0.9456521739130435,0.8571428571428571,0.8372093023255814,0.1169887909350908,0.07489102748368849,0.26806226569808317,1.6045275670970849,0.07903884185021451,3.83188404396684,0.7240693417882315
108,0.0007244296476917501,81.23556461010594,91.69629134421407,9.97959025188159,0,23185.58251953125,0.9711565497100995,0.02616749126016618,0.021068619223692082,0.30797347843006095,0.9927755376344086,0.692026521569939,0.8326612903225806,0.6507056451612904,0.9990112715048448,0.9952718676122931,0.9756756756756757,0.9809782608695652,0.8709677419354839,0.9642857142857143,0.09146298171691997,0.05622531894233919,0.19586688824879225,1.1179222916403124,0.06285071445088233,2.938122791628684,0.6147905238853988,1.2934428430352118,0.13311657252918702,0.025387888552798936,0.3783127934676293,0.9806279225116901,0.6216872068110831,0.7327989311957248,0.5243820975283902,0.989010989010989,0.9921259842519685,0.9657142857142857,0.9184782608695652,0.8125,0.9069767441860465,0.11694953468694795,0.07157912553750283,0.26019278381694216,1.500763240144025,0.08006151995025003,3.505162455037027,0.6992693699114946
109,0.0007122166845060977,81.26466421294026,91.66345633916802,10.25712025550104,0,23185.58251953125,0.9591990677259301,0.02258024852684078,0.02113047674778969,0.3051627803874272,0.9924395161290323,0.6948372196125728,0.8314852150537635,0.6544018817204301,0.998811174955419,0.9934962554197871,0.9680851063829787,0.986449864498645,0.9019607843137255,0.9857142857142858,0.08915638963701905,0.0567880760357585,0.19712645704707793,1.0810773885378273,0.06113619822007354,2.857241872818239,0.6217300593852997,1.2914852254296751,0.16392264511055482,0.025966370657444716,0.36719873688901034,0.9832999331997327,0.6328012629517253,0.7481629926519706,0.5410821643286573,0.9921073401736386,0.989763779527559,0.9468085106382979,0.967391304347826,0.8809523809523809,0.8604651162790697,0.10382491823985088,0.07117377732225315,0.25248702908645254,1.4493733611836304,0.07149747330583409,3.522906337169782,0.730176830100631
110,0.0006999999999999993,81.12059299706016,91.8262518158608,10.966672733265867,0,23185.58251953125,0.9445481563127169,0.022919898038737535,0.021386318729930028,0.30008064610983737,0.9927755376344086,0.6999193538901627,0.838877688172043,0.6686827956989247,0.9992063492063492,0.9932938856015779,0.9747340425531915,0.9878706199460916,0.875,1.0,0.08748718807774206,0.053922763995585904,0.1895894762328876,1.0939111260957615,0.06009249397182977,2.831572595463004,0.6441447863014795,1.229864098345668,0.11884584655965329,0.025402944987924718,0.3618717655867995,0.9866399465597863,0.638128234771545,0.7615230460921844,0.554442217768871,0.9936908517350158,0.9921259842519685,0.9572192513368984,0.9728260869565217,0.9047619047619048,0.8837209302325582,0.1032476530285302,0.06559486204413628,0.23476774213150015,1.4524012573894534,0.0700488736331662,3.466671858935971,0.707522484646213
111,0.0006877833154939009,80.7571763379965,92.23948059827376,10.130967811871601,0,23185.58251953125,0.9548807336438087,0.02760564207640146,0.021233122204981185,0.30201399005869384,0.993111559139785,0.6979860099413062,0.8373655913978495,0.664986559139785,0.9986152324431257,0.994679802955665,0.9746328437917223,0.9878213802435724,0.8986486486486487,0.9637681159420289,0.0894463676358423,0.055271991318272005,0.1889266564801175,1.0704076735563175,0.06260111070768808,2.871140132668198,0.6258181743724371,1.2244973659674645,0.13208553209433016,0.025941633522938552,0.35549006517043336,0.9839679358717435,0.6445099353471755,0.7688710754843019,0.5484301937207748,0.991345397324941,0.9921259842519685,0.9565217391304348,0.9565217391304348,0.8809523809523809,0.8604651162790697,0.10138237548017788,0.07174815077262475,0.24106208754127315,1.4373095097666035,0.07176695319120296,3.315674582400478,0.7545227224060752
112,0.0006755703523082489,81.76057788194157,91.10747738055382,10.857970929914906,0,23185.58251953125,0.937263863061064,0.018459778222736093,0.020540915699976105,0.2994210566243818,0.9932795698924731,0.7005789433756182,0.8422379032258065,0.6668346774193549,0.9984164687252574,0.9944794952681388,0.9785809906291834,0.9851752021563343,0.8954248366013072,0.9927536231884058,0.0904804202978329,0.05481701282163461,0.1895970078886196,1.061779118994231,0.06036903540934286,2.783474181288032,0.6181759731743925,1.266064895417743,0.14827902565984605,0.025828977489349998,0.363985632249492,0.9886439545758183,0.6360143681884847,0.751503006012024,0.5384101536406145,0.9929245283018868,0.9944881889763779,0.9782608695652174,0.9782608695652174,0.9024390243902439,0.8604651162790697,0.11708442768257463,0.07038501269353893,0.25431664912160745,1.4089390608813657,0.07015242278774977,3.6431526077056455,0.7086767860468659
113,0.0006633648306299389,80.95093437097967,92.01870315496214,10.747185127709502,0,23185.58251953125,0.9414214312389333,0.022119594249694098,0.020641922970773073,0.2995533045902047,0.9936155913978495,0.7004466954097953,0.8419018817204301,0.6686827956989247,0.9988118811881188,0.9944794952681388,0.9786950732356857,0.9919028340080972,0.8940397350993378,0.9712230215827338,0.0895598199098341,0.055181770415235594,0.19079780730829443,1.0535910943503022,0.06142634461804103,2.8497956119557863,0.6246265172958374,1.290021119869464,0.1713566649139037,0.02582966137251897,0.364278260118259,0.9832999331997327,0.635721740518798,0.7548430193720775,0.5577822311289246,0.990558615263572,0.9913385826771653,0.9513513513513514,0.9565217391304348,0.9024390243902439,0.8604651162790697,0.10898458503769012,0.06972753890132458,0.24481873107736876,1.4473530521532976,0.06901502187202672,3.476450449319864,0.7672054874315689
114,0.0006511704683791117,80.80873973795678,92.18062333548707,9.368803967711745,0,23185.58251953125,0.91696895130219,0.021594078620671676,0.01999149224170113,0.2917944609477956,0.9937836021505376,0.7082055390522044,0.8521505376344086,0.6854838709677419,0.9988121164125916,0.9942845880961766,0.9786096256684492,0.991869918699187,0.9019607843137255,0.9857142857142858,0.08864105324591359,0.052698453507756676,0.1797973894944755,0.9945010651824295,0.0570769960120801,2.7437930735208655,0.6161859330310616,1.1996320329989762,0.11201277543490774,0.025290802861492316,0.3541094888108686,0.9853039412157648,0.6458905111094992,0.7668670674682698,0.5591182364729459,0.9936808846761453,0.9905511811023622,0.9528795811518325,0.9891304347826086,0.875,0.813953488372093,0.10264092409061287,0.0685846686920645,0.2362780821028756,1.4289318739611385,0.06833176606483433,3.235416236525786,0.7084508639777113
115,0.0006389909800766386,81.15370744396932,91.78878247975285,11.021852595831758,0,23185.58251953125,0.9038723271380189,0.01657459688884887,0.020123360628482474,0.2890581245063454,0.9932795698924731,0.7109418754936546,0.8536626344086021,0.6940524193548387,0.9992076069730587,0.9938916256157635,0.9732977303070761,0.989145183175034,0.896774193548387,0.9928571428571429,0.08770233665102271,0.05236720417936643,0.1800018762068082,1.010341686907635,0.05894702128184739,2.6786192950382026,0.6094726942559724,1.230255620990822,0.13103876110357926,0.024746213571162884,0.3581568805790776,0.9873079492317969,0.6418431192218421,0.7548430193720775,0.569806279225117,0.9913657770800628,0.9944881889763779,0.967391304347826,0.967391304347826,0.9487179487179487,0.8604651162790697,0.10218145199115068,0.06766765485545677,0.23307402753479575,1.4040996599930002,0.06762977879128619,3.4661196987073106,0.7039062777756848
116,0.0006268300757126421,81.01897493202705,91.94142491002299,11.796457777741136,0,23185.58251953125,0.904946623309966,0.020736395871774945,0.02008161849031846,0.2880428709009642,0.9937836021505376,0.7119571290990357,0.8539986559139785,0.6886760752688172,0.9990100970104929,0.994481671265274,0.9786381842456608,0.9932249322493225,0.8947368421052632,0.9714285714285714,0.08605879917740822,0.05326499417424202,0.178578916176032,1.002941757120112,0.05494155618612484,2.697000563785594,0.6033986957483394,1.2615159690260649,0.15184432850950308,0.025935677942149862,0.3612453218054278,0.9839679358717435,0.6387546783936525,0.7561790247160989,0.5531062124248497,0.9921197793538219,0.9913385826771653,0.9513513513513514,0.9565217391304348,0.8837209302325582,0.8837209302325582,0.10812166490471992,0.06732389571751128,0.2344734461688167,1.4466438166045632,0.06931719576110025,3.573220282932401,0.7318942210796919
117,0.0006146914596163963,81.01151705009397,91.94988899410271,10.634581755566341,0,23185.58251953125,0.8936380756798611,0.018978989676989223,0.019939015088703042,0.28490668983869655,0.9932795698924731,0.7150933101613034,0.8539986559139785,0.7027889784946236,0.9988121164125916,0.9938928289992119,0.9772423025435074,0.9918478260869565,0.8896103896103896,0.9785714285714285,0.08648370823232077,0.05190278838078181,0.1788388368102812,0.9911944241293015,0.05461213064770545,2.704706556053572,0.6188828147226765,1.198405622798917,0.12516611121699422,0.024860496732917084,0.3494596668458734,0.9812959251837008,0.650540333393023,0.7682030728122913,0.5671342685370742,0.989763779527559,0.989763779527559,0.9611111111111111,0.9402173913043478,0.8297872340425532,0.9069767441860465,0.11068350454928004,0.06925387484436443,0.23190213635354817,1.362376471081812,0.06289675025519484,3.2724817004614697,0.7254605493946878
118,0.0006025788293279536,81.08424449304584,91.8674157547199,11.401677336744083,0,23185.58251953125,0.8677763054447789,0.01608040867362707,0.0193860086321991,0.2774366287774937,0.9944556451612904,0.7225633712225062,0.8623991935483871,0.7121975806451613,0.999208391054819,0.9952690715552928,0.9838274932614556,0.9878213802435724,0.89171974522293,1.0,0.08006404035834856,0.05103148217563347,0.17112642839070288,0.9314079198145098,0.054652570276170646,2.5200990323097474,0.6121583718766448,1.2486665052975825,0.1601394054317522,0.025038912660910753,0.35449606247878346,0.9866399465597863,0.6455039379193772,0.7722110888443554,0.5577822311289246,0.9921383647798742,0.9937007874015747,0.967391304347826,0.967391304347826,0.9024390243902439,0.8604651162790697,0.10686794311584595,0.07468660688432122,0.22472079244548668,1.3628398841750884,0.06730980322053612,3.3777794745578396,0.7284640144648835
119,0.0005904958744718376,80.80682650301605,92.18280586383344,11.004429273707892,0,23185.58251953125,0.8671590391025749,0.016368913271630894,0.01965488946085335,0.2770450788159524,0.995127688172043,0.7229549211840476,0.8622311827956989,0.7095094086021505,0.9990110759493671,0.9960560047327943,0.9852348993288591,0.99055330634278,0.9139072847682119,0.9857142857142858,0.08102164397476821,0.05053386717073379,0.16791449951869186,0.9364600700716819,0.05439396118444781,2.5659171099303872,0.6150865894491955,1.2415109051810795,0.18225538281664133,0.024472516642245118,0.3449276699252183,0.9859719438877755,0.6550723300747817,0.7808951235804943,0.5604542418169672,0.9898198903680501,0.9952755905511811,0.9777777777777777,0.9565217391304348,0.9,0.8372093023255814,0.09224033865358484,0.06560162432446986,0.22178086552846088,1.2564532777509771,0.06543442792070653,3.232688501188575,0.6725040313476073
120,0.0005784462756331482,81.30527395696845,91.61767296845282,10.595808085574898,0,23185.58251953125,0.8592045159750087,0.016820321533477223,0.01963779443414301,0.2742488006109832,0.994119623655914,0.7257511993890168,0.8664314516129032,0.714885752688172,0.9990110759493671,0.9948788654717353,0.9798115746971736,0.9891304347826086,0.9019607843137255,0.9928057553956835,0.0827269770845931,0.05017601157869062,0.16946536606998855,0.9473450074913681,0.053154326134151025,2.504488451506502,0.5894048085776709,1.202224188911652,0.13293000686921194,0.024360960555986397,0.3483110794880905,0.9826319305277221,0.6516889210295184,0.7668670674682698,0.5784903139612558,0.9913249211356467,0.989763779527559,0.9513513513513514,0.9565217391304348,0.8636363636363636,0.8837209302325582,0.10765071160489109,0.0697757576653857,0.22708015085142616,1.3338993915973223,0.06693164738481173,3.2969519615810396,0.6858160889140749
121,0.0005664337032364181,81.14119575498626,91.80293598941999,11.034335946524015,0,23185.58251953125,0.871926361514676,0.017114496367319453,0.019671735544038074,0.2783800427631665,0.9949596774193549,0.7216199572368335,0.8634072580645161,0.7127016129032258,0.9994061757719715,0.9954652996845426,0.983957219251337,0.9945945945945946,0.9013157894736842,0.9785714285714285,0.08121230593451889,0.051443445706559766,0.17177302758860333,0.9647948312503035,0.05416897141564918,2.5677644796268915,0.6248628872056161,1.2390912441547983,0.1825918657859164,0.024742304187569127,0.3439190300926815,0.9846359385437542,0.6560809696684221,0.7768871075484302,0.5905143620574482,0.991345397324941,0.9921259842519685,0.9516129032258065,0.9619565217391305,0.925,0.8604651162790697,0.09692688536150262,0.06626774552828803,0.23295162037841144,1.3407804123465028,0.06576482239928975,3.34243752499302,0.7204966548290266
122,0.000554461816427568,80.54387568193488,92.48375418903179,10.930458156011438,0,23185.58251953125,0.8446615306279992,0.012983012980370287,0.019170709745457735,0.2708359360694885,0.9946236559139785,0.7291640639305115,0.8654233870967742,0.7242943548387096,0.999208547685002,0.9950738916256158,0.9825503355704698,0.991869918699187,0.9019607843137255,0.9928057553956835,0.07912988840572295,0.04943037221348414,0.1667500430698036,0.9333755101567955,0.051932029966865814,2.511122226715088,0.6017248249182137,1.2135407950930701,0.15898435900787872,0.024548092960276123,0.34333610936810194,0.9879759519038076,0.6566638908309783,0.7788911155644622,0.5865063460253841,0.9921445404556166,0.9944881889763779,0.9675675675675676,0.9728260869565217,0.9487179487179487,0.8604651162790697,0.09817838477706145,0.06722482825886351,0.21750410604891016,1.3273280009318769,0.064194378648986,3.2342400764256376,0.7027401678866358
123,0.000542534261959294,81.09006819804199,91.86081804503729,10.620365286386141,0,23185.58251953125,0.8354760248173949,0.013685634315513971,0.01902207280058534,0.2675894396279448,0.9952956989247311,0.7324105603720552,0.8743279569892473,0.7264784946236559,0.9996043521266074,0.9962539432176656,0.982620320855615,0.9919028340080972,0.912751677852349,0.9784172661870504,0.0771264866475136,0.04858308539835997,0.16120269782440635,0.9061362935650733,0.053016412762864944,2.440256422565829,0.5827978589842396,1.2361021908267626,0.16625444362507405,0.0236471606954763,0.34873353113073785,0.9826319305277221,0.65126646878963,0.7768871075484302,0.5684702738810955,0.9890196078431372,0.9929133858267717,0.9666666666666667,0.9456521739130435,0.8571428571428571,0.8372093023255814,0.09297665358386042,0.06495631513550987,0.2175582377370708,1.3383211506631427,0.06506651094458306,3.408375405596349,0.6720675874250128
124,0.0005306546730802319,81.25263035309035,91.67703208658875,12.070182856693062,0,23185.58251953125,0.8500687627382176,0.01977991600619799,0.01864167892684539,0.27054905635054394,0.9939516129032258,0.7294509436494561,0.8719758064516129,0.7162298387096774,0.9988135258058137,0.9948788654717353,0.9798115746971736,0.9877883310719131,0.9013157894736842,0.9927536231884058,0.07841169209249559,0.05001946738971177,0.16648234979760262,0.8671847969614049,0.05355010632305376,2.4681926068439277,0.5633516058485996,1.2381562301136289,0.1738598984174689,0.024927311166921852,0.34645633699102407,0.9832999331997327,0.6535436634071365,0.7788911155644622,0.561122244488978,0.9913249211356467,0.989763779527559,0.9473684210526315,0.9782608695652174,0.8974358974358975,0.813953488372093,0.10550255749969381,0.06781070456953947,0.2263706034632946,1.3558920361474902,0.06719111376949048,3.1882761494669025,0.7216061265291814
125,0.0005188266684282349,80.93298793199938,92.03910778950502,10.755037451303133,0,23185.58251953125,0.8361080570887494,0.01881012888074482,0.01902820277077857,0.26608990853832615,0.9934475806451613,0.7339100914616739,0.8718077956989247,0.7273185483870968,0.9992077639136463,0.9938928289992119,0.976063829787234,0.994579945799458,0.8874172185430463,0.9710144927536232,0.07691874835760362,0.0489981512549103,0.16185325672549586,0.891544569243667,0.05175083879661817,2.3925955616017824,0.6001474447147821,1.1583037687765414,0.10936831291136627,0.02435021261568259,0.3415284079556156,0.9879759519038076,0.6584715922832808,0.7875751503006012,0.5811623246492986,0.9936958234830575,0.9929133858267717,0.9835164835164835,0.9728260869565217,0.8478260869565217,0.9069767441860465,0.09264769965039943,0.0617236455600104,0.20667089489036666,1.30214400918944,0.0689226746479511,3.255658340199279,0.7176694385831803
126,0.0005070538509281,80.9733506051125,91.99322918384564,9.832044386094616,0,23185.58251953125,0.8217901388804117,0.019010711743737953,0.018936450222647318,0.26128099169782415,0.9946236559139785,0.7387190083021759,0.8751680107526881,0.734375,0.9988137603795967,0.9956641702798581,0.986468200270636,0.9878048780487805,0.896774193548387,0.9928571428571429,0.07388561174914401,0.047373337090335865,0.1590417555423193,0.8687610571743339,0.05061319200021605,2.3312944141767358,0.5999614362434674,1.1503569905409115,0.10897284113219084,0.02503831598362727,0.3387819429835878,0.9826319305277221,0.6612180570960443,0.7828991315965264,0.5891783567134269,0.9913385826771653,0.9913385826771653,0.9611111111111111,0.9402173913043478,0.8297872340425532,0.9069767441860465,0.08990944809489992,0.0644523146635067,0.22451687623599248,1.3309315826069457,0.06979409423603881,3.2370138480492887,0.7447534929376167
127,0.0004953398066940838,80.92334109300282,92.05007973458589,10.379907044031286,0,23185.58251953125,0.8130205985038511,0.0164299192240647,0.018401303999526525,0.25939645818484725,0.9946236559139785,0.7406035418151528,0.8805443548387096,0.7375672043010753,0.9994067629029069,0.9950777712148061,0.9851351351351352,0.9918367346938776,0.8838709677419355,0.9927536231884058,0.07539220286473151,0.047340870644616825,0.15650633514247914,0.846854817482733,0.05119491600862113,2.336814053596989,0.5914687642487146,1.1674012978553134,0.14696092284847556,0.02489272158769623,0.3318492204806927,0.9832999331997327,0.6681507801165482,0.7915831663326653,0.5958583834335337,0.9890196078431372,0.9929133858267717,0.9615384615384616,0.9510869565217391,0.9,0.8372093023255814,0.09242902537863813,0.06671125807599697,0.21228208379420585,1.2945985405462619,0.06549962743887841,3.1322533525302556,0.7303761206393092
128,0.0004836881039375364,81.06280892901123,91.89170839766088,11.141790728415213,0,23185.58251953125,0.8047034157219753,0.016076149421688345,0.01852012617934135,0.25670238015472246,0.9947916666666666,0.7432976198452775,0.8839045698924731,0.7463037634408602,0.9990120529539617,0.9956675856636471,0.9837618403247632,0.9891156462585035,0.9078947368421053,0.9928057553956835,0.07326978184683348,0.04662887183248356,0.15444046747620388,0.8332328469522537,0.050363988245046266,2.348458088854308,0.5988219420435608,1.1287989322551506,0.1105792527547406,0.024253214039431068,0.3313221560371822,0.9879759519038076,0.6686778441220821,0.7909151636606546,0.6052104208416834,0.994475138121547,0.9921259842519685,0.9476439790575916,0.9836956521739131,0.9743589743589743,0.8837209302325582,0.08766834864874402,0.0615412593286039,0.2122877693685915,1.2735113693064024,0.06433032756657622,3.0588040246753274,0.6989781068178839
129,0.00047210229187999,81.30608222202864,91.61676219570457,11.355405940804431,0,23185.58251953125,0.8040824801691117,0.013784585050582606,0.018136789481486042,0.2573870356364917,0.9947916666666666,0.7426129643635083,0.8795362903225806,0.7415994623655914,0.999604273842501,0.9952718676122931,0.9851351351351352,0.9904891304347826,0.8860759493670886,1.0,0.0728530071836005,0.04632196507306509,0.15263357229771152,0.8373740844188198,0.05054674694134343,2.3595602896905716,0.5962229076252189,1.1919516946127515,0.16235407904156285,0.02500564680399302,0.33486398554835706,0.9832999331997327,0.6651360149294357,0.7835671342685371,0.6032064128256514,0.990558615263572,0.9913385826771653,0.9476439790575916,0.9836956521739131,0.9142857142857143,0.7441860465116279,0.09106287306439662,0.06699500079145412,0.2069659736368285,1.3425128952056946,0.06411087958909865,3.137817974001388,0.7101730379806651
130,0.0004605858996720315,81.02147240994964,91.9385908257728,11.176419083790112,0,23185.58251953125,0.8186252540157687,0.02291117297574347,0.018607515501238965,0.25903552001522434,0.9936155913978495,0.7409644799847757,0.8786962365591398,0.7469758064516129,0.998417095370004,0.9948738170347003,0.9786950732356857,0.9919028340080972,0.9047619047619048,0.9568345323741008,0.07247497830339657,0.048454331294182806,0.15479867104240644,0.8686367638649479,0.05004438481503917,2.360251613842544,0.6108898357037575,1.1822542797030013,0.1364788328998572,0.025725850605255934,0.3400165373353697,0.9846359385437542,0.6599834629433428,0.7895791583166333,0.5945223780895124,0.9936808846761453,0.9905511811023622,0.9518716577540107,0.967391304347826,0.8636363636363636,0.8837209302325582,0.08863182950195027,0.06378227213500895,0.2049726761414675,1.3746708632311824,0.06857120568702917,3.3314532813184963,0.7346537035150216
131,0.00044914243531828937,80.95120047300588,92.01840067194502,11.021126885567941,0,23185.58251953125,0.8101501689162306,0.017708271105025184,0.018467890308989633,0.25799133700709187,0.9936155913978495,0.7420086629929081,0.8785282258064516,0.7387432795698925,0.9990102929532858,0.9948748275182338,0.9798387096774194,0.986468200270636,0.8846153846153846,0.9857142857142858,0.07328998958391528,0.04759687195301697,0.15424975776864636,0.8570238451162974,0.04997825632572815,2.342501578792449,0.5958998446823448,1.1616823026635446,0.13598998713586416,0.025694194597577203,0.3333327038015775,0.9826319305277221,0.6666672960789743,0.7889111556446226,0.593186372745491,0.989771833202203,0.9905511811023622,0.9513513513513514,0.9565217391304348,0.9024390243902439,0.8604651162790697,0.09413032174986366,0.06335881732668014,0.21363584184614753,1.3946143451657547,0.06489180459447438,3.3161843503086903,0.7428376383198526
132,0.00043777538460886115,80.96967620193027,91.99740383576365,10.774411770605273,0,23185.58251953125,0.7876541255622782,0.015827604171116484,0.01799880624097842,0.25127590535789407,0.9947916666666666,0.7487240946421059,0.8840725806451613,0.759744623655914,0.9988139948606444,0.9958612534489555,0.9838274932614556,0.989159891598916,0.9139072847682119,0.9857142857142858,0.07237927231096453,0.04519168149319387,0.1499950949062583,0.8445822391458737,0.04823376388559418,2.2180211717082607,0.577299437695934,1.1806292679601298,0.15426229972033975,0.02455044428039648,0.3339388362948864,0.9826319305277221,0.6660611643819866,0.779559118236473,0.6138944555778223,0.989010989010989,0.9921259842519685,0.9615384615384616,0.9510869565217391,0.8780487804878049,0.8372093023255814,0.0884738250342543,0.06393347633784822,0.21221562330135124,1.3131444035328144,0.06315673496536836,3.1494655010297286,0.6868794720891164
133,0.0004264882100575081,80.97657010296825,91.98957168138875,10.593223474359,0,23185.58251953125,0.7775149505625489,0.013271723055720119,0.01799860587644,0.24874820696410313,0.9949596774193549,0.7512517930358968,0.884744623655914,0.7567204301075269,0.9996039603960396,0.994679802955665,0.9799732977303071,0.9959294436906377,0.9150326797385621,1.0,0.07068351792391911,0.04488778757231851,0.1474964550586157,0.8153482707597877,0.04807663055998023,2.2223784680007608,0.5740205908334384,1.1818393093789508,0.14537237129536873,0.024305516595124164,0.3373871422164346,0.9859719438877755,0.6626128577039333,0.7828991315965264,0.603874415497662,0.99213217938631,0.9929133858267717,0.9726775956284153,0.967391304347826,0.8604651162790697,0.8604651162790697,0.08679388233559404,0.06260729170514491,0.20323200757772666,1.3398386382546994,0.06429071217755437,3.3382443037523615,0.7184472794363955
134,0.0004152843498469396,81.19112097704783,91.74648545751427,10.626266515383156,0,23185.58251953125,0.7773304703415082,0.01466459501018342,0.01808523000167903,0.24819354921258907,0.9952956989247311,0.7518064507874109,0.8835685483870968,0.7612567204301075,0.9992093299070962,0.9960591133004926,0.9852150537634409,0.9918809201623816,0.912751677852349,0.9855072463768116,0.07281659471411858,0.04436944174750518,0.14808368450531395,0.8144565532284398,0.04703599092380334,2.2172306378682456,0.5749659187370731,1.1356816803047318,0.13440199154158514,0.023956182608772855,0.3257745000706089,0.9866399465597863,0.6742255001284715,0.7922511690046761,0.6179024716098864,0.9929133858267717,0.9929133858267717,0.9619565217391305,0.9619565217391305,0.9069767441860465,0.9069767441860465,0.08911340556784957,0.06290323493794434,0.20749648619112207,1.2205123595579832,0.05924906974326155,3.293515288837767,0.6764449308773798
135,0.00040416721678151015,80.99097109993454,91.97321502428585,11.74987220251432,0,23185.58251953125,0.7604487237109933,0.014653074963960887,0.01789874914953465,0.24263229934118127,0.9942876344086021,0.7573677006588188,0.8911290322580645,0.7679771505376344,0.9992082343626286,0.994679802955665,0.9785809906291834,0.9905149051490515,0.9084967320261438,1.0,0.06813838152635482,0.044588677364812104,0.14559726425076044,0.793594862825127,0.046865066733732016,2.1809607609625785,0.565674800065256,1.1480715533615193,0.15641555154034165,0.02333899832883714,0.32277232961966823,0.9846359385437542,0.6772276706988603,0.7949231796927188,0.6285905143620575,0.9921135646687698,0.9905511811023622,0.9623655913978495,0.9728260869565217,0.8604651162790697,0.8604651162790697,0.08928509624942431,0.06190168523119542,0.201564988376462,1.2845457251579984,0.05951575509850471,3.0114555537262677,0.693338400535609
136,0.0003931401972476454,80.85261911898851,92.13059615344702,11.622894251218407,0,23185.58251953125,0.7579798538197753,0.019410376184775185,0.017705838125880047,0.2402878794618832,0.9937836021505376,0.7597121205381168,0.891633064516129,0.7767137096774194,0.9990108803165183,0.9950738916256158,0.9785522788203753,0.9905020352781547,0.8940397350993378,0.9642857142857143,0.06909766408704943,0.044792754355297296,0.14491700933825585,0.8000707325114998,0.04541605096110093,2.120753046005003,0.582825195404791,1.1084266488521832,0.12954982503086487,0.023629321551862446,0.3184158333795582,0.9846359385437542,0.6815841664611776,0.8076152304609219,0.6225784903139613,0.9921197793538219,0.9913385826771653,0.9621621621621622,0.967391304347826,0.8604651162790697,0.8604651162790697,0.08592580618186242,0.059961199043747894,0.19578464682610255,1.2263446902145763,0.05834918278571201,2.98808180529353,0.6778720098889185
137,0.00038220665018231695,81.09352857596241,91.85689821133296,11.091986789498279,0,23185.58251953125,0.7410463184438726,0.013133044804788134,0.017391544296055713,0.23684057753573182,0.9949596774193549,0.7631594224642682,0.8936491935483871,0.780241935483871,0.9994061757719715,0.995072920772566,0.9839357429718876,0.9945872801082544,0.9019607843137255,0.9928057553956835,0.067500915778901,0.0433642939734523,0.1403690514865742,0.7622691780649206,0.04547493027583245,2.159631949599071,0.5644607886832248,1.098291420426939,0.12009150487042307,0.023214914340155077,0.31832833646852016,0.9873079492317969,0.6816716636907442,0.8142952571810287,0.6179024716098864,0.9936958234830575,0.9929133858267717,0.9728260869565217,0.9728260869565217,0.8636363636363636,0.8837209302325582,0.08337636239224461,0.056302370830783065,0.1877190759361945,1.202627167991582,0.061209403839442594,3.0240416848508214,0.679218228530629
138,0.0003713699060498763,80.83620284998324,92.14930609523978,10.844271311195948,0,23185.58251953125,0.7362750294387982,0.011306040846853473,0.017398535534338927,0.23585681761464766,0.996135752688172,0.7641431823853524,0.8946572580645161,0.7817540322580645,0.999407231772377,0.9966502463054188,0.9892183288409704,0.994579945799458,0.9194630872483222,0.9856115107913669,0.06744251588499674,0.04350059555583103,0.14069724587663526,0.771559138131398,0.04637749983818941,2.121715392476769,0.574023590933892,1.1261612881639438,0.13667470188039985,0.02447741184789257,0.32166972762358215,0.9839679358717435,0.6783302730134748,0.8036072144288577,0.627254509018036,0.9913385826771653,0.9913385826771653,0.9672131147540983,0.9619565217391305,0.8409090909090909,0.8604651162790697,0.08782428793693751,0.0606323772855974,0.19760467883500563,1.1723137309571943,0.0635451310940719,3.162971889009138,0.6769444205080898
139,0.0003606332658275638,80.80182578705717,92.18851093329107,11.445985399266725,0,23185.58251953125,0.7333034956327049,0.010545296351342732,0.017242892435000788,0.23517176925495106,0.9959677419354839,0.7648282307450489,0.897513440860215,0.7842741935483871,1.0,0.9958612534489555,0.9852744310575636,0.997289972899729,0.9144736842105263,0.9928571428571429,0.06534616873469404,0.04271755391551602,0.13642850502203868,0.7844409644603729,0.04643261707037367,2.1089537707708215,0.5833955967939028,1.1408444907399282,0.15432603474091752,0.023348246190296306,0.3210567406757561,0.9866399465597863,0.678943259443692,0.802939211756847,0.6098864395457582,0.9936908517350158,0.9921259842519685,0.967391304347826,0.967391304347826,0.8666666666666667,0.9069767441860465,0.0841861362049559,0.05969013017897775,0.19685440694162984,1.2625244818453638,0.062034151915637506,3.0122027655163843,0.6751017573680891
140,0.0003499999999999999,81.32880794303492,91.59116171009784,11.040208642200756,0,23185.58251953125,0.7387980620066324,0.01737646322663916,0.017436365596950054,0.23466174448690108,0.9939516129032258,0.765338255513099,0.897513440860215,0.7876344086021505,0.9984186598141925,0.9954670871107607,0.9798387096774194,0.986468200270636,0.912751677852349,0.9784172661870504,0.06477587549917159,0.04468164222455153,0.14321169465459804,0.7858775091427629,0.04582205715198671,2.1010523367953557,0.5730669679500724,1.1541375800141034,0.17070878092162237,0.02441709460634626,0.319670565023212,0.9846359385437542,0.6803294355740289,0.7975951903807615,0.627254509018036,0.9936758893280633,0.989763779527559,0.9523809523809523,0.9782608695652174,0.8604651162790697,0.8604651162790697,0.08326972956329326,0.061960519912964356,0.205549405428594,1.23480422606688,0.05959784148451321,2.9891579984105583,0.6747939084957023
141,0.0003394733475629618,81.10636920796242,91.84235557259679,10.142788246113767,0,23185.58251953125,0.733097525694037,0.012724772425132468,0.01729172697511091,0.23436034174375636,0.9949596774193549,0.7656396582562436,0.8980174731182796,0.7817540322580645,0.9994065281899109,0.9952718676122931,0.9811827956989247,0.9918478260869565,0.9150326797385621,1.0,0.06619493014389469,0.04311233148058896,0.14165156206456564,0.7642445320724159,0.04391652315614685,2.107120865775693,0.5808389151609072,1.1626320820931362,0.17771688439312802,0.02394835169893069,0.3203222826869789,0.9839679358717435,0.6796777173528372,0.8002672010688042,0.6132264529058116,0.9890196078431372,0.9929133858267717,0.9672131147540983,0.9619565217391305,0.8974358974358975,0.813953488372093,0.08909330227889455,0.06463841844098761,0.20570886413813752,1.2747513943699573,0.061004310428260086,3.0184553524774156,0.6922247153405118
142,0.0003290565150367564,81.0490798279643,91.90727415797109,10.701900005340576,0,23185.58251953125,0.7282687662750162,0.010159713760883952,0.017370456999908853,0.23357953243358162,0.9964717741935484,0.7664204675664184,0.8978494623655914,0.7884744623655914,0.999802371541502,0.9964545991727398,0.9865771812080537,0.9959349593495935,0.9319727891156463,1.0,0.06302368224308055,0.04191592968599771,0.1385719163283225,0.7702568006771867,0.0448316490097392,2.1041610753664406,0.5661132037639618,1.088553079542671,0.14599991735922013,0.02314396687822495,0.3064697336258694,0.9839679358717435,0.6935302668121073,0.8176352705410822,0.6459585838343354,0.991345397324941,0.9921259842519685,0.9513513513513514,0.9565217391304348,0.9024390243902439,0.8604651162790697,0.08472074264674165,0.05958292598953706,0.19673971215644995,1.1997026890695452,0.058235070509518795,2.8206801328487052,0.692291185867014
143,0.0003187526754894808,81.02516155899502,91.93440477840119,10.768005960731097,0,23185.58251953125,0.7086984720281375,0.009463337068624358,0.017406004170576733,0.2272763764986428,0.9959677419354839,0.7727236235013573,0.9005376344086021,0.8009072580645161,0.9998022151898734,0.9960591133004926,0.9878869448183042,0.994579945799458,0.9084967320261438,1.0,0.06291177428217344,0.0421533282966383,0.13752968280866582,0.7687536971543425,0.04357583468319268,2.0226624255539267,0.5622621749037056,1.1391375676424564,0.17836533525539344,0.023151579577383712,0.3125402242164255,0.9866399465597863,0.6874597762215512,0.8096192384769539,0.6472945891783567,0.9929133858267717,0.9929133858267717,0.972972972972973,0.9782608695652174,0.8571428571428571,0.8372093023255814,0.08043998579383295,0.059810419678289886,0.2010791405249056,1.2074196458101751,0.059328604078961754,2.936949450251414,0.6908540923195675
144,0.0003085649675704771,80.9973512890283,91.96597026264763,10.488084536726756,0,23185.58251953125,0.716332693253794,0.010860434931698843,0.017018086687531523,0.22948472217846944,0.996135752688172,0.7705152778215306,0.9020497311827957,0.7901545698924731,0.999604508601938,0.9960591133004926,0.9852941176470589,0.9972936400541272,0.9319727891156463,0.9927536231884058,0.06417797678100165,0.041960162441095995,0.13576531418228663,0.7311579338324967,0.044000707466595915,2.070240680889417,0.5578276454120554,1.0902633033916802,0.13991122663645703,0.023630323890116347,0.3089072547041741,0.9853039412157648,0.691092745335642,0.8203072812291249,0.644622578490314,0.9905808477237049,0.9937007874015747,0.9619565217391305,0.9619565217391305,0.9230769230769231,0.8372093023255814,0.08688501747911105,0.059649031004590354,0.20028774628419438,1.1953075220366678,0.05850337980266564,2.9844321363674613,0.686876699617089
145,0.0002984964945542677,81.05360634205863,91.90214151069453,11.100956793754332,0,23185.58251953125,0.7048178065207696,0.011051325869082439,0.016862089955999006,0.22563479728596184,0.9959677419354839,0.7743652027140382,0.9032258064516129,0.7990591397849462,0.9994066455696202,0.9962539432176656,0.9879194630872483,0.9945945945945946,0.9205298013245033,0.9928571428571429,0.0637771492443418,0.041694796433852564,0.1356655639666383,0.7418688030973557,0.04249983421096238,1.9987056857796126,0.5737293920209331,1.1060777939233926,0.15132461295730038,0.02341356166777168,0.31044653963867475,0.9853039412157648,0.689553460202061,0.8136272545090181,0.6519706078824316,0.9929022082018928,0.9913385826771653,0.9521276595744681,0.9728260869565217,0.9024390243902439,0.8604651162790697,0.08084443098079705,0.05952686027598206,0.19015322260324685,1.2153243661802773,0.05906898782662574,2.982728508367647,0.6912212384567312
146,0.0002885503233952687,81.30952748493291,91.61288019267286,10.489080987950807,0,23185.58251953125,0.6956658741479279,0.010884997942646864,0.01683274982997807,0.2226493755976359,0.9956317204301075,0.7773506244023641,0.9065860215053764,0.8074596774193549,0.9996040388041972,0.9954652996845426,0.9853137516688919,0.9959514170040485,0.9144736842105263,1.0,0.06219626037824538,0.04131677201999131,0.1310089641521054,0.7252669459389102,0.04176787873830206,1.9566044704888457,0.5481691642474102,1.1780625581741333,0.20055530380032105,0.024080213041118806,0.3178090138202838,0.9839679358717435,0.6821909861797162,0.8056112224448898,0.633934535738143,0.9905660377358491,0.9921259842519685,0.9521276595744681,0.9728260869565217,0.918918918918919,0.7906976744186046,0.08885773516688732,0.059828355062302545,0.19660279172694756,1.242259742262846,0.061014321858515005,3.0291798552753293,0.6813990517146761
147,0.00027872948379356594,81.08871236501727,91.8623539916216,11.112375710600165,0,23185.58251953125,0.6934928458224061,0.011285235470241269,0.016767554200424622,0.22181335315909437,0.9956317204301075,0.7781866468409057,0.9057459677419355,0.8049395161290323,0.9994067629029069,0.9958620689655172,0.9838926174496644,0.9932249322493225,0.9266666666666666,1.0,0.06050442355454609,0.04088939075428311,0.1306552553689608,0.7072970878372911,0.04214228172936747,2.0128515740876556,0.553353718532029,1.153247174535024,0.19383147441294932,0.023427728841015315,0.3119959913657041,0.9873079492317969,0.6880040089130083,0.8109552438209753,0.6406145624582499,0.9905956112852664,0.9952755905511811,0.9779005524861878,0.9619565217391305,0.925,0.8604651162790697,0.08186697545812857,0.05877373560158189,0.19620934755864267,1.187966544865447,0.060652763985281556,3.003707559569008,0.6895620069586602
148,0.000269036967272039,81.02193268493284,91.93806853468513,11.516363102902648,0,23185.58251953125,0.7012069712403,0.011627441840837785,0.016518023055327194,0.22435383514691426,0.9949596774193549,0.7756461648530858,0.9030577956989247,0.8029233870967742,0.9994061757719715,0.9952690715552928,0.9865951742627346,0.9945945945945946,0.8896103896103896,0.9856115107913669,0.06122881686815652,0.0411147301796303,0.13188234388187367,0.7225825177725925,0.04405223013412568,2.001262248844229,0.5543673333301339,1.147649522534831,0.17659045167020962,0.023204126427013555,0.3159516513865235,0.9879759519038076,0.6840483487727408,0.8049432197728791,0.6312625250501002,0.9913725490196078,0.9952755905511811,0.9782608695652174,0.9782608695652174,0.9210526315789473,0.813953488372093,0.08289545316575127,0.05701444701664274,0.18932700714590395,1.1824869144416763,0.06023893279876403,3.0399987444371166,0.7004415197378807
149,0.0002594757262651137,81.0783926009899,91.87404635238235,11.316567072304347,0,23185.58251953125,0.6867439676356571,0.01222953659881539,0.016689889253147187,0.21927484645638415,0.9954637096774194,0.7807251535436158,0.9102822580645161,0.8046034946236559,0.9996044303797469,0.9958620689655172,0.982573726541555,0.994572591587517,0.92,0.9857142857142858,0.0619107471198164,0.041401146540558466,0.13284824844650042,0.7055274168009399,0.04244883588805635,1.9439830363437693,0.5842454659361993,1.0880192949044043,0.15452286820614844,0.023190482979318104,0.3034353152703825,0.9859719438877755,0.6965646852074102,0.8249832999331997,0.657314629258517,0.9898198903680501,0.9952755905511811,0.9832402234636871,0.9565217391304348,0.8780487804878049,0.8372093023255814,0.08040472150406362,0.05764943803240637,0.18696998403163137,1.1332758519358053,0.05654530614395498,2.9647446392214767,0.7045683698329276
150,0.00025004867321942227,80.8982984740287,92.07857446336031,11.183120855721095,0,23185.58251953125,0.6790000360499147,0.009423379524456342,0.016559983889061596,0.21767222368589012,0.9964717741935484,0.7823277763141099,0.907258064516129,0.8113239247311828,0.9994076999012833,0.9966528844260681,0.9905149051490515,0.9959128065395095,0.9261744966442953,0.9928057553956835,0.06105098056216394,0.03988056657935984,0.1269787104539974,0.7217237237961062,0.04132692081232866,2.0127197753998542,0.566466404065009,1.1168427872275541,0.1889172506483823,0.022540113125332373,0.30179514089423815,0.9866399465597863,0.6982048597826349,0.8283233132932531,0.6499665998663995,0.99213217938631,0.9929133858267717,0.9782608695652174,0.9782608695652174,0.8571428571428571,0.8372093023255814,0.08294781033166186,0.05893423036487404,0.19421609386094985,1.1501333635492013,0.05434581734931859,2.748020872881831,0.6495043952702361
151,0.00024075867970664458,80.7139184839325,92.28891546732243,10.87153745466663,0,23185.58251953125,0.6804384066853472,0.014643858278436856,0.016749901862274253,0.2163482154569318,0.9947916666666666,0.7836517845430682,0.910114247311828,0.8156922043010753,0.9990114669829973,0.9960575596294106,0.9838492597577388,0.9878378378378379,0.9072847682119205,0.9856115107913669,0.060040336863328055,0.03974802139145072,0.12626356271005446,0.71160715241586,0.04122246120886136,1.9448868363134322,0.5688112033631212,1.0891092726208005,0.14229561945575284,0.023500062699467642,0.30777118690983807,0.9859719438877755,0.6922288128910816,0.8176352705410822,0.6366065464261857,0.9944620253164557,0.989763779527559,0.9476439790575916,0.9836956521739131,0.9047619047619048,0.8837209302325582,0.08126480147770108,0.05849857607442057,0.1964471558371463,1.174148893388176,0.05739914662215259,2.7904823267547463,0.6968660488396226
152,0.00023160857554879909,80.87362865603063,92.10666225552795,10.129069312926262,0,23185.58251953125,0.6721320863692991,0.008300836298213233,0.016313847494862414,0.2158391321859052,0.9971438172043011,0.7841608678140948,0.9064180107526881,0.8138440860215054,1.0,0.9970454993106165,0.9905660377358491,0.9972862957937585,0.9324324324324325,1.0,0.06004593589453287,0.03876743345491348,0.12188600796845651,0.6965277726932239,0.04045013396409891,1.9185788708348428,0.5539111161744723,1.1160522949400948,0.18336666622087136,0.021726071233590525,0.303653182112223,0.9839679358717435,0.6963468180868573,0.8189712758851035,0.6519706078824316,0.99057344854674,0.9929133858267717,0.9672131147540983,0.9619565217391305,0.8536585365853658,0.813953488372093,0.08000321649437996,0.05619621762611425,0.18282535001287162,1.102630146360429,0.05681943781947644,2.867456485847672,0.6322925544692901
153,0.000222601147956251,80.78352682490367,92.20939333517248,11.62979854050503,0,23185.58251953125,0.6731533305619353,0.010273274862038795,0.016472558781344404,0.21546916679669453,0.996135752688172,0.7845308332033055,0.9087701612903226,0.821236559139785,0.999604743083004,0.9962576324601142,0.9852150537634409,0.9959239130434783,0.9324324324324325,0.9928057553956835,0.059123304342069936,0.03859848843546965,0.12478252195863314,0.7064755826547582,0.040692573112826196,1.9260639746983845,0.5563406585365214,1.0983420978328269,0.1627573032167279,0.02275101068188886,0.3042779265042536,0.9846359385437542,0.6957220741328034,0.8109552438209753,0.6633266533066132,0.9913385826771653,0.9913385826771653,0.9572192513368984,0.9728260869565217,0.9,0.8372093023255814,0.07855456944059831,0.05736171410891241,0.1865244293977359,1.2215165830725578,0.05793632430558851,2.84913169437834,0.6605283288694496
154,0.00021373914067870193,80.99860273697414,91.96454936622864,10.253287515332621,0,23185.58251953125,0.6652780079072521,0.013832833359550913,0.016492139207579755,0.21165101310258272,0.9952956989247311,0.7883489868974173,0.9086021505376344,0.8252688172043011,0.9992096423631693,0.9960606657474886,0.9851951547779273,0.9932157394843962,0.9121621621621622,0.9782608695652174,0.05941339189647346,0.039189925116877404,0.12705012939630017,0.6861936063856207,0.040279836243679444,1.90575691833291,0.5555856035601708,1.1066720238827672,0.18009816624072386,0.0230579358154165,0.30117197301918136,0.9839679358717435,0.6988280276576917,0.8196392785571143,0.665998663994656,0.990558615263572,0.9913385826771653,0.956989247311828,0.967391304347826,0.9,0.8372093023255814,0.08027735724796353,0.05829975066697828,0.18676092024238092,1.1194655992384346,0.05621972885144577,2.7776400579479272,0.6648213247020164
155,0.00020502525316941665,81.05175400094595,91.90424182446519,10.802743081123598,0,23185.58251953125,0.6631924500388484,0.011825199387174272,0.01626334686873741,0.2117013014772887,0.995127688172043,0.7882986985227113,0.9119623655913979,0.8229166666666666,0.9994065281899109,0.9952718676122931,0.9838926174496644,0.9959239130434783,0.9078947368421053,0.9857142857142858,0.05967517797985385,0.03907209490576098,0.12482910090556709,0.6699631403210342,0.039611235160821226,1.9099409400775869,0.5625871200394886,1.1255237575204833,0.19373203260337582,0.0226034353024954,0.30306276366482915,0.9839679358717435,0.6969372361360905,0.8189712758851035,0.6499665998663995,0.9897879025923016,0.9921259842519685,0.956989247311828,0.967391304347826,0.9210526315789473,0.813953488372093,0.07930985290206267,0.059175552331214756,0.19123920951593534,1.1836467302076483,0.05460629872504918,2.671708565038606,0.6616770732219648
156,0.00019646213976294403,80.98969217098784,91.97466739685157,11.1136107496036,0,23185.58251953125,0.6555450183729972,0.00950701882965238,0.01616671285341664,0.2099570958845077,0.996135752688172,0.7900429041154923,0.9091061827956989,0.8203965053763441,0.9996045867931989,0.9962561576354679,0.9839142091152815,0.994579945799458,0.9391891891891891,1.0,0.05993797025212678,0.03890088981678409,0.12388318256344846,0.683727190218946,0.03949938061577018,1.8517466187477112,0.5515156716749232,1.0941829199622135,0.16709504992798788,0.023019503284452274,0.3013561251327525,0.9866399465597863,0.6986438755043045,0.8196392785571143,0.6539746158984636,0.99213217938631,0.9929133858267717,0.9623655913978495,0.9728260869565217,0.925,0.8604651162790697,0.0817762321046614,0.057966156012229944,0.1974886263221124,1.1630557460950548,0.056997349203309775,2.78706514285896,0.723609032436618
157,0.00018805240886658056,80.80649309209548,92.18318621388934,11.099823105719782,0,23185.58251953125,0.6480114203627392,0.010143020637613478,0.015916215340977393,0.2073173952359025,0.9957997311827957,0.7926826047640975,0.9151545698924731,0.8254368279569892,0.9994067629029069,0.9962546816479401,0.9878706199460916,0.9918809201623816,0.9150326797385621,1.0,0.059012067534269824,0.03927375580514631,0.12157337535773555,0.6555096596799871,0.0397826765854192,1.8192629967966387,0.5493343996424829,1.030929965342214,0.12669940105699745,0.02215702691269104,0.29402451421231846,0.9879759519038076,0.7059754860265779,0.8276553106212425,0.6686706746826987,0.9921445404556166,0.9944881889763779,0.9782608695652174,0.9782608695652174,0.9,0.8372093023255814,0.07887829233983715,0.05685373274740093,0.18658859489277832,1.0868493400578827,0.05466810296835227,2.7405372573760802,0.6778138185550789
158,0.00017979862216582407,80.76773169101216,92.22742602822069,11.199722900185535,0,23185.58251953125,0.6456692260439678,0.008195818246770037,0.015976083414849414,0.20716577447870727,0.9959677419354839,0.7928342255212928,0.9141465053763441,0.8277889784946236,1.0,0.9956650246305419,0.9839357429718876,0.9972862957937585,0.9210526315789473,1.0,0.056898867831595486,0.03860075661652191,0.12074292138699562,0.6677778600364603,0.039434698079862905,1.7868727016192612,0.5646665617022463,1.0643575322094485,0.16895532068524588,0.022111806171182878,0.2910967964129043,0.9873079492317969,0.70890320374636,0.8276553106212425,0.6700066800267201,0.9905956112852664,0.9952755905511811,0.9779005524861878,0.9619565217391305,0.925,0.8604651162790697,0.07946164144542747,0.05610838952507269,0.18286762240734114,1.0785473917194741,0.05445396955919489,2.7107567236116115,0.6380904254390943
159,0.00017170329384405948,80.89610178896692,92.08107480175192,10.354748618218206,0,23185.58251953125,0.6357697373436343,0.01046946863871492,0.015918042405598586,0.2031274078994669,0.9971438172043011,0.7968725921005331,0.9166666666666666,0.8336693548387096,0.9998025666337611,0.9972430090586846,0.9905277401894452,0.997275204359673,0.9391891891891891,0.9928571428571429,0.057485125958919525,0.038298660368528414,0.11933629479139082,0.6556949104352664,0.038443500516555644,1.7846087877468397,0.5549119159739505,1.0733357632088518,0.17027057866931694,0.02143851673241727,0.293875554002916,0.9873079492317969,0.7061244465146927,0.8249832999331997,0.6680026720106881,0.9929245283018868,0.9944881889763779,0.978021978021978,0.967391304347826,0.8604651162790697,0.8604651162790697,0.07611043212727539,0.05493250797809405,0.17995053796506996,1.033828391340787,0.05313577123220236,2.7616718014479478,0.6466484044341939
160,0.00016376888981671535,80.76960068999324,92.22529189652013,9.93908130994407,0,23185.58251953125,0.642671081327623,0.007232783783238315,0.016295218840241432,0.2063810267756062,0.9968077956989247,0.7936189732243938,0.913138440860215,0.8262768817204301,0.9998022543009689,0.996648925684999,0.9892617449664429,0.9972936400541272,0.9333333333333333,1.0,0.05780145565989197,0.03813952381812757,0.12048325210969935,0.6777485315838168,0.03920920371448481,1.8449651105429536,0.5600634935081646,1.1203493245379004,0.20508662664888921,0.022384149908929885,0.29762618364137894,0.9832999331997327,0.7023738161595408,0.8236472945891784,0.6753507014028056,0.9897879025923016,0.9921259842519685,0.9619565217391305,0.9619565217391305,0.875,0.813953488372093,0.07750158462830202,0.057432073629451894,0.1820274921919237,1.0913163734899813,0.054140280148309315,2.70806625356018,0.6635937228868545
161,0.0001559978269801204,80.78706625301857,92.2053534741605,10.788852184049544,0,23185.58251953125,0.6305245721852908,0.009573949173891476,0.015906930200114685,0.2016812312987543,0.9964717741935484,0.7983187687012457,0.9164986559139785,0.8341733870967742,0.9994075829383886,0.9970449172576832,0.9878542510121457,0.9945652173913043,0.9387755102040817,0.9857142857142858,0.05723566321596023,0.03750175912614151,0.11993953910085463,0.6601238672130851,0.038156307412571804,1.7623805589573358,0.5488053871098385,1.1105826467614055,0.19404197125964714,0.02274826270544935,0.2979308046654374,0.9826319305277221,0.7020691952549304,0.8236472945891784,0.6633266533066132,0.9882445141065831,0.9929133858267717,0.9668508287292817,0.9510869565217391,0.875,0.813953488372093,0.07999150850172432,0.05886216580111262,0.20027105889482824,1.097419756607127,0.055980376187530295,2.7927300574863922,0.6640811581251697
162,0.00014839247247529455,81.12165812402964,91.82504613762914,11.169723438960249,0,23185.58251953125,0.6237402394894631,0.0077562564035351216,0.01594247723058347,0.2000138355839637,0.9971438172043011,0.7999861644160363,0.9191868279569892,0.8341733870967742,1.0,0.9974369085173501,0.9892617449664429,0.995945945945946,0.9391891891891891,0.9928571428571429,0.057031540981223504,0.037322431442237666,0.11964335877408264,0.6354834709757118,0.0388128911896098,1.7726089524966415,0.5527322540680567,1.1043246429047746,0.20479390409472725,0.022222231243629414,0.2924361665725071,0.9859719438877755,0.707563833467309,0.8283233132932531,0.6820307281229125,0.9913522012578616,0.9929133858267717,0.9728260869565217,0.9728260869565217,0.8780487804878049,0.8372093023255814,0.07537038531714307,0.05744685812958416,0.18658120391682617,1.1478841421041954,0.05528270147128669,2.79680183527863,0.6585846482393498
163,0.00014095514296689481,80.78200108499732,92.21113490568649,10.465313209000454,0,23185.58251953125,0.6222855929405459,0.01102866415970321,0.015859674151626327,0.19846575170434932,0.9964717741935484,0.8015342482956507,0.9205309139784946,0.8385416666666666,0.9998022543009689,0.9964525029562475,0.9879032258064516,0.9959349593495935,0.9271523178807947,1.0,0.055368664644418225,0.03709444383619934,0.11673944018861299,0.6317809111969446,0.0371755112603467,1.753061710506357,0.5664067970168206,1.0420582952225454,0.14006483157892613,0.021886375789333362,0.293369034527936,0.9893119572478289,0.706630965432248,0.824315297261189,0.6700066800267201,0.9929356357927787,0.9960629921259843,0.9835164835164835,0.9728260869565217,0.9024390243902439,0.8604651162790697,0.07417280019404654,0.05358109286250316,0.17273973654171748,1.109069207547582,0.05309534343625198,2.7223215249672523,0.6436015971915755
164,0.00013368810393753674,80.68240176793188,92.32496599971927,10.561244938963203,0,23185.58251953125,0.6204745522750321,0.007677873843912034,0.01596372310192354,0.1989443193199814,0.9969758064516129,0.8010556806800186,0.9191868279569892,0.8361895161290323,0.9996051332675222,0.9972424660232421,0.9891891891891892,0.9959183673469387,0.9455782312925171,0.9928571428571429,0.05543219540468467,0.03749793259206639,0.11802308281422944,0.639041561112609,0.037717546266253274,1.7384177721956724,0.5716827241002872,1.0781728745143893,0.16835958562491482,0.022352008879403713,0.2958204233017299,0.9846359385437542,0.7041795764991898,0.8236472945891784,0.6653306613226453,0.9905660377358491,0.9921259842519685,0.9572192513368984,0.9728260869565217,0.9210526315789473,0.813953488372093,0.07713374186931807,0.0564997358248882,0.18325216864138025,1.068912628418458,0.053418300115194176,2.79968097612869,0.6773189896333194
165,0.0001265935689977058,80.94822103192564,92.02178757037966,10.550079776394751,0,23185.58251953125,0.6220906918407768,0.010797466136727473,0.01582591553589189,0.19848910262507777,0.9959677419354839,0.8015108973749222,0.9178427419354839,0.8377016129032258,0.9992102665350444,0.9964559952746603,0.9865410497981157,0.994572591587517,0.9305555555555556,0.9852941176470589,0.05438394784446685,0.037383166292021354,0.1176976539515039,0.6501422832089085,0.03786558858169022,1.7612470779367673,0.5608044175371047,1.038393841159288,0.13648673936876463,0.021775546999437935,0.2933771836017081,0.9866399465597863,0.7066228168362686,0.8296593186372746,0.665998663994656,0.99213217938631,0.9929133858267717,0.9621621621621622,0.967391304347826,0.926829268292683,0.8837209302325582,0.07487164725441892,0.05425581027446943,0.17731133539356544,1.1129584787046423,0.0540412278197651,2.765225325732846,0.6641427207646087
166,0.00011967369921147076,80.71160037000664,92.29156609274885,9.928210586629888,0,23185.58251953125,0.6096036469423642,0.008230302799719176,0.015748173008442567,0.19520839055379233,0.9964717741935484,0.8047916094462076,0.9213709677419355,0.8417338709677419,1.0,0.9964539007092199,0.985254691689008,0.9972862957937585,0.9324324324324325,0.9928057553956835,0.05500442258292629,0.0367501936852932,0.115618878314572,0.6200628700435803,0.036766687388061194,1.723346148767779,0.5494725007203317,1.0841943388711475,0.19079836330167532,0.021632003235215733,0.29058798651895923,0.9859719438877755,0.7094120135208568,0.8289913159652639,0.6733466933867736,0.9898119122257053,0.9944881889763779,0.9726775956284153,0.967391304347826,0.9210526315789473,0.813953488372093,0.07565600376727984,0.05548644336606155,0.17868111367693884,1.078169365923008,0.054473676996861765,2.8314665168145536,0.6655957776861503
167,0.00011293060243820299,80.89028084708843,92.08770104385314,10.300974892031762,0,23185.58251953125,0.6036817110994811,0.009194354473380685,0.015704593160540185,0.19292758805777438,0.9964717741935484,0.8070724119422257,0.9245631720430108,0.8422379032258065,0.999407231772377,0.997043169722058,0.99055330634278,0.993234100135318,0.9266666666666666,0.9928571428571429,0.05433423803137836,0.036563871588598015,0.11292611679402731,0.6060506097411597,0.03603458240307787,1.6868583566399031,0.5588789281024727,1.0576463112770595,0.16473225133295086,0.02198830798128962,0.29030858200235055,0.9879759519038076,0.7096914184356261,0.822311289245157,0.6840347361389446,0.9929245283018868,0.9944881889763779,0.978021978021978,0.967391304347826,0.8837209302325582,0.8837209302325582,0.07473613774688863,0.055058796045855035,0.18055903569172443,1.1216571045941166,0.05490363782934929,2.633877914112731,0.66652632301142
168,0.00010636633269050175,80.90416685200762,92.07189555052139,9.963276786188926,0,23185.58251953125,0.6038508943973049,0.008177341677540141,0.015649231225853006,0.19334143912920387,0.9971438172043011,0.8066585608707961,0.921875,0.8472782258064516,1.0,0.9970443349753695,0.9879356568364611,0.9986449864498645,0.9452054794520548,0.9928057553956835,0.053558745691853184,0.03593869351090923,0.11233262329172063,0.6234284890915758,0.03671611084412503,1.6780380754060642,0.5592520522174015,1.0756317635098536,0.18664465238991565,0.022421475180095646,0.28885521049410323,0.9866399465597863,0.7111447894262647,0.8256513026052105,0.6900467601870407,0.9921383647798742,0.9937007874015747,0.967741935483871,0.9782608695652174,0.8974358974358975,0.813953488372093,0.07690303056496497,0.054742450784187595,0.18193052160636378,1.1061754220314,0.05384396360011282,2.661888642397099,0.6885974682723194
169,9.998288950852137e-05,81.34236094600055,91.57590108486092,10.752613995664863,0,23185.58251953125,0.6031580583382679,0.00819830675552493,0.01579743838037855,0.19305410372313633,0.9969758064516129,0.8069458962768636,0.9220430107526881,0.8521505376344086,0.9998025276461295,0.9972424660232421,0.9918809201623816,0.994572591587517,0.9261744966442953,1.0,0.05482387558747363,0.03608655140444796,0.11292426800856026,0.6242197833714946,0.036830147808437706,1.7219298924169233,0.5576895215818959,1.0421803097925588,0.15732354584225294,0.02160920185934685,0.2877491869843635,0.9853039412157648,0.712250813373981,0.8356713426853707,0.6913827655310621,0.99057344854674,0.9929133858267717,0.9621621621621622,0.967391304347826,0.9230769230769231,0.8372093023255814,0.07446206388428916,0.055455981331343,0.17685797601520178,1.1057926629014865,0.05339369450558323,2.677257616836864,0.6547574353520681
170,9.378221735089284e-05,80.7897931530606,92.20224126440662,10.015651861826578,0,23185.58251953125,0.6061708529790243,0.008656861695780334,0.01560157569005124,0.19397080521429738,0.9969758064516129,0.8060291947857026,0.9198588709677419,0.8452620967741935,0.9994073488739629,0.9972402917405874,0.9905660377358491,0.9945872801082544,0.9459459459459459,1.0,0.05381141454782537,0.03575828965873488,0.10947310015238741,0.6253720499495025,0.03618621537762304,1.6931039082106722,0.5646510326093243,1.0527521175150085,0.16098631298404034,0.021301034717268758,0.2901549245726688,0.9866399465597863,0.7098450759449401,0.8316633266533067,0.6833667334669339,0.9936908517350158,0.9921259842519685,0.9574468085106383,0.9782608695652174,0.9024390243902439,0.8604651162790697,0.07411053089913959,0.05359063955968272,0.17513661617108323,1.0954388202471024,0.053912563648873674,2.7026568242686544,0.6650546691221799
171,8.776620500242291e-05,80.83278590405826,92.1532014106422,10.11436689028176,0,23185.58251953125,0.596358427757858,0.007427445486711647,0.015466551962358657,0.19115481004920057,0.9964717741935484,0.8088451899507995,0.9217069892473119,0.8528225806451613,1.0,0.9960614415124065,0.9865771812080537,0.998641304347826,0.9261744966442953,1.0,0.05264646676118656,0.03573573639075602,0.11027415897897495,0.6037591700592349,0.03622268534876326,1.6879035074223754,0.5460203759452348,1.0334421159748084,0.1532156994683281,0.02211536504402906,0.28603701509470614,0.9879759519038076,0.713962985582167,0.8383433533734135,0.6826987307949232,0.9936958234830575,0.9929133858267717,0.9675675675675676,0.9728260869565217,0.9069767441860465,0.9069767441860465,0.07185794929703156,0.054045973137847245,0.17867062294092986,1.0916440310124644,0.05510270476102351,2.752610960242425,0.6538469063574741
172,8.19366849987512e-05,80.94519612903241,92.02522640288329,9.764019094487672,0,23185.58251953125,0.5925794323926331,0.008959457393297838,0.015311836940987457,0.1894360460260863,0.9964717741935484,0.8105639539739137,0.9242271505376344,0.8529905913978495,0.9996049772861939,0.9968485325979909,0.9905277401894452,0.9959183673469387,0.92,0.9857142857142858,0.0522234489119822,0.03569785395376785,0.11109160575815426,0.6036027716372603,0.03608054054840919,1.689456900601746,0.5521629949410757,1.0526057964734579,0.16609413233357334,0.022367136865237114,0.2880481759070076,0.9899799599198397,0.7119518246902333,0.8283233132932531,0.6860387441549766,0.9937156323644933,0.9960629921259843,0.9834254143646409,0.967391304347826,0.9069767441860465,0.9069767441860465,0.073628485003709,0.05253273889711083,0.17323344472096455,1.1034600659856497,0.053900739074788574,2.7124836194809867,0.6768827699547859
173,7.629543306814248e-05,80.90807082294486,92.06745290344415,9.977283375237578,0,23185.58251953125,0.5962154317286706,0.0070274838536895775,0.015620979139961863,0.19118899042888354,0.9971438172043011,0.8088110095711165,0.9217069892473119,0.848622311827957,0.9996052112120016,0.9972430090586846,0.9892037786774629,0.9959239130434783,0.9517241379310345,1.0,0.05211661311407243,0.0354276163884068,0.11077402347839006,0.6059325266909855,0.03608738767203464,1.7326841982462073,0.5505153040091196,1.0712157538833822,0.18635642669072192,0.021402628681732563,0.28781889654750736,0.9879759519038076,0.7121811040497336,0.8236472945891784,0.6887107548430194,0.9921445404556166,0.9944881889763779,0.9781420765027322,0.9728260869565217,0.9024390243902439,0.8604651162790697,0.07344631728285062,0.05647601727732198,0.18544848122912083,1.0435270106864118,0.05355511813778517,2.7210178005751087,0.6198960032236919
174,7.0844167590583e-05,80.85858123202343,92.12380289761849,9.873390197753906,0,23185.58251953125,0.5873394377769963,0.006880590603012474,0.01532299475123485,0.1883786166867902,0.9969758064516129,0.8116213833132098,0.9240591397849462,0.8531586021505376,0.9998026445628577,0.9970478252312537,0.9905020352781547,0.9959072305593452,0.9324324324324325,1.0,0.05256571744879087,0.03522341191688533,0.11054903493132642,0.5965797476550584,0.035855844336491756,1.6525742815386864,0.5508241065407312,1.0817456864960289,0.1982674555001941,0.022122744928719445,0.2871184955060522,0.9866399465597863,0.7128815048921084,0.8336673346693386,0.6860387441549766,0.9913589945011784,0.9937007874015747,0.9782608695652174,0.9782608695652174,0.875,0.813953488372093,0.07507247994880957,0.055152969831773736,0.17217871946896723,1.0968642836821103,0.05541443991995527,2.6309878923292547,0.6687913320027914
175,6.558454907434498e-05,80.86062564898748,92.12147371126945,9.811118402788717,0,23185.58251953125,0.5838562419978521,0.009702818479439962,0.015351987544006558,0.18626714521838772,0.9964717741935484,0.8137328547816123,0.9259072580645161,0.8533266129032258,0.999407465929291,0.9968479117415288,0.9892037786774629,0.994572591587517,0.9324324324324325,0.9928057553956835,0.05237105602939283,0.03568369550730593,0.11059791442527565,0.6030180670561329,0.03565868200554002,1.6547752708517096,0.5318234615748928,1.0785172849236604,0.18020126806558392,0.022109760154404478,0.2920687545436816,0.9839679358717435,0.7079312458942951,0.8269873079492318,0.6826987307949232,0.9913385826771653,0.9913385826771653,0.9619565217391305,0.9619565217391305,0.8604651162790697,0.8604651162790697,0.07278889835716966,0.057980322328183995,0.18583381518413006,1.0981424187690159,0.05544034647957516,2.7399781455815275,0.6557620805983713
176,6.051817965017941e-05,81.02981972601265,91.92911973872602,9.477864593587896,0,23185.58251953125,0.5894143661504151,0.007560119909299751,0.015407334272098798,0.18881563922410372,0.9969758064516129,0.8111843607758963,0.9223790322580645,0.8513104838709677,0.9996045867931989,0.9970420035495957,0.9906166219839142,0.9973009446693657,0.9391891891891891,0.9928571428571429,0.051390446842678135,0.03551451252993717,0.1097580012615009,0.6078975215073554,0.03556935002486552,1.660304767470206,0.5399844285941893,1.0828091495022745,0.18322672854496805,0.02248396737029454,0.29236615177943215,0.9859719438877755,0.7076338485789124,0.824315297261189,0.6760187040748163,0.9913522012578616,0.9929133858267717,0.9728260869565217,0.9728260869565217,0.8780487804878049,0.8372093023255814,0.07341567866389721,0.05533501085792292,0.18089975144915685,1.145592627719632,0.05279866599526976,2.7192141597240704,0.6536990021098512
177,5.564660258329183e-05,80.94442291499581,92.02610546525985,10.236718562341505,0,23185.58251953125,0.5860388541734347,0.00709020236937122,0.015293078967720591,0.18788519213276525,0.9969758064516129,0.8121148078672348,0.9238911290322581,0.854502688172043,0.9998025276461295,0.9970460811343048,0.9905405405405405,0.9959239130434783,0.9324324324324325,1.0,0.051360511411261814,0.03502458794623293,0.10875900546389242,0.5982320749311036,0.03554992149433782,1.6543621209359938,0.5402998844141601,1.122003947486062,0.23152752591666573,0.021848294188429613,0.289542703566427,0.9839679358717435,0.7104572966326533,0.8269873079492318,0.6806947227788911,0.9890282131661442,0.9937007874015747,0.9615384615384616,0.9510869565217391,0.9230769230769231,0.8372093023255814,0.07543106722529123,0.05537347838969412,0.18805469460063723,1.1114024542615504,0.053909142732460974,2.6084998773588843,0.6361321861455659
178,5.0971301803248825e-05,80.80956952599809,92.17967678448657,9.068582924463415,0,23185.58251953125,0.5755455535586163,0.00645914944071856,0.015108915766881358,0.18465916187532486,0.9969758064516129,0.8153408381246752,0.9274193548387096,0.8576948924731183,0.999407465929291,0.9974374137591169,0.9919137466307277,0.9945945945945946,0.9387755102040817,0.9928057553956835,0.05117062781687065,0.035343957804543996,0.10833710576257398,0.5848783009475277,0.03538637035476264,1.6136207971521603,0.5323770550950881,1.0550049674773743,0.18284475060790134,0.02192550302223715,0.28341156881334945,0.9859719438877755,0.7165884312264666,0.8283233132932531,0.6927187708750835,0.9913589945011784,0.9937007874015747,0.9723756906077348,0.9565217391304348,0.8837209302325582,0.8837209302325582,0.07198011198279534,0.054824960335302764,0.17556930464271234,1.0467960457046905,0.05272870590946399,2.64497819389593,0.6665033838632669
179,4.649370145195873e-05,81.16635651898105,91.7744779914819,10.323555597694972,0,23185.58251953125,0.5873163759067495,0.010632768672299026,0.015335005037085984,0.18711620056501,0.9964717741935484,0.81288379943499,0.9237231182795699,0.8531586021505376,0.999802488643097,0.9970454993106165,0.9878378378378379,0.9945578231292517,0.9261744966442953,0.9857142857142858,0.05138274740868358,0.03491410018215256,0.10920074682242127,0.5822307429006023,0.03515686088752362,1.6541915330835568,0.545944649525868,0.9866379880076978,0.1197185449756504,0.02096655736531149,0.28198429553924437,0.9879759519038076,0.7180157051774447,0.8416833667334669,0.6840347361389446,0.9937007874015747,0.9937007874015747,0.9781420765027322,0.9728260869565217,0.8636363636363636,0.8837209302325582,0.07133450489005966,0.05305900220163839,0.16933601031561413,1.0383669662730408,0.053615586074416285,2.6260189853991838,0.6260886870787473
180,4.221516544986414e-05,80.9335913460236,92.03842157643213,9.786422350073373,0,23185.58251953125,0.5766070539592415,0.0073973947234653,0.015477646342528763,0.1845773381571616,0.9969758064516129,0.8154226618428384,0.9243951612903226,0.8571908602150538,0.999802371541502,0.9974369085173501,0.9919137466307277,0.9945945945945946,0.9266666666666666,0.9928571428571429,0.05125766231488156,0.03486770970286221,0.10832537157881644,0.5980443839103945,0.0346095351081702,1.6176110076647934,0.5419468727483544,1.0538718742613962,0.1908855131023508,0.021701336931001767,0.280428338265849,0.9859719438877755,0.7195716620924956,0.8410153640614563,0.6847027388109552,0.9913522012578616,0.9929133858267717,0.9675675675675676,0.9728260869565217,0.9,0.8372093023255814,0.07325247581114988,0.0552469863840637,0.17578687600955695,1.057379938557535,0.05439019720794841,2.7659740002058153,0.6570325098439066
181,3.813699708047825e-05,80.92719305609353,92.04569834563311,9.503840359308386,0,23185.58251953125,0.5749482762429022,0.006613680931985327,0.0152444882839117,0.18436336773698048,0.9974798387096774,0.8156366322630195,0.9260752688172043,0.8558467741935484,0.9998025276461295,0.9976354679802956,0.9932432432432432,0.9959349593495935,0.9391891891891891,1.0,0.05140078896957059,0.03524108763824227,0.10772814197085237,0.5886322179789184,0.03461060883297074,1.6375506026770479,0.5378038090082907,1.0437556447469958,0.18821920415098203,0.02117711598515192,0.2781197753204213,0.9893119572478289,0.7218802253962678,0.8370073480293921,0.7020708082832331,0.992930086410055,0.9952755905511811,0.9782608695652174,0.9782608695652174,0.925,0.8604651162790697,0.07153729796807767,0.05214189623066323,0.1691116485582962,1.0741338901863786,0.053611581613799295,2.5373442553645704,0.6526276174989953
182,3.4260438593392494e-05,81.17013391398359,91.77020710466911,9.735983156388805,0,23185.58251953125,0.5640801877103826,0.005809428191163514,0.015142501442022222,0.18104275259920347,0.9978158602150538,0.8189572474007966,0.9297715053763441,0.8635752688172043,1.0,0.9978312302839116,0.9932705248990579,0.9972972972972973,0.9459459459459459,1.0,0.051981055568302834,0.033668752158841776,0.10631069292624791,0.5649573416799627,0.03392487978662855,1.5775117508826717,0.5497069881167463,1.0690113460531854,0.19499463773350112,0.021709746525000156,0.284102318401566,0.9853039412157648,0.7158976817975143,0.832999331997328,0.6887107548430194,0.9929022082018928,0.9913385826771653,0.967391304347826,0.967391304347826,0.8444444444444444,0.8837209302325582,0.07478575477141416,0.055791866484688535,0.17905696264966456,1.0438973446567614,0.052916963656265574,2.6009452886078144,0.63531554915862
183,3.058667082587516e-05,81.19589581503533,91.74109017737621,9.548904557381906,0,23185.58251953125,0.5695196912493757,0.006189817209179705,0.015359471517024182,0.1826568002341896,0.9973118279569892,0.8173431997658104,0.9242271505376344,0.8571908602150538,1.0,0.997240835632637,0.9932614555256065,0.9972936400541272,0.9266666666666666,1.0,0.051479204407622735,0.034505731716591825,0.10846549601003688,0.5722635401192532,0.03439125050139684,1.6062407275681854,0.5578754598735481,1.0339817054763825,0.17867898489423245,0.0214280371075781,0.2779582274222899,0.9873079492317969,0.7220417728564225,0.8390113560454242,0.6933867735470942,0.9913657770800628,0.9944881889763779,0.9726775956284153,0.967391304347826,0.925,0.8604651162790697,0.07623726651122273,0.053267506814114476,0.1724001389785695,1.039495420997431,0.05194494783201453,2.5494795132256702,0.6393456532306964
184,2.71168128431769e-05,80.89771718694828,92.07923609001159,9.421725847387826,0,23185.58251953125,0.5729752891166235,0.007868687794388114,0.015003987753223027,0.18336753819578439,0.9971438172043011,0.8166324618042157,0.9275873655913979,0.8598790322580645,0.9996048211815847,0.9976336028396766,0.9932705248990579,0.9946091644204852,0.9324324324324325,0.9928057553956835,0.051421206484558765,0.034234378466843275,0.10751928172765239,0.5759411239495842,0.03464722709469898,1.6304279078719437,0.5432670239799766,1.0448987960974694,0.16842193993158563,0.021842928259877978,0.2848779711232794,0.9893119572478289,0.7151220292350652,0.8303273213092852,0.687374749498998,0.9921630094043887,0.9968503937007874,0.9888888888888889,0.967391304347826,0.9024390243902439,0.8604651162790697,0.07439853178316064,0.05222246068751884,0.16878573991651924,1.098666347180037,0.05314327369312804,2.5930175424498083,0.6873834440528191
185,2.3851921597652233e-05,80.93441643205006,92.03748329060903,9.513780065762099,0,23185.58251953125,0.5747406473082881,0.006628338741207425,0.015414997474640929,0.1842324374824442,0.9974798387096774,0.8157675625175558,0.9233870967741935,0.8565188172043011,1.0,0.9974384236453202,0.990578734858681,0.997289972899729,0.9455782312925171,1.0,0.051466583043977776,0.034865868528203295,0.10732819656691243,0.5833915600212671,0.034414536269601954,1.639170903031544,0.5452455410393335,1.0662028552614695,0.1864022050421802,0.02181453817090394,0.2859953686485469,0.9866399465597863,0.714004631271821,0.8323313293253173,0.6800267201068805,0.99213217938631,0.9929133858267717,0.9623655913978495,0.9728260869565217,0.925,0.8604651162790697,0.07373668340021718,0.05342296822993215,0.176398453428973,1.090513621797224,0.05331379752519056,2.5889375695564305,0.6506872336388271
186,2.0792991606802448e-05,81.14204901608173,91.80197062220681,9.267708311798753,0,23185.58251953125,0.5629947771949153,0.007285476758253388,0.01522706857612056,0.18016074421585246,0.9968077956989247,0.8198392557841475,0.926747311827957,0.8623991935483871,0.9996049772861939,0.9972413793103448,0.9932157394843962,0.9932157394843962,0.9210526315789473,1.0,0.051401992959360925,0.033898515126077076,0.10544512693279533,0.5619110460242918,0.03434587716655706,1.6426608318923621,0.5528882072176985,1.094177364944695,0.2179016876185304,0.021590469390124024,0.28489506758286626,0.9866399465597863,0.715104933173639,0.8323313293253173,0.6813627254509018,0.9905882352941177,0.9944881889763779,0.9835164835164835,0.9728260869565217,0.875,0.813953488372093,0.07399794174658113,0.05409660813962928,0.18057261456150012,1.0789637326716421,0.05335953765976166,2.7669381018710597,0.6661649333212323
187,1.794095465033531e-05,81.03251665597782,91.9260601472444,8.99994836315032,0,23185.58251953125,0.5703246782543838,0.007264643070430471,0.01520440043000284,0.18261854430680635,0.9969758064516129,0.8173814556931936,0.9225470430107527,0.8585349462365591,0.9998022933965994,0.9970425867507886,0.9906040268456375,0.9959514170040485,0.9328859060402684,1.0,0.05052427909467169,0.034651502105657775,0.10599513223735235,0.5813578194187533,0.03404010209425162,1.5796639598825926,0.5576806778228411,1.0140833630112704,0.15030328725919104,0.021668245015527776,0.28070394198099774,0.9906479625918504,0.719296058496795,0.8336673346693386,0.6947227788911156,0.994492525570417,0.9952755905511811,0.9782608695652174,0.9782608695652174,0.9285714285714286,0.9069767441860465,0.07196578791560375,0.05138924628316998,0.16855991372444187,1.076938073636694,0.051985305710960085,2.620552470704756,0.6537514905095021
188,1.5296679486336003e-05,80.9168358129682,92.05748006777819,9.284753153401036,0,23185.58251953125,0.5699444909890493,0.011563927761980394,0.015168393696708384,0.18107072255944692,0.9968077956989247,0.8189292774405531,0.9252352150537635,0.8649193548387096,0.9990138067061144,0.9976363994484932,0.9918478260869565,0.9918478260869565,0.9452054794520548,0.9928057553956835,0.05084711112963256,0.03508317624769544,0.10867553957367457,0.5756457257334904,0.03443998316683436,1.597919665357118,0.5461780537841141,1.0440960836235331,0.16998257373727774,0.021601428838326043,0.2841706914191415,0.9879759519038076,0.7158293090188352,0.8356713426853707,0.6947227788911156,0.9929245283018868,0.9944881889763779,0.9726775956284153,0.967391304347826,0.9047619047619048,0.8837209302325582,0.07386420851320764,0.05300717606254634,0.1755169299577345,1.0909193162529487,0.053207980686613296,2.6680269158515597,0.6622647519261342
189,1.2860971586635204e-05,80.61928857001476,92.39724304352833,9.063678613273046,0,23185.58251953125,0.5632524326924355,0.007929714085411854,0.015301582954263175,0.18000704498701198,0.9966397849462365,0.819992955012988,0.928763440860215,0.859375,0.9992101105845181,0.9970443349753695,0.9891891891891892,0.9932157394843962,0.9459459459459459,1.0,0.050614037300630285,0.034746237579853304,0.10757735896334854,0.5674201232451265,0.03417768806058873,1.5899362240427284,0.5447187390058271,1.0814591439947256,0.20504999356541867,0.021796400568578032,0.28487091348739807,0.9846359385437542,0.715129087189475,0.8283233132932531,0.6960587842351369,0.9913385826771653,0.9913385826771653,0.9521276595744681,0.9728260869565217,0.9230769230769231,0.8372093023255814,0.075188270472015,0.05503721498375984,0.18086710817111518,1.0981160191272845,0.05413207668579652,2.646951602790542,0.6553747295616624
190,1.0634572891454375e-05,80.69964358198922,92.3052403872387,9.319457992430657,0,23185.58251953125,0.5604352749163105,0.0058065570500955175,0.015098982765990239,0.17984324501406762,0.9974798387096774,0.8201567549859324,0.9290994623655914,0.8617271505376344,0.999802488643097,0.9976350019708317,0.9932523616734144,0.9959404600811907,0.9391891891891891,1.0,0.0506875953206452,0.03372672813073281,0.10504792158001212,0.5641768650021605,0.033706051187329396,1.5631401551667081,0.5461968366176851,1.0357469924705063,0.17415906774050743,0.02210462679520359,0.2798277632984704,0.9866399465597863,0.7201722373784026,0.8390113560454242,0.6953907815631263,0.9936858721389108,0.9913385826771653,0.9574468085106383,0.9782608695652174,0.9047619047619048,0.8837209302325582,0.0717401173246966,0.05349680042776491,0.1739885179536217,1.0462512715147907,0.05295551603606485,2.614047507245937,0.6919277524979973
191,8.61816158340363e-06,80.36825431906618,92.68585044073596,9.147863639298306,0,23185.58251953125,0.5665327544494342,0.005683207234132394,0.015352091992334012,0.18183248530152024,0.9973118279569892,0.8181675146984798,0.9245631720430108,0.8615591397849462,1.0,0.9970437524635396,0.9879356568364611,0.9986449864498645,0.9523809523809523,1.0,0.050458636355175765,0.03406725459361589,0.10607955276325184,0.5937568513295983,0.03446245674164065,1.6004678421123053,0.54397823028667,1.0501421150081383,0.18996588619172067,0.021670425387874555,0.27950193373139254,0.9873079492317969,0.7204980665473198,0.8430193720774883,0.6920507682030728,0.9929133858267717,0.9929133858267717,0.9625668449197861,0.9782608695652174,0.925,0.8604651162790697,0.07235048656552812,0.05294813975223957,0.1751504606936244,1.0572255923896132,0.05239421937492743,2.6118876954755867,0.6349793270419419
192,6.812351880900818e-06,80.41624903306365,92.6305328782159,9.50400980569983,0,23185.58251953125,0.5608118907097848,0.007276294323937984,0.015140262712794606,0.17946511122488207,0.9973118279569892,0.8205348887751179,0.9284274193548387,0.8639112903225806,0.9996049772861939,0.9974379188017344,0.9932432432432432,0.9959349593495935,0.9395973154362416,1.0,0.05063174164263151,0.03443558834573274,0.10566542606039714,0.5522796486013679,0.03422181879080111,1.5816836568617052,0.5475132606362784,1.0622487340119973,0.19482065039482646,0.021748486501908176,0.2818932014859033,0.9873079492317969,0.7181067992307858,0.8316633266533067,0.6953907815631263,0.9905956112852664,0.9952755905511811,0.9782608695652174,0.9782608695652174,0.918918918918919,0.7906976744186046,0.0727729174640072,0.053693235239030204,0.17269031796044482,1.0612218700095504,0.053087991878201186,2.6652275905978624,0.6302541593909662
193,5.217693851074607e-06,80.32560705195647,92.73506013072287,9.163150413061983,0,23185.58251953125,0.5662352170354576,0.007569560775263326,0.01524750264962354,0.18113938454658754,0.9976478494623656,0.8188606154534125,0.9264112903225806,0.859375,0.9996052891257154,0.997832939322301,0.9945945945945946,0.9986431478968792,0.9448275862068966,0.9856115107913669,0.04981096136954523,0.034777926741748726,0.10746514140277781,0.5617867717819829,0.034180954899839175,1.6249721992400386,0.5461596356284234,1.0356502281321474,0.16857276088830317,0.021247848999016508,0.2819432074337222,0.9893119572478289,0.7180567928051742,0.8383433533734135,0.6887107548430194,0.992930086410055,0.9952755905511811,0.9782608695652174,0.9782608695652174,0.925,0.8604651162790697,0.07243447090357881,0.05207467437507155,0.17383707373956084,1.0072462455224578,0.05177042949335051,2.647992543721884,0.6723528959469232
194,3.834673242208694e-06,80.79697864199989,92.19404147530662,9.007630194387128,0,23185.58251953125,0.5634417655647442,0.009223342590166305,0.015221816687894765,0.17966553472703503,0.9966397849462365,0.8203344652729649,0.9265793010752689,0.8618951612903226,0.9994071146245059,0.9968460477035285,0.989247311827957,0.9959404600811907,0.9391891891891891,0.9928571428571429,0.05037688928586181,0.03457468694015857,0.10723264980059798,0.5739106577570721,0.03404595059973578,1.5627974092319448,0.5458737095837952,1.0328763320833028,0.16845400820958442,0.02183523005448187,0.28086236762299727,0.9853039412157648,0.7191376326158991,0.8363393453573814,0.6907147628590514,0.9929022082018928,0.9913385826771653,0.956989247311828,0.967391304347826,0.8837209302325582,0.8837209302325582,0.07261484737944109,0.05454243989331609,0.17800025455778093,1.0859086706229026,0.05235875449183788,2.6142698860041045,0.6440226708401341
195,2.663711335778116e-06,80.59922908095177,92.42023881541618,9.119555827110045,0,23185.58251953125,0.5588869176885133,0.007220349556362596,0.015348986121675661,0.17877252704353744,0.9969758064516129,0.8212274729564626,0.9272513440860215,0.8665994623655914,0.9998024105907923,0.9970443349753695,0.989247311827957,0.9959404600811907,0.9387755102040817,1.0,0.05060132336552425,0.0344497753928105,0.10601891160652202,0.5713088070192645,0.034065191563899797,1.5725863165752862,0.5510940026211483,1.0549702497028715,0.18722347979150455,0.021408850422941533,0.2821126395491815,0.9859719438877755,0.7178873611276916,0.8336673346693386,0.6833667334669339,0.9913522012578616,0.9929133858267717,0.967391304347826,0.967391304347826,0.9024390243902439,0.8604651162790697,0.07305377757620955,0.055529092101948854,0.18014922043284975,1.063081120839498,0.05263238145895775,2.6028810066625763,0.633464576247221
196,1.7051648181230602e-06,80.2301591479918,92.84538481669523,8.992202569079655,0,23185.58251953125,0.5611605839703673,0.007163633712959274,0.015149968015330454,0.17961566102120183,0.9971438172043011,0.8203843389787981,0.9280913978494624,0.8645833333333334,0.9996048992493086,0.9974374137591169,0.9919137466307277,0.9959404600811907,0.9391891891891891,0.9928571428571429,0.049353335473325946,0.033715539401577364,0.10730352364881064,0.5693859224037457,0.03389070471448283,1.5486363736532067,0.5494952866787551,1.031530006097489,0.17637887057327556,0.021456213198905796,0.27789830560276485,0.9873079492317969,0.7221016944370512,0.843687374749499,0.7020708082832331,0.9921445404556166,0.9944881889763779,0.9728260869565217,0.9728260869565217,0.9,0.8372093023255814,0.07214978574193472,0.05271036702947929,0.17252991863625322,1.038596413815587,0.05248994666413617,2.6723292369243694,0.6737068446381695
197,9.59325671798316e-07,80.70947134902235,92.2940006357783,9.550017946509906,0,23185.58251953125,0.5604182161310668,0.005739618567727169,0.015017960125440231,0.17988687817768384,0.9971438172043011,0.8201131218223161,0.926747311827957,0.8607190860215054,1.0,0.9970443349753695,0.9892328398384926,0.9972862957937585,0.9395973154362416,1.0,0.05033411720507248,0.03405810275705912,0.10592101870845723,0.5713133685370927,0.03388920095899413,1.5879819232930419,0.5476165721493382,1.0469903151990576,0.19130100211389575,0.02138410966766223,0.27810174003790916,0.9866399465597863,0.7218982604796996,0.843687374749499,0.6940547762191048,0.9921383647798742,0.9937007874015747,0.9672131147540983,0.9619565217391305,0.9047619047619048,0.8837209302325582,0.07339496141126654,0.0533367807895403,0.17679875551579233,1.0642543734115366,0.0529474394275255,2.565053095081765,0.6670662644869818
198,4.264210866329662e-07,80.54124511301052,92.48677481392325,8.879144889052196,0,23185.58251953125,0.5570706052164878,0.009155508222051217,0.015058221936386118,0.17761895797585928,0.9969758064516129,0.8223810420241408,0.9299395161290323,0.8687836021505376,0.9992104224240032,0.9974384236453202,0.9905277401894452,0.9932157394843962,0.9523809523809523,1.0,0.05026156299056545,0.034459763857465915,0.1059356005762213,0.5660954207502386,0.033828224305824564,1.557397839843586,0.5509211933741005,1.007743686616779,0.1537663780593185,0.021548294618417202,0.277476337406742,0.9879759519038076,0.7225236631506828,0.8390113560454242,0.7054108216432866,0.9921445404556166,0.9944881889763779,0.967391304347826,0.967391304347826,0.95,0.8837209302325582,0.07084326228063427,0.052354276777508264,0.17095596709088953,1.0580225239296954,0.05057732582729342,2.4899182826101423,0.6531051121000139
199,1.0661339052611121e-07,81.13155338307843,91.81384664025963,9.218526881228211,0,23185.58251953125,0.5659703682827694,0.0077454787544743876,0.015185665859970995,0.1810130746133866,0.9969758064516129,0.8189869253866134,0.9264112903225806,0.8570228494623656,0.9996051332675222,0.9972424660232421,0.9892037786774629,0.9959239130434783,0.9452054794520548,0.9928057553956835,0.05029964635288844,0.03426574831528048,0.10693098668770123,0.5887964856560512,0.03381373643154098,1.5815740458426937,0.5492443929436386,0.9801221569936596,0.11477351314410768,0.021436080203435782,0.28130418743064745,0.9899799599198397,0.7186958132064095,0.8309953239812959,0.6967267869071476,0.9937156323644933,0.9960629921259843,0.9835164835164835,0.9728260869565217,0.9047619047619048,0.8837209302325582,0.07107028916587652,0.05019767446046522,0.16425107587713675,1.0600648076038959,0.052163152831669404,2.7399692216871894,0.6513743607617253
200,0.0,80.72552365506999,92.27564793297148,8.66185127791538,0,23185.58251953125,0.5557441275606874,0.007216915640920859,0.015084831795144466,0.17781412665561963,0.9973118279569892,0.8221858733443803,0.9301075268817204,0.8664314516129032,0.9998024105907923,0.9974374137591169,0.9932614555256065,0.995945945945946,0.9328859060402684,1.0,0.050308258262693244,0.034311471406811025,0.10474006391020231,0.5539743413207352,0.03364501178504959,1.5534959576463188,0.5560140875718926,1.0551778761322848,0.1884535207121049,0.021472031371288485,0.281750770075447,0.9866399465597863,0.7182492298847369,0.8309953239812959,0.685370741482966,0.9936908517350158,0.9921259842519685,0.9623655913978495,0.9728260869565217,0.8837209302325582,0.8837209302325582,0.07379193662721154,0.05354042696650218,0.17716986175847993,1.0348509595484916,0.05048696518581393,2.660036437417478,0.6476183313485695
